#
# A fatal error has been detected by the Java Runtime Environment:
#
#  EXCEPTION_STACK_OVERFLOW (0xc00000fd) at pc=0x000002431f50e5c0, pid=14240, tid=12460
#
# JRE version: Java(TM) SE Runtime Environment (17.0.12+8) (build 17.0.12+8-LTS-286)
# Java VM: Java HotSpot(TM) 64-Bit Server VM (17.0.12+8-LTS-286, mixed mode, emulated-client, sharing, tiered, compressed oops, compressed class ptrs, g1 gc, windows-amd64)
# Problematic frame:
# J 75 c1 java.util.concurrent.ConcurrentHashMap.putVal(Ljava/lang/Object;Ljava/lang/Object;Z)Ljava/lang/Object; java.base@17.0.12 (432 bytes) @ 0x000002431f50e5c0 [0x000002431f50e5a0+0x0000000000000020]
#
# No core dump will be written. Minidumps are not enabled by default on client versions of Windows
#
# If you would like to submit a bug report, please visit:
#   https://bugreport.java.com/bugreport/crash.jsp
#

---------------  S U M M A R Y ------------

Command Line: -XX:TieredStopAtLevel=1 -Dspring.output.ansi.enabled=always -Dcom.sun.management.jmxremote -Dspring.jmx.enabled=true -Dspring.liveBeansView.mbeanDomain -Dspring.application.admin.enabled=true -Dmanagement.endpoints.jmx.exposure.include=* -javaagent:D:\idea\IDEA2024\IntelliJ IDEA 2024.2.1\lib\idea_rt.jar=62951:D:\idea\IDEA2024\IntelliJ IDEA 2024.2.1\bin -Dfile.encoding=UTF-8 com.daijia.ServiceDispatchApplication

Host: Intel(R) Core(TM) i5-1035G1 CPU @ 1.00GHz, 8 cores, 7G,  Windows 10 , 64 bit Build 19041 (10.0.19041.5915)
Time: Tue Mar  3 17:17:32 2026  Windows 10 , 64 bit Build 19041 (10.0.19041.5915) elapsed time: 777.724242 seconds (0d 0h 12m 57s)

---------------  T H R E A D  ---------------

Current thread (0x0000024376c4cfc0):  JavaThread "grpc-default-executor-1" daemon [_thread_in_Java, id=12460, stack(0x00000080d9400000,0x00000080d9500000)]

Stack: [0x00000080d9400000,0x00000080d9500000],  sp=0x00000080d94fdf98,  free space=1015k
Native frames: (J=compiled Java code, j=interpreted, Vv=VM code, C=native code)
C  0x000002431f50e5c0


siginfo: EXCEPTION_STACK_OVERFLOW (0xc00000fd), ExceptionInformation=0x0000000000000001 0x00000080d94f6f98 


Registers:
RAX=0x000000009417b660, RBX=0x00000000841a8438, RCX=0x0000000000000000, RDX=0x00000000841a8438
RSP=0x00000080d94fdf98, RBP=0x00000080d94fe3a0, RSI=0x000000009417b5f8, RDI=0x0000000000000001
R8 =0x000000009417b5f8, R9 =0x000000009417b660, R10=0x000002432a000000, R11=0x000002431f72da40
R12=0x0000000000000000, R13=0x00000080d94fe1b8, R14=0x0000000000000002, R15=0x0000024376c4cfc0
RIP=0x000002431f50e5c0, EFLAGS=0x0000000000010216


Register to memory mapping:

RIP=0x000002431f50e5c0 is at entry_point+32 in (nmethod*)0x000002431f50e310
Compiled method (c1)  777749   75   !   1       java.util.concurrent.ConcurrentHashMap::putVal (432 bytes)
 total in heap  [0x000002431f50e310,0x000002431f50fd10] = 6656
 relocation     [0x000002431f50e468,0x000002431f50e598] = 304
 main code      [0x000002431f50e5a0,0x000002431f50f4c0] = 3872
 stub code      [0x000002431f50f4c0,0x000002431f50f598] = 216
 metadata       [0x000002431f50f598,0x000002431f50f5a8] = 16
 scopes data    [0x000002431f50f5a8,0x000002431f50f9c8] = 1056
 scopes pcs     [0x000002431f50f9c8,0x000002431f50fba8] = 480
 dependencies   [0x000002431f50fba8,0x000002431f50fbb0] = 8
 handler table  [0x000002431f50fbb0,0x000002431f50fce8] = 312
 nul chk table  [0x000002431f50fce8,0x000002431f50fd10] = 40
RAX=0x000000009417b660 is an oop: java.lang.Object 
{0x000000009417b660} - klass: 'java/lang/Object'
 - ---- fields (total size 2 words):
RBX=0x00000000841a8438 is an oop: java.util.concurrent.ConcurrentHashMap 
{0x00000000841a8438} - klass: 'java/util/concurrent/ConcurrentHashMap'
 - ---- fields (total size 8 words):
 - transient 'keySet' 'Ljava/util/Set;' @12  NULL (0)
 - transient 'values' 'Ljava/util/Collection;' @16  NULL (0)
 - private volatile transient 'sizeCtl' 'I' @20  24576 (6000)
 - private volatile transient 'baseCount' 'J' @24  13688 (3578 0)
 - private volatile transient 'transferIndex' 'I' @32  0
 - private volatile transient 'cellsBusy' 'I' @36  0
 - volatile transient 'table' '[Ljava/util/concurrent/ConcurrentHashMap$Node;' @40  a 'java/util/concurrent/ConcurrentHashMap$Node'[32768] {0x0000000087a2f340} (87a2f340)
 - private volatile transient 'nextTable' '[Ljava/util/concurrent/ConcurrentHashMap$Node;' @44  NULL (0)
 - private volatile transient 'counterCells' '[Ljava/util/concurrent/ConcurrentHashMap$CounterCell;' @48  NULL (0)
 - private transient 'keySet' 'Ljava/util/concurrent/ConcurrentHashMap$KeySetView;' @52  NULL (0)
 - private transient 'values' 'Ljava/util/concurrent/ConcurrentHashMap$ValuesView;' @56  NULL (0)
 - private transient 'entrySet' 'Ljava/util/concurrent/ConcurrentHashMap$EntrySetView;' @60  NULL (0)
RCX=0x0 is NULL
RDX=0x00000000841a8438 is an oop: java.util.concurrent.ConcurrentHashMap 
{0x00000000841a8438} - klass: 'java/util/concurrent/ConcurrentHashMap'
 - ---- fields (total size 8 words):
 - transient 'keySet' 'Ljava/util/Set;' @12  NULL (0)
 - transient 'values' 'Ljava/util/Collection;' @16  NULL (0)
 - private volatile transient 'sizeCtl' 'I' @20  24576 (6000)
 - private volatile transient 'baseCount' 'J' @24  13689 (3579 0)
 - private volatile transient 'transferIndex' 'I' @32  0
 - private volatile transient 'cellsBusy' 'I' @36  0
 - volatile transient 'table' '[Ljava/util/concurrent/ConcurrentHashMap$Node;' @40  a 'java/util/concurrent/ConcurrentHashMap$Node'[32768] {0x0000000087a2f340} (87a2f340)
 - private volatile transient 'nextTable' '[Ljava/util/concurrent/ConcurrentHashMap$Node;' @44  NULL (0)
 - private volatile transient 'counterCells' '[Ljava/util/concurrent/ConcurrentHashMap$CounterCell;' @48  NULL (0)
 - private transient 'keySet' 'Ljava/util/concurrent/ConcurrentHashMap$KeySetView;' @52  NULL (0)
 - private transient 'values' 'Ljava/util/concurrent/ConcurrentHashMap$ValuesView;' @56  NULL (0)
 - private transient 'entrySet' 'Ljava/util/concurrent/ConcurrentHashMap$EntrySetView;' @60  NULL (0)
RSP=0x00000080d94fdf98 is pointing into the stack for thread: 0x0000024376c4cfc0
RBP=0x00000080d94fe3a0 is pointing into the stack for thread: 0x0000024376c4cfc0
RSI=0x000000009417b5f8 is an oop: java.lang.String 
{0x000000009417b5f8} - klass: 'java/lang/String'
 - string: "com.alibaba.nacos.shaded.io.grpc.internal.InternalSubchannel$4"
RDI=0x0000000000000001 is an unknown value
R8 =0x000000009417b5f8 is an oop: java.lang.String 
{0x000000009417b5f8} - klass: 'java/lang/String'
 - string: "com.alibaba.nacos.shaded.io.grpc.internal.InternalSubchannel$4"
R9 =0x000000009417b660 is an oop: java.lang.Object 
{0x000000009417b660} - klass: 'java/lang/Object'
 - ---- fields (total size 2 words):
R10=0x000002432a000000 is pointing into metadata
R11=0x000002431f72da40 is at entry_point+32 in (nmethod*)0x000002431f72d890
Compiled method (c1)  777783 1112       1       java.lang.ClassLoader::loadClass (7 bytes)
 total in heap  [0x000002431f72d890,0x000002431f72db58] = 712
 relocation     [0x000002431f72d9e8,0x000002431f72da20] = 56
 main code      [0x000002431f72da20,0x000002431f72dac0] = 160
 stub code      [0x000002431f72dac0,0x000002431f72db08] = 72
 metadata       [0x000002431f72db08,0x000002431f72db10] = 8
 scopes data    [0x000002431f72db10,0x000002431f72db20] = 16
 scopes pcs     [0x000002431f72db20,0x000002431f72db50] = 48
 dependencies   [0x000002431f72db50,0x000002431f72db58] = 8
R12=0x0 is NULL
R13=0x00000080d94fe1b8 is pointing into the stack for thread: 0x0000024376c4cfc0
R14=0x0000000000000002 is an unknown value
R15=0x0000024376c4cfc0 is a thread


Top of Stack: (sp=0x00000080d94fdf98)
0x00000080d94fdf98:   000002431f701ad4 00000080d94fe577
0x00000080d94fdfa8:   00000000000007d0 0000000000000007
0x00000080d94fdfb8:   0000000000000001 0000000000000000
0x00000080d94fdfc8:   00007ff96acdf0b0 0000024315a23940
0x00000080d94fdfd8:   00000080d94fe000 0000000000000026
0x00000080d94fdfe8:   00000080d94fdfc8 0000000000000000
0x00000080d94fdff8:   00007ff8ea97ecfd 00000080d94fedb0
0x00000080d94fe008:   0000000700000007 0000000000000000
0x00000080d94fe018:   00000000ffffffff 0000000000000000
0x00000080d94fe028:   00007ff8ea9daa8c 000000009417b660
0x00000080d94fe038:   000000009417b5f8 00000000842be000
0x00000080d94fe048:   0000000000000000 0000000000000010
0x00000080d94fe058:   0000000000000003 0000000000000000
0x00000080d94fe068:   00000080d94fe078 0000000000000007
0x00000080d94fe078:   003131372e373737 0000000000000000
0x00000080d94fe088:   0000000000000000 0000000000000000 

Instructions: (pc=0x000002431f50e5c0)
0x000002431f50e4c0:   0e 64 08 64 1b 64 18 64 1b 64 18 64 1a 64 18 64
0x000002431f50e4d0:   0a 64 0e 64 18 64 0e 64 05 64 16 64 18 64 0d 64
0x000002431f50e4e0:   1b 64 18 64 1b 64 18 64 1b 64 18 64 0a c0 0f 64
0x000002431f50e4f0:   0a c0 0f 64 0e 64 05 64 16 64 18 64 16 64 e8 f3
0x000002431f50e500:   0a 80 11 64 e5 f3 05 80 11 64 b3 f3 05 80 11 64
0x000002431f50e510:   05 c0 0f 64 0d 64 0d 64 16 64 31 64 19 00 01 f8
0x000002431f50e520:   9b ff 05 50 00 c0 0a 64 01 f8 39 ff 06 50 00 c0
0x000002431f50e530:   0a 64 01 f8 e9 fc 06 50 00 c0 0a 64 01 f8 23 fc
0x000002431f50e540:   06 50 00 c0 0a 64 01 f8 73 fa 06 50 00 c0 0a 64
0x000002431f50e550:   01 f8 63 f7 06 50 00 c0 0a 64 01 f8 c1 f5 06 50
0x000002431f50e560:   00 c0 0a 64 01 f8 49 f5 06 50 00 c0 0a 64 01 f8
0x000002431f50e570:   f9 f4 06 50 00 c0 0a 64 01 f8 71 f4 06 50 00 c0
0x000002431f50e580:   0a 64 05 64 03 f8 96 ea 90 f0 f8 7f 05 70 0e 60
0x000002431f50e590:   01 f8 ee fc 0e 90 0c 64 00 00 00 00 00 00 00 00
0x000002431f50e5a0:   44 8b 52 08 49 bb 00 00 00 2a 43 02 00 00 4d 03
0x000002431f50e5b0:   d3 4c 3b d0 0f 85 c6 e9 f2 ff 66 0f 1f 44 00 00
0x000002431f50e5c0:   89 84 24 00 90 ff ff 55 48 81 ec 30 01 00 00 48
0x000002431f50e5d0:   89 94 24 a8 00 00 00 4c 89 84 24 b0 00 00 00 4c
0x000002431f50e5e0:   89 8c 24 b8 00 00 00 89 bc 24 c0 00 00 00 49 83
0x000002431f50e5f0:   f8 00 0f 84 cc 0a 00 00 49 83 f9 00 0f 84 c2 0a
0x000002431f50e600:   00 00 49 8b d0 48 b8 ff ff ff ff ff ff ff ff e8
0x000002431f50e610:   7c 03 fe ff 48 8b d0 c1 ea 10 48 33 d0 81 e2 ff
0x000002431f50e620:   ff ff 7f 89 94 24 c8 00 00 00 48 8b b4 24 a8 00
0x000002431f50e630:   00 00 8b 7e 28 bb 00 00 00 00 89 9c 24 c4 00 00
0x000002431f50e640:   00 0f 1f 80 00 00 00 00 48 83 ff 00 0f 84 0c 00
0x000002431f50e650:   00 00 8b 4f 0c 83 f9 00 0f 85 29 00 00 00 48 8b
0x000002431f50e660:   d6 66 0f 1f 44 00 00 e8 74 1a 49 00 8b 9c 24 c4
0x000002431f50e670:   00 00 00 8b bc 24 c0 00 00 00 4c 8b 8c 24 b8 00
0x000002431f50e680:   00 00 e9 ef 08 00 00 ff c9 23 8c 24 c8 00 00 00
0x000002431f50e690:   48 63 d1 89 8c 24 e8 00 00 00 b9 02 00 00 00 48
0x000002431f50e6a0:   d3 e2 49 ba 10 00 00 00 00 00 00 00 49 03 d2 8b
0x000002431f50e6b0:   34 17 48 8b c7 48 b9 0c 00 00 00 00 00 00 00 48 


Stack slot to memory mapping:
stack at sp + 0 slots: 0x000002431f701ad4 is at entry_point+212 in (nmethod*)0x000002431f701790
Compiled method (c1)  777832 1007   !   1       jdk.internal.loader.BuiltinClassLoader::loadClassOrNull (143 bytes)
 total in heap  [0x000002431f701790,0x000002431f7028e8] = 4440
 relocation     [0x000002431f7018e8,0x000002431f7019f8] = 272
 main code      [0x000002431f701a00,0x000002431f7020a0] = 1696
 stub code      [0x000002431f7020a0,0x000002431f7021b8] = 280
 metadata       [0x000002431f7021b8,0x000002431f702240] = 136
 scopes data    [0x000002431f702240,0x000002431f702488] = 584
 scopes pcs     [0x000002431f702488,0x000002431f702668] = 480
 dependencies   [0x000002431f702668,0x000002431f702680] = 24
 handler table  [0x000002431f702680,0x000002431f7028a8] = 552
 nul chk table  [0x000002431f7028a8,0x000002431f7028e8] = 64
stack at sp + 1 slots: 0x00000080d94fe577 is pointing into the stack for thread: 0x0000024376c4cfc0
stack at sp + 2 slots: 0x00000000000007d0 is an unknown value
stack at sp + 3 slots: 0x0000000000000007 is an unknown value
stack at sp + 4 slots: 0x0000000000000001 is an unknown value
stack at sp + 5 slots: 0x0 is NULL
stack at sp + 6 slots: 0x00007ff96acdf0b0 ucrtbase.dll
stack at sp + 7 slots: 0x0000024315a23940 points into unknown readable memory: 0x000003a800000002 | 02 00 00 00 a8 03 00 00


Compiled method (c1)  777893   75   !   1       java.util.concurrent.ConcurrentHashMap::putVal (432 bytes)
 total in heap  [0x000002431f50e310,0x000002431f50fd10] = 6656
 relocation     [0x000002431f50e468,0x000002431f50e598] = 304
 main code      [0x000002431f50e5a0,0x000002431f50f4c0] = 3872
 stub code      [0x000002431f50f4c0,0x000002431f50f598] = 216
 metadata       [0x000002431f50f598,0x000002431f50f5a8] = 16
 scopes data    [0x000002431f50f5a8,0x000002431f50f9c8] = 1056
 scopes pcs     [0x000002431f50f9c8,0x000002431f50fba8] = 480
 dependencies   [0x000002431f50fba8,0x000002431f50fbb0] = 8
 handler table  [0x000002431f50fbb0,0x000002431f50fce8] = 312
 nul chk table  [0x000002431f50fce8,0x000002431f50fd10] = 40

[Constant Pool (empty)]

[MachCode]
[Entry Point]
  # {method} {0x000002432a434258} 'putVal' '(Ljava/lang/Object;Ljava/lang/Object;Z)Ljava/lang/Object;' in 'java/util/concurrent/ConcurrentHashMap'
  # this:     rdx:rdx   = 'java/util/concurrent/ConcurrentHashMap'
  # parm0:    r8:r8     = 'java/lang/Object'
  # parm1:    r9:r9     = 'java/lang/Object'
  # parm2:    rdi       = boolean
  #           [sp+0x140]  (sp of caller)
  0x000002431f50e5a0: 448b 5208 | 49bb 0000 | 002a 4302 | 0000 4d03 | d34c 3bd0 

  0x000002431f50e5b4: ;   {runtime_call ic_miss_stub}
  0x000002431f50e5b4: 0f85 c6e9 | f2ff 660f | 1f44 0000 
[Verified Entry Point]
  0x000002431f50e5c0: 8984 2400 | 90ff ff55 | 4881 ec30 | 0100 0048 | 8994 24a8 | 0000 004c | 8984 24b0 | 0000 004c 
  0x000002431f50e5e0: 898c 24b8 | 0000 0089 | bc24 c000 | 0000 4983 | f800 0f84 | cc0a 0000 | 4983 f900 | 0f84 c20a 
  0x000002431f50e600: 0000 498b | d048 b8ff | ffff ffff 

  0x000002431f50e60c: ;   {virtual_call}
  0x000002431f50e60c: ffff ffe8 

  0x000002431f50e610: ; ImmutableOopMap {[176]=Oop [168]=Oop [184]=Oop }
                      ;*invokevirtual hashCode {reexecute=0 rethrow=0 return_oop=0}
                      ; - java.util.concurrent.ConcurrentHashMap::putVal@17 (line 1012)
  0x000002431f50e610: 7c03 feff | 488b d0c1 | ea10 4833 | d081 e2ff | ffff 7f89 | 9424 c800 | 0000 488b | b424 a800 
  0x000002431f50e630: 0000 8b7e | 28bb 0000 | 0000 899c | 24c4 0000 | 000f 1f80 | 0000 0000 | 4883 ff00 | 0f84 0c00 
  0x000002431f50e650: 0000 8b4f | 0c83 f900 | 0f85 2900 | 0000 488b | d666 0f1f 

  0x000002431f50e664: ;   {optimized virtual_call}
  0x000002431f50e664: 4400 00e8 

  0x000002431f50e668: ; ImmutableOopMap {[184]=Oop [176]=Oop [168]=Oop }
                      ;*invokevirtual initTable {reexecute=0 rethrow=0 return_oop=0}
                      ; - java.util.concurrent.ConcurrentHashMap::putVal@49 (line 1017)
  0x000002431f50e668: 741a 4900 | 8b9c 24c4 | 0000 008b | bc24 c000 | 0000 4c8b | 8c24 b800 | 0000 e9ef | 0800 00ff 
  0x000002431f50e688: c923 8c24 | c800 0000 | 4863 d189 | 8c24 e800 | 0000 b902 | 0000 0048 | d3e2 49ba | 1000 0000 
  0x000002431f50e6a8: 0000 0000 | 4903 d28b | 3417 488b | c748 b90c | 0000 0000 | 0000 0048 | 3bd1 0f85 | 3800 0000 
  0x000002431f50e6c8: 4883 f800 | 0f84 2e00 | 0000 8b40 | 0849 ba00 | 0000 2a43 | 0200 0049 | 03c2 0fbe | 8034 0100 
  0x000002431f50e6e8: 0083 f800 | 0f84 0e00 | 0000 410f | be47 3883 | f800 0f85 | 8f0a 0000 | 4883 fe00 | 0f84 2900 
  0x000002431f50e708: ;   {metadata('java/util/concurrent/ConcurrentHashMap$Node')}
  0x000002431f50e708: 0000 49b8 | e06e 192a | 4302 0000 | 8b4e 0849 | ba00 0000 | 2a43 0200 | 0049 03ca | 4c3b 4138 
  0x000002431f50e728: 0f85 790a | 0000 e900 | 0000 0048 | 89b4 24d0 | 0000 0048 | 83fe 004c | 8bda 0f85 | 3a01 0000 
  0x000002431f50e748: 8b94 24c8 | 0000 004c | 8b8c 24b8 | 0000 004c | 8b84 24b0 | 0000 004c 

  0x000002431f50e760: ;   {metadata('java/util/concurrent/ConcurrentHashMap$Node')}
  0x000002431f50e760: 8bea 48ba | e06e 192a | 4302 0000 | 4c8b f749 | 8b87 0801 | 0000 488d | 7820 493b | bf18 0100 
  0x000002431f50e780: 000f 8729 | 0a00 0049 | 89bf 0801 | 0000 48c7 | 0001 0000 | 0048 8bca | 49ba 0000 | 002a 4302 
  0x000002431f50e7a0: 0000 492b | ca89 4808 | 4833 c989 | 480c 4833 | c948 8948 | 1048 8948 | 1848 8bd0 | 4489 6a0c 
  0x000002431f50e7c0: 410f be47 | 3883 f800 | 0f85 ef09 | 0000 4d8b | d044 8952 | 1048 8bc2 | 4933 c048 | c1e8 1448 
  0x000002431f50e7e0: 83f8 000f | 85ef 0900 | 0041 0fbe | 4738 83f8 | 000f 85f9 | 0900 004d | 8bd1 4489 | 5214 f083 
  0x000002431f50e800: 4424 c000 | 488b c249 | 33c1 48c1 | e814 4883 | f800 0f85 | f309 0000 | 4b8d 341e | 410f be47 
  0x000002431f50e820: 3883 f800 | 0f85 f909 

  0x000002431f50e828: ;   {oop(NULL)}
  0x000002431f50e828: 0000 48b8 | 0000 0000 | 0000 0000 | 4c8b d2f0 | 440f b116 | bf01 0000 | 000f 8405 | 0000 00bf 
  0x000002431f50e848: 0000 0000 | 488b de48 | 33da 48c1 | eb14 4883 | fb00 0f85 | dd09 0000 | 83e7 0183 | ff00 0f85 
  0x000002431f50e868: c807 0000 | 498b c68b | 9c24 c400 | 0000 8bbc | 24c0 0000 | 00e9 f406 | 0000 4c8b | f744 8bac 
  0x000002431f50e888: 24c8 0000 | 004c 8b8c | 24b8 0000 | 004c 8b84 | 24b0 0000 | 008b 7e0c | 83ff ff0f | 852e 0000 
  0x000002431f50e8a8: 004d 8bc6 | 4c8b ce48 | 8b94 24a8 

  0x000002431f50e8b4: ;   {optimized virtual_call}
  0x000002431f50e8b4: 0000 00e8 

  0x000002431f50e8b8: ; ImmutableOopMap {[168]=Oop [176]=Oop [184]=Oop }
                      ;*invokevirtual helpTransfer {reexecute=0 rethrow=0 return_oop=0}
                      ; - java.util.concurrent.ConcurrentHashMap::putVal@120 (line 1023)
  0x000002431f50e8b8: 290c 0000 | 8b9c 24c4 | 0000 008b | bc24 c000 | 0000 4c8b | 8c24 b800 | 0000 e99f | 0600 008b 
  0x000002431f50e8d8: 8424 c000 | 0000 83f8 | 000f 8512 | 0000 0089 | bc24 cc00 | 0000 498b | d349 8bfe | e9d6 0000 
  0x000002431f50e8f8: 003b bc24 | c800 0000 | 0f84 1200 | 0000 89bc | 24cc 0000 | 0049 8bd3 | 498b fee9 | b700 0000 
  0x000002431f50e918: 4c8b 8424 | b000 0000 | 8b56 1049 | 3bd0 0f85 | 1c00 0000 | 89bc 24cc | 0000 004c | 899c 24d8 
  0x000002431f50e938: 0000 004c | 89b4 24e0 | 0000 00e9 | 6a00 0000 | 4883 fa00 | 89bc 24cc | 0000 000f | 850b 0000 
  0x000002431f50e958: 0049 8bd3 | 498b fee9 | 6b00 0000 | 4c89 9c24 | d800 0000 | 4c89 b424 | e000 0000 | 4d8b d84c 
  0x000002431f50e978: 8bc2 498b | d348 b8ff | ffff ffff 

  0x000002431f50e984: ;   {virtual_call}
  0x000002431f50e984: ffff ffe8 

  0x000002431f50e988: ; ImmutableOopMap {[168]=Oop [184]=Oop [224]=Oop [208]=Oop [176]=Oop }
                      ;*invokevirtual equals {reexecute=0 rethrow=0 return_oop=0}
                      ; - java.util.concurrent.ConcurrentHashMap::putVal@159 (line 1026)
  0x000002431f50e988: 5400 feff | 83f8 0048 | 8bb4 24d0 | 0000 000f | 8515 0000 | 0048 8b94 | 24d8 0000 | 0048 8bbc 
  0x000002431f50e9a8: 24e0 0000 | 00e9 1d00 | 0000 8b7e | 1448 83ff | 000f 855c | 0600 0048 | 8b94 24d8 | 0000 0048 
  0x000002431f50e9c8: 8bbc 24e0 | 0000 004c | 8d84 2418 | 0100 0049 | 8970 0848 | 8b06 4883 | c801 4989 | 00f0 4c0f 
  0x000002431f50e9e8: b106 0f84 | 1200 0000 | 482b c448 | 2507 f0ff | ff49 8900 | 0f85 5808 | 0000 448b | 0417 488b 
  0x000002431f50ea08: df48 b80c | 0000 0000 | 0000 0048 | 3bd0 0f85 | 3800 0000 | 4883 fb00 | 0f84 2e00 | 0000 8b53 
  0x000002431f50ea28: 0849 ba00 | 0000 2a43 | 0200 0049 | 03d2 0fbe | 9234 0100 | 0083 fa00 | 0f84 0e00 | 0000 410f 
  0x000002431f50ea48: be57 3883 | fa00 0f85 | 1908 0000 | 4983 f800 | 0f84 2a00 

  0x000002431f50ea5c: ;   {metadata('java/util/concurrent/ConcurrentHashMap$Node')}
  0x000002431f50ea5c: 0000 48b8 | e06e 192a | 4302 0000 | 418b 5808 | 49ba 0000 | 002a 4302 | 0000 4903 | da48 3b43 
  0x000002431f50ea7c: 380f 8502 | 0800 00e9 | 0000 0000 | 4c3b c60f | 842d 0000 | 008b 9c24 | c400 0000 

  0x000002431f50ea98: ;   {oop(NULL)}
  0x000002431f50ea98: 48be 0000 | 0000 0000 | 0000 4889 | bc24 e000 | 0000 8bbc | 24c0 0000 | 004c 8b8c | 24b8 0000 
  0x000002431f50eab8: 00e9 8404 | 0000 448b | 8424 cc00 | 0000 4183 | f800 0f8c | 6502 0000 | 488b deb8 | 0100 0000 
  0x000002431f50ead8: 8984 24ec | 0000 0048 | 89bc 24e0 | 0000 0090 | 8b94 24c8 | 0000 004c | 8b84 24b0 | 0000 008b 
  0x000002431f50eaf8: 4b0c 3bca | 0f85 4b00 | 0000 8b4b | 1049 3bc8 | 0f84 8600 | 0000 4883 | f900 0f84 | 3500 0000 
  0x000002431f50eb18: 4889 9c24 | f000 0000 | 4d8b c84c | 8bc1 498b | d10f 1f40 | 0048 b8ff | ffff ffff 

  0x000002431f50eb34: ;   {virtual_call}
  0x000002431f50eb34: ffff ffe8 

  0x000002431f50eb38: ; ImmutableOopMap {[168]=Oop [184]=Oop [208]=Oop [224]=Oop [176]=Oop [240]=Oop [288]=Oop }
                      ;*invokevirtual equals {reexecute=0 rethrow=0 return_oop=0}
                      ; - java.util.concurrent.ConcurrentHashMap::putVal@242 (line 1039)
  0x000002431f50eb38: a4fe fdff | 83f8 0048 | 8b9c 24f0 | 0000 000f | 8533 0000 | 008b 5318 | 4883 fa00 | 0f84 be00 
  0x000002431f50eb58: 0000 8b84 | 24ec 0000 | 00ff c04d | 8b97 5003 

  0x000002431f50eb68: ; ImmutableOopMap {[168]=Oop [184]=Oop [208]=Oop [224]=Oop [176]=Oop rdx=Oop [288]=Oop }
                      ;*goto {reexecute=1 rethrow=0 return_oop=0}
                      ; - (reexecute) java.util.concurrent.ConcurrentHashMap::putVal@305 (line 1035)
                      ;   {poll}
  0x000002431f50eb68: 0000 4185 | 0248 8bda | 4c8b c044 | 8984 24ec | 0000 00e9 | 68ff ffff | 448b 8424 | ec00 0000 
  0x000002431f50eb88: 8bbc 24c0 | 0000 00e9 | 0f00 0000 | 8bbc 24c0 | 0000 0044 | 8b84 24ec | 0000 008b | 5314 83ff 
  0x000002431f50eba8: 000f 841d | 0000 0044 | 8bac 24c8 | 0000 004c | 8b8c 24b8 | 0000 004c | 8b9c 24b0 | 0000 00e9 
  0x000002431f50ebc8: 5701 0000 | 4c8b 8c24 | b800 0000 | 410f be77 | 3883 fe00 | 0f85 b106 | 0000 4d8b | d144 8953 
  0x000002431f50ebe8: 14f0 8344 | 24c0 0048 | 8bf3 4933 | f148 c1ee | 1448 83fe | 000f 85ab | 0600 0044 | 8bac 24c8 
  0x000002431f50ec08: 0000 004c | 8b9c 24b0 | 0000 00e9 | 0b01 0000 | 448b 8424 | ec00 0000 | 8b94 24c8 | 0000 004c 
  0x000002431f50ec28: 8b8c 24b8 | 0000 004c | 8b9c 24b0 | 0000 004c 

  0x000002431f50ec38: ;   {metadata('java/util/concurrent/ConcurrentHashMap$Node')}
  0x000002431f50ec38: 8bea 48ba | e06e 192a | 4302 0000 | 498b 8708 | 0100 0048 | 8d78 2049 | 3bbf 1801 | 0000 0f87 
  0x000002431f50ec58: 6a06 0000 | 4989 bf08 | 0100 0048 | c700 0100 | 0000 488b | ca49 ba00 | 0000 2a43 | 0200 0049 
  0x000002431f50ec78: 2bca 8948 | 0848 33c9 | 8948 0c48 | 33c9 4889 | 4810 4889 | 4818 4489 | 680c 410f | be7f 3883 
  0x000002431f50ec98: ff00 0f85 | 3306 0000 | 4d8b d344 | 8950 1048 | 8bf8 4933 | fb48 c1ef | 1448 83ff | 000f 8533 
  0x000002431f50ecb8: 0600 0041 | 0fbe 7f38 | 83ff 000f | 853d 0600 | 004d 8bd1 | 4489 5014 | f083 4424 | c000 488b 
  0x000002431f50ecd8: f849 33f9 | 48c1 ef14 | 4883 ff00 | 0f85 3706 | 0000 410f | be7f 3883 | ff00 0f85 | 4106 0000 
  0x000002431f50ecf8: 4c8b d044 | 8953 18f0 | 8344 24c0 | 0048 8bfb | 4833 f848 | c1ef 1448 | 83ff 000f | 853b 0600 
  0x000002431f50ed18: ;   {oop(NULL)}
  0x000002431f50ed18: 0048 ba00 | 0000 0000 | 0000 0048 | 8bf2 498b | d88b bc24 | c000 0000 | e90d 0200 | 0048 89bc 
  0x000002431f50ed38: 24e0 0000 | 0044 8bac | 24c8 0000 | 004c 8b8c | 24b8 0000 | 004c 8b9c | 24b0 0000 | 0048 83fe 
  0x000002431f50ed58: 000f 8451 | 0000 0090 

  0x000002431f50ed60: ;   {metadata('java/util/concurrent/ConcurrentHashMap$TreeBin')}
  0x000002431f50ed60: 48bb e009 | 2f2b 4302 | 0000 8b56 | 0849 ba00 | 0000 2a43 | 0200 0049 | 03d2 483b | d30f 8432 
  0x000002431f50ed80: 0000 008b | 7b14 483b | 1c3a 0f84 | 2500 0000 | 83ff 200f | 8517 0000 

  0x000002431f50ed98: ;   {runtime_call slow_subtype_check Runtime1 stub}
  0x000002431f50ed98: 0052 53e8 | 60a9 fdff | 5a5b 83fb | 000f 8405 | 0000 00e9 | 0500 0000 | 4d33 c0eb | 0a49 b801 
  0x000002431f50edb8: 0000 0000 | 0000 0041 | 83f8 000f | 8416 0100 | 0048 83fe | 000f 8457 | 0000 000f | 1f44 0000 
  0x000002431f50edd8: ;   {metadata('java/util/concurrent/ConcurrentHashMap$TreeBin')}
  0x000002431f50edd8: 48b8 e009 | 2f2b 4302 | 0000 8b5e | 0849 ba00 | 0000 2a43 | 0200 0049 | 03da 483b | d80f 842f 
  0x000002431f50edf8: 0000 0044 | 8b40 144a | 3b04 030f | 8421 0000 | 0041 83f8 | 200f 858b | 0500 0053 

  0x000002431f50ee14: ;   {runtime_call slow_subtype_check Runtime1 stub}
  0x000002431f50ee14: 50e8 e6a8 | fdff 5b58 | 83f8 000f | 8479 0500 | 00e9 0000 | 0000 488b | d64d 8bc5 | 498b d94d 
  0x000002431f50ee34: 8bcb 488b | fb0f 1f40 | 0048 b810 | 0587 7043 

  0x000002431f50ee44: ;   {virtual_call}
  0x000002431f50ee44: 0200 00e8 

  0x000002431f50ee48: ; ImmutableOopMap {[168]=Oop [224]=Oop [184]=Oop [176]=Oop [208]=Oop [288]=Oop }
                      ;*invokevirtual putTreeVal {reexecute=0 rethrow=0 return_oop=0}
                      ; - java.util.concurrent.ConcurrentHashMap::putVal@331 (line 1055)
  0x000002431f50ee48: e474 f0ff | 4883 f800 | 0f85 1e00 

  0x000002431f50ee54: ;   {oop(NULL)}
  0x000002431f50ee54: 0000 48b8 | 0000 0000 | 0000 0000 | 8bbc 24c0 | 0000 004c | 8b8c 24b8 | 0000 00e9 | 5e00 0000 
  0x000002431f50ee74: 8bbc 24c0 | 0000 0044 | 8b40 1483 | ff00 0f84 | 1000 0000 | 498b c04c | 8b8c 24b8 | 0000 00e9 
  0x000002431f50ee94: 3a00 0000 | 4c8b 8c24 | b800 0000 | 410f be57 | 3883 fa00 | 0f85 fe04 | 0000 4d8b | d144 8950 
  0x000002431f50eeb4: 14f0 8344 | 24c0 0048 | 8bd0 4933 | d148 c1ea | 1448 83fa | 000f 85f8 | 0400 0049 | 8bc0 488b 
  0x000002431f50eed4: f0bb 0200 | 0000 e963 | 0000 008b | bc24 c000 | 0000 4883 | fe00 0f84 | 2900 0000 

  0x000002431f50eef0: ;   {metadata('java/util/concurrent/ConcurrentHashMap$ReservationNode')}
  0x000002431f50eef0: 48bb 8073 | 192a 4302 | 0000 448b | 4608 49ba | 0000 002a | 4302 0000 | 4d03 c249 | 3bd8 0f85 
  0x000002431f50ef10: 0500 0000 | e905 0000 | 0048 33c0 | eb0a 48b8 | 0100 0000 | 0000 0000 | 83f8 000f | 854b 0100 
  0x000002431f50ef30: 008b 9c24 | c400 0000 

  0x000002431f50ef38: ;   {oop(NULL)}
  0x000002431f50ef38: 48be 0000 | 0000 0000 | 0000 488d | 8424 1801 | 0000 4c8b | 004d 85c0 | 0f84 0f00 | 0000 488b 
  0x000002431f50ef58: 5008 f04c | 0fb1 020f | 857a 0400 | 0083 fb00 | 0f85 2c00 | 0000 488b | 8424 e000 | 0000 4d8b 
  0x000002431f50ef78: 9750 0300 

  0x000002431f50ef7c: ; ImmutableOopMap {[168]=Oop [176]=Oop r9=Oop [184]=Oop rax=Oop }
                      ;*goto {reexecute=1 rethrow=0 return_oop=0}
                      ; - (reexecute) java.util.concurrent.ConcurrentHashMap::putVal@420 (line 1074)
                      ;   {poll}
  0x000002431f50ef7c: 0041 8502 | 4c8b c089 | 9c24 c400 | 0000 488b | b424 a800 | 0000 498b | f8e9 aef6 | ffff 4c8b 
  0x000002431f50ef9c: 8424 e000 | 0000 83fb | 080f 8d0c | 0000 0089 | 9c24 0001 | 0000 e935 | 0000 0048 | 89b4 24f8 
  0x000002431f50efbc: 0000 0089 | 9c24 0001 | 0000 8b8c | 24e8 0000 | 004c 8bc9 | 488b 9424 | a800 0000 | 0f1f 8000 
  0x000002431f50efdc: ;   {optimized virtual_call}
  0x000002431f50efdc: 0000 00e8 

  0x000002431f50efe0: ; ImmutableOopMap {[168]=Oop [248]=Oop }
                      ;*invokevirtual treeifyBin {reexecute=0 rethrow=0 return_oop=0}
                      ; - java.util.concurrent.ConcurrentHashMap::putVal@409 (line 1068)
  0x000002431f50efe0: 4105 0000 | 488b b424 | f800 0000 | 4883 fe00 | 0f85 0c00 | 0000 8b9c | 2400 0100 | 00e9 3900 
  0x000002431f50f000: 0000 488b | c648 81c4 | 3001 0000 

  0x000002431f50f00c: ;   {poll_return}
  0x000002431f50f00c: 5d49 3ba7 | 4803 0000 | 0f87 db03 | 0000 c348 | 8bc7 4881 | c430 0100 

  0x000002431f50f024: ;   {poll_return}
  0x000002431f50f024: 005d 493b | a748 0300 | 000f 87d8 | 0300 00c3 | 8b9c 24c4 | 0000 0048 | 8b94 24a8 | 0000 0049 
  0x000002431f50f044: b801 0000 | 0000 0000 | 004c 8bcb | 0f1f 8000 

  0x000002431f50f054: ;   {optimized virtual_call}
  0x000002431f50f054: 0000 00e8 

  0x000002431f50f058: ; ImmutableOopMap {}
                      ;*invokevirtual addCount {reexecute=0 rethrow=0 return_oop=0}
                      ; - java.util.concurrent.ConcurrentHashMap::putVal@427 (line 1075)
  0x000002431f50f058: 44ce ffff 

  0x000002431f50f05c: ;   {oop(NULL)}
  0x000002431f50f05c: 48b8 0000 | 0000 0000 | 0000 4881 | c430 0100 

  0x000002431f50f06c: ;   {poll_return}
  0x000002431f50f06c: 005d 493b | a748 0300 | 000f 87a6 | 0300 00c3 | 0f1f 4000 

  0x000002431f50f080: ;   {no_reloc}
  0x000002431f50f080: e9c1 0300 | 0000 0000 | 0000 e9c1 

  0x000002431f50f08c: ;   {oop("Recursive update"{0x0000000084488a10})}
  0x000002431f50f08c: 0300 0049 | b810 8a48 | 8400 0000 | 0048 8bd0 | 4889 8424 | 0801 0000 

  0x000002431f50f0a4: ;   {optimized virtual_call}
  0x000002431f50f0a4: 6666 90e8 

  0x000002431f50f0a8: ; ImmutableOopMap {[208]=Oop [264]=Oop [288]=Oop }
                      ;*invokespecial <init> {reexecute=0 rethrow=0 return_oop=0}
                      ; - java.util.concurrent.ConcurrentHashMap::putVal@374 (line 1063)
  0x000002431f50f0a8: 54e4 f2ff | 488b 8424 

  0x000002431f50f0b0: ; ImmutableOopMap {[208]=Oop [288]=Oop rax=Oop }
                      ;*athrow {reexecute=1 rethrow=0 return_oop=0}
                      ; - (reexecute) java.util.concurrent.ConcurrentHashMap::putVal@377 (line 1063)
  0x000002431f50f0b0: 0801 0000 

  0x000002431f50f0b4: ;   {section_word}
  0x000002431f50f0b4: 48ba b4f0 | 501f 4302 

  0x000002431f50f0bc: ;   {runtime_call handle_exception_nofpu Runtime1 stub}
  0x000002431f50f0bc: 0000 e83d | 8dfd ff90 

  0x000002431f50f0c4: ;   {metadata('java/lang/NullPointerException')}
  0x000002431f50f0c4: 48ba a0c4 | 082a 4302 | 0000 498b | 8708 0100 | 0048 8d78 | 3049 3bbf | 1801 0000 | 0f87 7703 
  0x000002431f50f0e4: 0000 4989 | bf08 0100 | 0048 c700 | 0100 0000 | 488b ca49 | ba00 0000 | 2a43 0200 | 0049 2bca 
  0x000002431f50f104: 8948 0848 | 33c9 8948 | 0c48 33c9 | 4889 4810 | 4889 4818 | 4889 4820 | 4889 4828 | 488b d048 
  0x000002431f50f124: 8984 2410 | 0100 000f 

  0x000002431f50f12c: ;   {optimized virtual_call}
  0x000002431f50f12c: 1f40 00e8 

  0x000002431f50f130: ; ImmutableOopMap {[272]=Oop }
                      ;*invokespecial <init> {reexecute=0 rethrow=0 return_oop=0}
                      ; - java.util.concurrent.ConcurrentHashMap::putVal@12 (line 1011)
  0x000002431f50f130: cce3 f2ff | 488b 8424 | 1001 0000 | e95e 0300 | 0049 8b87 | d803 0000 | 4d33 d24d | 8997 d803 
  0x000002431f50f150: 0000 4d33 | d24d 8997 | e003 0000 | 488b f048 | 8d84 2418 | 0100 0048 | 8b38 4885 | ff0f 840f 
  0x000002431f50f170: 0000 0048 | 8b58 08f0 | 480f b13b | 0f85 e802 | 0000 488b | c6e9 1503 

  0x000002431f50f188: ;   {runtime_call throw_null_pointer_exception Runtime1 stub}
  0x000002431f50f188: 0000 e891 

  0x000002431f50f18c: ; ImmutableOopMap {rsi=Oop [168]=Oop [176]=Oop [184]=Oop rdi=Oop }
                      ;*arraylength {reexecute=0 rethrow=0 return_oop=0}
                      ; - java.util.concurrent.ConcurrentHashMap::putVal@41 (line 1016)
  0x000002431f50f18c: 6dfd ff48 | 83fe 000f | 8467 f5ff | ff48 8934 

  0x000002431f50f19c: ;   {runtime_call g1_pre_barrier_slow}
  0x000002431f50f19c: 24e8 dee2 | fdff e959 | f5ff ff48 

  0x000002431f50f1a8: ;   {runtime_call throw_class_cast_exception Runtime1 stub}
  0x000002431f50f1a8: 8934 24e8 

  0x000002431f50f1ac: ; ImmutableOopMap {[184]=Oop [176]=Oop [168]=Oop rdi=Oop }
                      ;*checkcast {reexecute=0 rethrow=0 return_oop=0}
                      ; - java.util.concurrent.ConcurrentHashMap::tabAt@18 (line 760)
                      ; - java.util.concurrent.ConcurrentHashMap::putVal@69 (line 1018)
  0x000002431f50f1ac: 7099 fdff 

  0x000002431f50f1b0: ;   {runtime_call fast_new_instance Runtime1 stub}
  0x000002431f50f1b0: 488b d2e8 

  0x000002431f50f1b4: ; ImmutableOopMap {[168]=Oop r9=Oop [184]=Oop r8=Oop [176]=Oop r14=Oop }
                      ;*new {reexecute=0 rethrow=0 return_oop=0}
                      ; - java.util.concurrent.ConcurrentHashMap::putVal@83 (line 1019)
  0x000002431f50f1b4: 4878 fdff | e9fc f5ff | ff8b 4210 | 4883 f800 | 0f84 04f6 | ffff 4889 

  0x000002431f50f1cc: ;   {runtime_call g1_pre_barrier_slow}
  0x000002431f50f1cc: 0424 e8ad | e2fd ffe9 | f6f5 ffff | 4983 f800 | 0f84 07f6 | ffff 4889 

  0x000002431f50f1e4: ;   {runtime_call g1_post_barrier_slow}
  0x000002431f50f1e4: 1424 e895 | e6fd ffe9 | f9f5 ffff | 8b42 1448 | 83f8 000f | 84fa f5ff | ff48 8904 

  0x000002431f50f200: ;   {runtime_call g1_pre_barrier_slow}
  0x000002431f50f200: 24e8 7ae2 | fdff e9ec | f5ff ff49 | 83f9 000f | 8403 f6ff | ff48 8914 

  0x000002431f50f218: ;   {runtime_call g1_post_barrier_slow}
  0x000002431f50f218: 24e8 62e6 | fdff e9f5 | f5ff ff8b | 0648 83f8 | 000f 84fb | f5ff ff48 

  0x000002431f50f230: ;   {runtime_call g1_pre_barrier_slow}
  0x000002431f50f230: 8904 24e8 | 48e2 fdff | e9ed f5ff | ff48 83fa | 000f 8419 | f6ff ff48 

  0x000002431f50f248: ;   {runtime_call g1_post_barrier_slow}
  0x000002431f50f248: 8934 24e8 | 30e6 fdff | e90b f6ff 

  0x000002431f50f254: ;   {runtime_call throw_null_pointer_exception Runtime1 stub}
  0x000002431f50f254: ffe8 c66c 

  0x000002431f50f258: ; ImmutableOopMap {[168]=Oop r9=Oop [184]=Oop r8=Oop [176]=Oop rsi=Oop [208]=Oop r14=Oop }
                      ;*getfield hash {reexecute=1 rethrow=0 return_oop=0}
                      ; - (reexecute) java.util.concurrent.ConcurrentHashMap::putVal@105 (line 1022)
  0x000002431f50f258: fdff 4889 | 7424 084c 

  0x000002431f50f260: ;   {runtime_call monitorenter_nofpu Runtime1 stub}
  0x000002431f50f260: 8904 24e8 

  0x000002431f50f264: ; ImmutableOopMap {[168]=Oop [184]=Oop [176]=Oop rsi=Oop [208]=Oop rdi=Oop [288]=Oop }
                      ;*monitorenter {reexecute=0 rethrow=0 return_oop=0}
                      ; - java.util.concurrent.ConcurrentHashMap::putVal@187 (line 1031)
  0x000002431f50f264: 18b1 fdff | e995 f7ff | ff49 83f8 | 000f 84dd | f7ff ff4c 

  0x000002431f50f278: ;   {runtime_call g1_pre_barrier_slow}
  0x000002431f50f278: 8904 24e8 | 00e2 fdff | e9cf f7ff | ff4c 8904 

  0x000002431f50f288: ;   {runtime_call throw_class_cast_exception Runtime1 stub}
  0x000002431f50f288: 24e8 9298 

  0x000002431f50f28c: ; ImmutableOopMap {[168]=Oop [184]=Oop [176]=Oop rsi=Oop [208]=Oop rdi=Oop [288]=Oop }
                      ;*checkcast {reexecute=0 rethrow=0 return_oop=0}
                      ; - java.util.concurrent.ConcurrentHashMap::tabAt@18 (line 760)
                      ; - java.util.concurrent.ConcurrentHashMap::putVal@192 (line 1032)
                      ;   {runtime_call throw_null_pointer_exception Runtime1 stub}
  0x000002431f50f28c: fdff e88d 

  0x000002431f50f290: ; ImmutableOopMap {[168]=Oop [184]=Oop rbx=Oop [208]=Oop [224]=Oop r8=Oop [176]=Oop [288]=Oop }
                      ;*getfield hash {reexecute=1 rethrow=0 return_oop=0}
                      ; - (reexecute) java.util.concurrent.ConcurrentHashMap::putVal@214 (line 1037)
  0x000002431f50f290: 6cfd ff8b | 7314 4883 | fe00 0f84 | 42f9 ffff | 4889 3424 

  0x000002431f50f2a4: ;   {runtime_call g1_pre_barrier_slow}
  0x000002431f50f2a4: e8d7 e1fd | ffe9 34f9 | ffff 4983 | f900 0f84 | 4bf9 ffff | 4889 1c24 

  0x000002431f50f2bc: ;   {runtime_call g1_post_barrier_slow}
  0x000002431f50f2bc: e8bf e5fd | ffe9 3df9 | ffff 488b 

  0x000002431f50f2c8: ;   {runtime_call fast_new_instance Runtime1 stub}
  0x000002431f50f2c8: d2e8 3277 

  0x000002431f50f2cc: ; ImmutableOopMap {[168]=Oop [224]=Oop r9=Oop [184]=Oop r11=Oop [176]=Oop [208]=Oop rbx=Oop [288]=Oop }
                      ;*new {reexecute=0 rethrow=0 return_oop=0}
                      ; - java.util.concurrent.ConcurrentHashMap::putVal@285 (line 1047)
  0x000002431f50f2cc: fdff e9bb | f9ff ff8b | 7810 4883 | ff00 0f84 | c0f9 ffff | 4889 3c24 

  0x000002431f50f2e4: ;   {runtime_call g1_pre_barrier_slow}
  0x000002431f50f2e4: e897 e1fd | ffe9 b2f9 | ffff 4983 | fb00 0f84 | c3f9 ffff | 4889 0424 

  0x000002431f50f2fc: ;   {runtime_call g1_post_barrier_slow}
  0x000002431f50f2fc: e87f e5fd | ffe9 b5f9 | ffff 8b78 | 1448 83ff | 000f 84b6 | f9ff ff48 

  0x000002431f50f314: ;   {runtime_call g1_pre_barrier_slow}
  0x000002431f50f314: 893c 24e8 | 64e1 fdff | e9a8 f9ff | ff49 83f9 | 000f 84bf | f9ff ff48 

  0x000002431f50f32c: ;   {runtime_call g1_post_barrier_slow}
  0x000002431f50f32c: 8904 24e8 | 4ce5 fdff | e9b1 f9ff | ff8b 7b18 | 4883 ff00 | 0f84 b2f9 | ffff 4889 

  0x000002431f50f348: ;   {runtime_call g1_pre_barrier_slow}
  0x000002431f50f348: 3c24 e831 | e1fd ffe9 | a4f9 ffff | 4883 f800 | 0f84 bbf9 | ffff 4889 

  0x000002431f50f360: ;   {runtime_call g1_post_barrier_slow}
  0x000002431f50f360: 1c24 e819 | e5fd ffe9 | adf9 ffff 

  0x000002431f50f36c: ;   {metadata('java/util/concurrent/ConcurrentHashMap$TreeBin')}
  0x000002431f50f36c: 48bb e009 | 2f2b 4302 | 0000 b800 

  0x000002431f50f378: ;   {runtime_call load_klass_patching Runtime1 stub}
  0x000002431f50f378: 0f05 0ae8 

  0x000002431f50f37c: ; ImmutableOopMap {[168]=Oop [224]=Oop r9=Oop [184]=Oop r11=Oop [176]=Oop rsi=Oop [208]=Oop [288]=Oop }
                      ;*instanceof {reexecute=1 rethrow=0 return_oop=0}
                      ; - (reexecute) java.util.concurrent.ConcurrentHashMap::putVal@313 (line 1052)
  0x000002431f50f37c: 80c3 fdff | e9db f9ff 

  0x000002431f50f384: ;   {metadata('java/util/concurrent/ConcurrentHashMap$TreeBin')}
  0x000002431f50f384: ff48 b8e0 | 092f 2b43 | 0200 00b8 | 000f 050a 

  0x000002431f50f394: ;   {runtime_call load_klass_patching Runtime1 stub}
  0x000002431f50f394: e867 c3fd 

  0x000002431f50f398: ; ImmutableOopMap {[168]=Oop [224]=Oop r11=Oop [176]=Oop rsi=Oop [208]=Oop r9=Oop [184]=Oop [288]=Oop }
                      ;*checkcast {reexecute=1 rethrow=0 return_oop=0}
                      ; - (reexecute) java.util.concurrent.ConcurrentHashMap::putVal@324 (line 1055)
  0x000002431f50f398: ffe9 3afa | ffff 4889 

  0x000002431f50f3a0: ;   {runtime_call throw_class_cast_exception Runtime1 stub}
  0x000002431f50f3a0: 3424 e879 

  0x000002431f50f3a4: ; ImmutableOopMap {[168]=Oop [224]=Oop r11=Oop [176]=Oop rsi=Oop [208]=Oop r9=Oop [184]=Oop [288]=Oop }
                      ;*checkcast {reexecute=0 rethrow=0 return_oop=0}
                      ; - java.util.concurrent.ConcurrentHashMap::putVal@324 (line 1055)
                      ;   {runtime_call throw_null_pointer_exception Runtime1 stub}
  0x000002431f50f3a4: 97fd ffe8 

  0x000002431f50f3a8: ; ImmutableOopMap {[168]=Oop [224]=Oop [184]=Oop [176]=Oop [208]=Oop rax=Oop [288]=Oop }
                      ;*getfield val {reexecute=1 rethrow=0 return_oop=0}
                      ; - (reexecute) java.util.concurrent.ConcurrentHashMap::putVal@342 (line 1057)
  0x000002431f50f3a8: 746b fdff | 8b50 1448 | 83fa 000f | 84f5 faff | ff48 8914 

  0x000002431f50f3bc: ;   {runtime_call g1_pre_barrier_slow}
  0x000002431f50f3bc: 24e8 bee0 | fdff e9e7 | faff ff49 | 83f9 000f | 84fe faff | ff48 8904 

  0x000002431f50f3d4: ;   {runtime_call g1_post_barrier_slow}
  0x000002431f50f3d4: 24e8 a6e4 | fdff e9f0 | faff ff48 | 8d84 2418 | 0100 0048 

  0x000002431f50f3e8: ;   {runtime_call monitorexit_nofpu Runtime1 stub}
  0x000002431f50f3e8: 8904 24e8 | 10b6 fdff | e970 fbff 

  0x000002431f50f3f4: ;   {internal_word}
  0x000002431f50f3f4: ff49 ba0d | f050 1f43 | 0200 004d | 8997 6003 

  0x000002431f50f404: ;   {runtime_call SafepointBlob}
  0x000002431f50f404: 0000 e975 

  0x000002431f50f408: ;   {internal_word}
  0x000002431f50f408: 55f3 ff49 | ba26 f050 | 1f43 0200 | 004d 8997 | 6003 0000 

  0x000002431f50f41c: ;   {runtime_call SafepointBlob}
  0x000002431f50f41c: e95f 55f3 

  0x000002431f50f420: ;   {internal_word}
  0x000002431f50f420: ff49 ba6e | f050 1f43 | 0200 004d | 8997 6003 

  0x000002431f50f430: ;   {runtime_call SafepointBlob}
  0x000002431f50f430: 0000 e949 

  0x000002431f50f434: ;   {metadata(NULL)}
  0x000002431f50f434: 55f3 ff48 | ba00 0000 | 0000 0000 | 00b8 000f 

  0x000002431f50f444: ;   {runtime_call load_klass_patching Runtime1 stub}
  0x000002431f50f444: 050a e8b5 

  0x000002431f50f448: ; ImmutableOopMap {[208]=Oop [288]=Oop }
                      ;*new {reexecute=1 rethrow=0 return_oop=0}
                      ; - (reexecute) java.util.concurrent.ConcurrentHashMap::putVal@368 (line 1063)
  0x000002431f50f448: c2fd ffe9 | 30fc ffff 

  0x000002431f50f450: ;   {runtime_call new_instance Runtime1 stub}
  0x000002431f50f450: 488b d2e8 

  0x000002431f50f454: ; ImmutableOopMap {[208]=Oop [288]=Oop }
                      ;*new {reexecute=0 rethrow=0 return_oop=0}
                      ; - java.util.concurrent.ConcurrentHashMap::putVal@368 (line 1063)
  0x000002431f50f454: a871 fdff | e932 fcff | ff48 8bd2 

  0x000002431f50f460: ;   {runtime_call fast_new_instance Runtime1 stub}
  0x000002431f50f460: e89b 75fd 

  0x000002431f50f464: ; ImmutableOopMap {}
                      ;*new {reexecute=0 rethrow=0 return_oop=0}
                      ; - java.util.concurrent.ConcurrentHashMap::putVal@8 (line 1011)
  0x000002431f50f464: ffe9 b6fc | ffff 488d | 8424 1801 | 0000 4889 

  0x000002431f50f474: ;   {runtime_call monitorexit_nofpu Runtime1 stub}
  0x000002431f50f474: 0424 e885 | b5fd ffe9 | 02fd ffff | 9090 498b | 87d8 0300 | 0049 c787 | d803 0000 | 0000 0000 
  0x000002431f50f494: 49c7 87e0 | 0300 0000 | 0000 0048 | 81c4 3001 

  0x000002431f50f4a4: ;   {runtime_call unwind_exception Runtime1 stub}
  0x000002431f50f4a4: 0000 5de9 | 545b fdff | f4f4 f4f4 | f4f4 f4f4 | f4f4 f4f4 | f4f4 f4f4 | f4f4 f4f4 
[Stub Code]
  0x000002431f50f4c0: ;   {no_reloc}
  0x000002431f50f4c0: 0f1f 4400 

  0x000002431f50f4c4: ;   {static_stub}
  0x000002431f50f4c4: 0048 bb00 | 0000 0000 

  0x000002431f50f4cc: ;   {runtime_call}
  0x000002431f50f4cc: 0000 00e9 | fbff ffff 

  0x000002431f50f4d4: ;   {static_stub}
  0x000002431f50f4d4: 9048 bba8 | 4243 2a43 

  0x000002431f50f4dc: ;   {runtime_call I2C/C2I adapters}
  0x000002431f50f4dc: 0200 00e9 | 7531 f3ff 

  0x000002431f50f4e4: ;   {static_stub}
  0x000002431f50f4e4: 9048 bb58 | 4343 2a43 

  0x000002431f50f4ec: ;   {runtime_call I2C/C2I adapters}
  0x000002431f50f4ec: 0200 00e9 | 6d63 f3ff 

  0x000002431f50f4f4: ;   {static_stub}
  0x000002431f50f4f4: 9048 bb00 | 0000 0000 

  0x000002431f50f4fc: ;   {runtime_call}
  0x000002431f50f4fc: 0000 00e9 | fbff ffff 

  0x000002431f50f504: ;   {static_stub}
  0x000002431f50f504: 9048 bb00 | 0000 0000 

  0x000002431f50f50c: ;   {runtime_call}
  0x000002431f50f50c: 0000 00e9 | fbff ffff 

  0x000002431f50f514: ;   {static_stub}
  0x000002431f50f514: 9048 bb00 | 0000 0000 

  0x000002431f50f51c: ;   {runtime_call}
  0x000002431f50f51c: 0000 00e9 | fbff ffff 

  0x000002431f50f524: ;   {static_stub}
  0x000002431f50f524: 9048 bbb0 | 4343 2a43 

  0x000002431f50f52c: ;   {runtime_call I2C/C2I adapters}
  0x000002431f50f52c: 0200 00e9 | ad8f f2ff 

  0x000002431f50f534: ;   {static_stub}
  0x000002431f50f534: 9048 bb00 | 0000 0000 

  0x000002431f50f53c: ;   {runtime_call}
  0x000002431f50f53c: 0000 00e9 | fbff ffff 

  0x000002431f50f544: ;   {static_stub}
  0x000002431f50f544: 9048 bb00 | 0000 0000 

  0x000002431f50f54c: ;   {runtime_call}
  0x000002431f50f54c: 0000 00e9 | fbff ffff 

  0x000002431f50f554: ;   {static_stub}
  0x000002431f50f554: 9048 bb00 | 0000 0000 

  0x000002431f50f55c: ;   {runtime_call}
  0x000002431f50f55c: 0000 00e9 | fbff ffff 
[Exception Handler]
  0x000002431f50f564: ;   {runtime_call handle_exception_from_callee Runtime1 stub}
  0x000002431f50f564: e897 8ffd 

  0x000002431f50f568: ;   {external_word}
  0x000002431f50f568: ff48 b990 | f096 eaf8 | 7f00 0048 

  0x000002431f50f574: ;   {runtime_call}
  0x000002431f50f574: 83e4 f049 | ba20 ff64 | eaf8 7f00 | 0041 ffd2 

  0x000002431f50f584: ;   {section_word}
  0x000002431f50f584: f449 ba85 | f550 1f43 | 0200 0041 

  0x000002431f50f590: ;   {runtime_call DeoptimizationBlob}
  0x000002431f50f590: 52e9 8a68 | f3ff f4f4 
[/MachCode]


---------------  P R O C E S S  ---------------

Threads class SMR info:
_java_thread_list=0x0000024376af94e0, length=153, elements={
0x00000243299a6b50, 0x00000243299a8630, 0x00000243299c13f0, 0x00000243299c68f0,
0x00000243299c71c0, 0x00000243299ca0b0, 0x00000243299cac40, 0x00000243299cc180,
0x0000024329994760, 0x000002436f3b8ba0, 0x000002436f3b9080, 0x000002436f49b8d0,
0x000002436fd428d0, 0x000002436f730630, 0x000002436f72fc10, 0x000002436f730120,
0x000002436f72f1f0, 0x000002436f542370, 0x000002436f541e60, 0x000002436f546030,
0x000002436f5437b0, 0x000002436f546540, 0x000002436f547e90, 0x000002436f547980,
0x000002436f5488b0, 0x000002436f541440, 0x000002436f541950, 0x000002436f72f700,
0x000002437187f660, 0x00000243718823f0, 0x0000024371882900, 0x0000024371880080,
0x000002437187f150, 0x000002437187e730, 0x00000243718819d0, 0x0000024371881ee0,
0x000002437187ec40, 0x000002437187fb70, 0x000002437187c8d0, 0x000002437187beb0,
0x000002437187b9a0, 0x0000024371880590, 0x0000024371880aa0, 0x00000243718814c0,
0x000002437187cde0, 0x000002437187dd10, 0x000002437187d2f0, 0x000002437187d800,
0x000002437187e220, 0x000002436f540f30, 0x000002436f542880, 0x000002436f542d90,
0x000002436f5446e0, 0x000002436f544bf0, 0x000002436f545100, 0x000002436f730b40,
0x0000024371e4db50, 0x0000024371e503d0, 0x0000024371e4f4a0, 0x0000024371e4d640,
0x0000024371e4f9b0, 0x0000024371e4bcf0, 0x0000024371e4fec0, 0x0000024371e4e060,
0x0000024371e4e570, 0x0000024371e51810, 0x0000024371e4ea80, 0x0000024371e52230,
0x0000024371e4c200, 0x0000024371e508e0, 0x0000024371e51d20, 0x0000024371e4b2d0,
0x0000024371e4cc20, 0x0000024371e50df0, 0x0000024371e4ef90, 0x0000024371e51300,
0x0000024371e4adc0, 0x0000024371e4c710, 0x0000024371e4b7e0, 0x0000024371e52740,
0x0000024371e4d130, 0x000002436f546a50, 0x000002436f5441d0, 0x000002436f545610,
0x0000024371880fb0, 0x0000024371feda20, 0x0000024371fef880, 0x0000024371fec5e0,
0x0000024371fee440, 0x0000024371fec0d0, 0x0000024371fef370, 0x0000024371fed000,
0x0000024371fedf30, 0x0000024371fee950, 0x0000024371fecaf0, 0x0000024371fed510,
0x0000024371feee60, 0x0000024376816170, 0x00000243768138f0, 0x00000243768124b0,
0x0000024376813e00, 0x0000024376814310, 0x0000024376817fd0, 0x0000024376811fa0,
0x0000024376816b90, 0x0000024376814820, 0x0000024376816680, 0x00000243768170a0,
0x0000024376815240, 0x0000024376815750, 0x00000243768175b0, 0x0000024376811a90,
0x00000243768133e0, 0x00000243768129c0, 0x0000024376c4bb80, 0x0000024376c4a740,
0x0000024376c4cab0, 0x0000024376c4c090, 0x0000024376c4c5a0, 0x0000024376c4d9e0,
0x0000024376c4b670, 0x00000243768184e0, 0x0000024376815c60, 0x0000024376812ed0,
0x000002436f543cc0, 0x000002436f546f60, 0x000002436f547470, 0x0000024371f49950,
0x0000024371f4b2a0, 0x0000024371f4b7b0, 0x0000024371f4d100, 0x0000024371f4bcc0,
0x0000024371f4cbf0, 0x0000024371f48a20, 0x0000024371f4ea50, 0x0000024371f4db20,
0x0000024371f4a880, 0x0000024371f4e540, 0x0000024371f4a370, 0x0000024371f4ef60,
0x0000024371f4f470, 0x0000024371f4f980, 0x0000024371f48f30, 0x0000024371f4ad90,
0x0000024371f4d610, 0x0000024371f503a0, 0x0000024371f4c1d0, 0x0000024371f49e60,
0x0000024376c4ac50, 0x0000024376c4d4d0, 0x0000024376c4b160, 0x0000024376c4cfc0,
0x0000024376c4a230
}

Java Threads: ( => current thread )
  0x00000243299a6b50 JavaThread "Reference Handler" daemon [_thread_blocked, id=10648, stack(0x00000080d0000000,0x00000080d0100000)]
  0x00000243299a8630 JavaThread "Finalizer" daemon [_thread_blocked, id=13772, stack(0x00000080d0100000,0x00000080d0200000)]
  0x00000243299c13f0 JavaThread "Signal Dispatcher" daemon [_thread_blocked, id=6240, stack(0x00000080d0200000,0x00000080d0300000)]
  0x00000243299c68f0 JavaThread "Attach Listener" daemon [_thread_blocked, id=6280, stack(0x00000080d0300000,0x00000080d0400000)]
  0x00000243299c71c0 JavaThread "Service Thread" daemon [_thread_blocked, id=14800, stack(0x00000080d0400000,0x00000080d0500000)]
  0x00000243299ca0b0 JavaThread "Monitor Deflation Thread" daemon [_thread_blocked, id=6208, stack(0x00000080d0500000,0x00000080d0600000)]
  0x00000243299cac40 JavaThread "C1 CompilerThread0" daemon [_thread_blocked, id=3772, stack(0x00000080d0600000,0x00000080d0700000)]
  0x00000243299cc180 JavaThread "Sweeper thread" daemon [_thread_blocked, id=14216, stack(0x00000080d0700000,0x00000080d0800000)]
  0x0000024329994760 JavaThread "Common-Cleaner" daemon [_thread_blocked, id=1352, stack(0x00000080d0800000,0x00000080d0900000)]
  0x000002436f3b8ba0 JavaThread "Monitor Ctrl-Break" daemon [_thread_in_native, id=4984, stack(0x00000080d0a00000,0x00000080d0b00000)]
  0x000002436f3b9080 JavaThread "Notification Thread" daemon [_thread_blocked, id=2512, stack(0x00000080d0b00000,0x00000080d0c00000)]
  0x000002436f49b8d0 JavaThread "RMI TCP Accept-0" daemon [_thread_in_native, id=12816, stack(0x00000080d0c00000,0x00000080d0d00000)]
  0x000002436fd428d0 JavaThread "RMI Scheduler(0)" daemon [_thread_blocked, id=13476, stack(0x00000080d1700000,0x00000080d1800000)]
  0x000002436f730630 JavaThread "com.alibaba.nacos.client.auth.ram.identify.watcher.0" daemon [_thread_blocked, id=15420, stack(0x00000080d1b00000,0x00000080d1c00000)]
  0x000002436f72fc10 JavaThread "com.alibaba.nacos.client.Worker.0" daemon [_thread_blocked, id=15436, stack(0x00000080d1a00000,0x00000080d1b00000)]
  0x000002436f730120 JavaThread "com.alibaba.nacos.client.Worker.1" daemon [_thread_blocked, id=15440, stack(0x00000080d1c00000,0x00000080d1d00000)]
  0x000002436f72f1f0 JavaThread "com.alibaba.nacos.client.Worker.2" daemon [_thread_blocked, id=15444, stack(0x00000080d1d00000,0x00000080d1e00000)]
  0x000002436f542370 JavaThread "nacos.publisher-com.alibaba.nacos.common.notify.SlowEvent" daemon [_thread_blocked, id=15588, stack(0x00000080d1f00000,0x00000080d2000000)]
  0x000002436f541e60 JavaThread "com.alibaba.nacos.client.remote.worker.0" daemon [_thread_blocked, id=15592, stack(0x00000080d2000000,0x00000080d2100000)]
  0x000002436f546030 JavaThread "com.alibaba.nacos.client.remote.worker.1" daemon [_thread_blocked, id=15596, stack(0x00000080d2100000,0x00000080d2200000)]
  0x000002436f5437b0 JavaThread "grpc-nio-worker-ELG-1-1" daemon [_thread_in_native, id=15956, stack(0x00000080d2200000,0x00000080d2300000)]
  0x000002436f546540 JavaThread "grpc-nio-worker-ELG-1-2" daemon [_thread_in_native, id=16036, stack(0x00000080d2600000,0x00000080d2700000)]
  0x000002436f547e90 JavaThread "nacos.publisher-com.alibaba.nacos.common.ability.AbstractAbilityControlManager$AbilityUpdateEvent" daemon [_thread_blocked, id=16136, stack(0x00000080d2c00000,0x00000080d2d00000)]
  0x000002436f547980 JavaThread "com.alibaba.nacos.client.Worker.3" daemon [_thread_blocked, id=16368, stack(0x00000080d3500000,0x00000080d3600000)]
  0x000002436f5488b0 JavaThread "com.alibaba.nacos.client.Worker.4" daemon [_thread_blocked, id=15392, stack(0x00000080d1800000,0x00000080d1900000)]
  0x000002436f541440 JavaThread "Catalina-utility-1" [_thread_blocked, id=15924, stack(0x00000080d3400000,0x00000080d3500000)]
  0x000002436f541950 JavaThread "Catalina-utility-2" [_thread_blocked, id=5076, stack(0x00000080d3600000,0x00000080d3700000)]
  0x000002436f72f700 JavaThread "container-0" [_thread_blocked, id=15164, stack(0x00000080d3700000,0x00000080d3800000)]
  0x000002437187f660 JavaThread "mysql-cj-abandoned-connection-cleanup" daemon [_thread_blocked, id=12836, stack(0x00000080d3800000,0x00000080d3900000)]
  0x00000243718823f0 JavaThread "Thread-8" daemon [_thread_in_native, id=8096, stack(0x00000080d3a00000,0x00000080d3b00000)]
  0x0000024371882900 JavaThread "lettuce-eventExecutorLoop-1-1" daemon [_thread_blocked, id=16192, stack(0x00000080d3b00000,0x00000080d3c00000)]
  0x0000024371880080 JavaThread "lettuce-timer-3-1" daemon [_thread_blocked, id=16048, stack(0x00000080d3c00000,0x00000080d3d00000)]
  0x000002437187f150 JavaThread "redisson-netty-4-1" [_thread_in_native, id=8, stack(0x00000080d2400000,0x00000080d2500000)]
  0x000002437187e730 JavaThread "redisson-netty-4-2" [_thread_in_native, id=15716, stack(0x00000080d2800000,0x00000080d2900000)]
  0x00000243718819d0 JavaThread "redisson-netty-4-3" [_thread_in_native, id=15760, stack(0x00000080d3d00000,0x00000080d3e00000)]
  0x0000024371881ee0 JavaThread "redisson-netty-4-4" [_thread_in_native, id=15764, stack(0x00000080d2900000,0x00000080d2a00000)]
  0x000002437187ec40 JavaThread "redisson-timer-6-1" [_thread_blocked, id=15868, stack(0x00000080d2a00000,0x00000080d2b00000)]
  0x000002437187fb70 JavaThread "redisson-netty-4-5" [_thread_in_native, id=15872, stack(0x00000080d2b00000,0x00000080d2c00000)]
  0x000002437187c8d0 JavaThread "redisson-netty-4-6" [_thread_in_native, id=15876, stack(0x00000080d3e00000,0x00000080d3f00000)]
  0x000002437187beb0 JavaThread "redisson-netty-4-7" [_thread_in_native, id=15880, stack(0x00000080d3f00000,0x00000080d4000000)]
  0x000002437187b9a0 JavaThread "redisson-5-1" [_thread_blocked, id=15892, stack(0x00000080d4000000,0x00000080d4100000)]
  0x0000024371880590 JavaThread "redisson-netty-4-8" [_thread_in_native, id=15904, stack(0x00000080d4100000,0x00000080d4200000)]
  0x0000024371880aa0 JavaThread "redisson-netty-4-9" [_thread_in_native, id=15908, stack(0x00000080d4200000,0x00000080d4300000)]
  0x00000243718814c0 JavaThread "redisson-5-2" [_thread_blocked, id=15740, stack(0x00000080d4300000,0x00000080d4400000)]
  0x000002437187cde0 JavaThread "redisson-netty-4-10" [_thread_in_native, id=16032, stack(0x00000080d4400000,0x00000080d4500000)]
  0x000002437187dd10 JavaThread "redisson-netty-4-11" [_thread_in_native, id=16324, stack(0x00000080d4500000,0x00000080d4600000)]
  0x000002437187d2f0 JavaThread "redisson-5-3" [_thread_blocked, id=16328, stack(0x00000080d4600000,0x00000080d4700000)]
  0x000002437187d800 JavaThread "redisson-netty-4-12" [_thread_in_native, id=16332, stack(0x00000080d4700000,0x00000080d4800000)]
  0x000002437187e220 JavaThread "redisson-netty-4-13" [_thread_in_native, id=16336, stack(0x00000080d4800000,0x00000080d4900000)]
  0x000002436f540f30 JavaThread "redisson-5-4" [_thread_blocked, id=16340, stack(0x00000080d4900000,0x00000080d4a00000)]
  0x000002436f542880 JavaThread "redisson-netty-4-14" [_thread_in_native, id=16344, stack(0x00000080d4a00000,0x00000080d4b00000)]
  0x000002436f542d90 JavaThread "redisson-netty-4-15" [_thread_in_native, id=16348, stack(0x00000080d4b00000,0x00000080d4c00000)]
  0x000002436f5446e0 JavaThread "redisson-5-5" [_thread_blocked, id=16120, stack(0x00000080d4c00000,0x00000080d4d00000)]
  0x000002436f544bf0 JavaThread "redisson-netty-4-16" [_thread_in_native, id=14904, stack(0x00000080d4d00000,0x00000080d4e00000)]
  0x000002436f545100 JavaThread "redisson-netty-4-17" [_thread_in_native, id=1332, stack(0x00000080d4e00000,0x00000080d4f00000)]
  0x000002436f730b40 JavaThread "redisson-5-6" [_thread_blocked, id=15352, stack(0x00000080d4f00000,0x00000080d5000000)]
  0x0000024371e4db50 JavaThread "redisson-netty-4-18" [_thread_in_native, id=16360, stack(0x00000080d5000000,0x00000080d5100000)]
  0x0000024371e503d0 JavaThread "redisson-netty-4-19" [_thread_in_native, id=16376, stack(0x00000080d5100000,0x00000080d5200000)]
  0x0000024371e4f4a0 JavaThread "redisson-5-7" [_thread_blocked, id=15144, stack(0x00000080d5200000,0x00000080d5300000)]
  0x0000024371e4d640 JavaThread "redisson-netty-4-20" [_thread_in_native, id=14228, stack(0x00000080d5300000,0x00000080d5400000)]
  0x0000024371e4f9b0 JavaThread "redisson-netty-4-21" [_thread_in_native, id=16380, stack(0x00000080d5400000,0x00000080d5500000)]
  0x0000024371e4bcf0 JavaThread "redisson-5-8" [_thread_blocked, id=16372, stack(0x00000080d5500000,0x00000080d5600000)]
  0x0000024371e4fec0 JavaThread "redisson-netty-4-22" [_thread_in_native, id=3580, stack(0x00000080d5600000,0x00000080d5700000)]
  0x0000024371e4e060 JavaThread "redisson-netty-4-23" [_thread_in_native, id=14656, stack(0x00000080d5700000,0x00000080d5800000)]
  0x0000024371e4e570 JavaThread "redisson-5-9" [_thread_blocked, id=15656, stack(0x00000080d5800000,0x00000080d5900000)]
  0x0000024371e51810 JavaThread "redisson-netty-4-24" [_thread_in_native, id=15708, stack(0x00000080d5900000,0x00000080d5a00000)]
  0x0000024371e4ea80 JavaThread "redisson-netty-4-25" [_thread_in_native, id=15652, stack(0x00000080d5a00000,0x00000080d5b00000)]
  0x0000024371e52230 JavaThread "redisson-5-10" [_thread_blocked, id=15628, stack(0x00000080d5b00000,0x00000080d5c00000)]
  0x0000024371e4c200 JavaThread "redisson-netty-4-26" [_thread_in_native, id=15792, stack(0x00000080d5c00000,0x00000080d5d00000)]
  0x0000024371e508e0 JavaThread "redisson-netty-4-27" [_thread_in_native, id=9928, stack(0x00000080d5d00000,0x00000080d5e00000)]
  0x0000024371e51d20 JavaThread "redisson-5-11" [_thread_blocked, id=15688, stack(0x00000080d5e00000,0x00000080d5f00000)]
  0x0000024371e4b2d0 JavaThread "redisson-netty-4-28" [_thread_in_native, id=14484, stack(0x00000080d5f00000,0x00000080d6000000)]
  0x0000024371e4cc20 JavaThread "redisson-netty-4-29" [_thread_in_native, id=12772, stack(0x00000080d6000000,0x00000080d6100000)]
  0x0000024371e50df0 JavaThread "redisson-5-12" [_thread_blocked, id=12960, stack(0x00000080d6100000,0x00000080d6200000)]
  0x0000024371e4ef90 JavaThread "redisson-netty-4-30" [_thread_in_native, id=14680, stack(0x00000080d6200000,0x00000080d6300000)]
  0x0000024371e51300 JavaThread "redisson-netty-4-31" [_thread_in_native, id=15156, stack(0x00000080d6300000,0x00000080d6400000)]
  0x0000024371e4adc0 JavaThread "redisson-5-13" [_thread_blocked, id=14424, stack(0x00000080d6400000,0x00000080d6500000)]
  0x0000024371e4c710 JavaThread "redisson-netty-4-32" [_thread_in_native, id=2704, stack(0x00000080d6600000,0x00000080d6700000)]
  0x0000024371e4b7e0 JavaThread "redisson-5-14" [_thread_blocked, id=15024, stack(0x00000080d6700000,0x00000080d6800000)]
  0x0000024371e52740 JavaThread "redisson-5-15" [_thread_blocked, id=2968, stack(0x00000080d6500000,0x00000080d6600000)]
  0x0000024371e4d130 JavaThread "redisson-5-16" [_thread_blocked, id=13400, stack(0x00000080d6800000,0x00000080d6900000)]
  0x000002436f546a50 JavaThread "com.alibaba.nacos.client.Worker.5" daemon [_thread_blocked, id=15808, stack(0x00000080d2d00000,0x00000080d2e00000)]
  0x000002436f5441d0 JavaThread "spring.cloud.inetutils" daemon [_thread_blocked, id=13560, stack(0x00000080d3000000,0x00000080d3100000)]
  0x000002436f545610 JavaThread "com.alibaba.nacos.client.Worker.6" daemon [_thread_blocked, id=2724, stack(0x00000080d0900000,0x00000080d0a00000)]
  0x0000024371880fb0 JavaThread "xxl-job, executor JobLogFileCleanThread" daemon [_thread_blocked, id=8248, stack(0x00000080d3900000,0x00000080d3a00000)]
  0x0000024371feda20 JavaThread "xxl-job, executor TriggerCallbackThread" daemon [_thread_blocked, id=9144, stack(0x00000080d6900000,0x00000080d6a00000)]
  0x0000024371fef880 JavaThread "Thread-12" daemon [_thread_blocked, id=9348, stack(0x00000080d6a00000,0x00000080d6b00000)]
  0x0000024371fec5e0 JavaThread "Thread-13" daemon [_thread_blocked, id=9280, stack(0x00000080d6b00000,0x00000080d6c00000)]
  0x0000024371fee440 JavaThread "nioEventLoopGroup-7-1" [_thread_in_native, id=9028, stack(0x00000080d6c00000,0x00000080d6d00000)]
  0x0000024371fec0d0 JavaThread "xxl-job, executor ExecutorRegistryThread" daemon [_thread_blocked, id=4476, stack(0x00000080d6d00000,0x00000080d6e00000)]
  0x0000024371fef370 JavaThread "http-nio-8509-exec-1" daemon [_thread_blocked, id=7432, stack(0x00000080d6e00000,0x00000080d6f00000)]
  0x0000024371fed000 JavaThread "http-nio-8509-exec-2" daemon [_thread_blocked, id=2660, stack(0x00000080d6f00000,0x00000080d7000000)]
  0x0000024371fedf30 JavaThread "http-nio-8509-exec-3" daemon [_thread_blocked, id=2156, stack(0x00000080d7000000,0x00000080d7100000)]
  0x0000024371fee950 JavaThread "http-nio-8509-exec-4" daemon [_thread_blocked, id=2024, stack(0x00000080d7100000,0x00000080d7200000)]
  0x0000024371fecaf0 JavaThread "http-nio-8509-exec-5" daemon [_thread_blocked, id=3916, stack(0x00000080d7200000,0x00000080d7300000)]
  0x0000024371fed510 JavaThread "http-nio-8509-exec-6" daemon [_thread_blocked, id=10880, stack(0x00000080d7300000,0x00000080d7400000)]
  0x0000024371feee60 JavaThread "http-nio-8509-exec-7" daemon [_thread_blocked, id=2184, stack(0x00000080d7400000,0x00000080d7500000)]
  0x0000024376816170 JavaThread "http-nio-8509-exec-8" daemon [_thread_blocked, id=11852, stack(0x00000080d7500000,0x00000080d7600000)]
  0x00000243768138f0 JavaThread "http-nio-8509-exec-9" daemon [_thread_blocked, id=11772, stack(0x00000080d7600000,0x00000080d7700000)]
  0x00000243768124b0 JavaThread "http-nio-8509-exec-10" daemon [_thread_blocked, id=14288, stack(0x00000080d7700000,0x00000080d7800000)]
  0x0000024376813e00 JavaThread "http-nio-8509-Poller" daemon [_thread_in_native, id=4344, stack(0x00000080d7800000,0x00000080d7900000)]
  0x0000024376814310 JavaThread "http-nio-8509-Acceptor" daemon [_thread_in_native, id=2068, stack(0x00000080d7900000,0x00000080d7a00000)]
  0x0000024376817fd0 JavaThread "Keep-Alive-Timer" daemon [_thread_blocked, id=1356, stack(0x00000080d7a00000,0x00000080d7b00000)]
  0x0000024376811fa0 JavaThread "nacos.publisher-com.alibaba.nacos.client.naming.event.InstancesChangeEvent" daemon [_thread_blocked, id=11760, stack(0x00000080d3200000,0x00000080d3300000)]
  0x0000024376816b90 JavaThread "com.alibaba.nacos.naming.failover.0" daemon [_thread_blocked, id=12068, stack(0x00000080d3100000,0x00000080d3200000)]
  0x0000024376814820 JavaThread "com.alibaba.nacos.client.naming.security.0" daemon [_thread_blocked, id=10824, stack(0x00000080d7b00000,0x00000080d7c00000)]
  0x0000024376816680 JavaThread "com.alibaba.nacos.client.naming.grpc.redo.0" daemon [_thread_blocked, id=11440, stack(0x00000080d7c00000,0x00000080d7d00000)]
  0x00000243768170a0 JavaThread "com.alibaba.nacos.client.remote.worker.0" daemon [_thread_blocked, id=4472, stack(0x00000080d7d00000,0x00000080d7e00000)]
  0x0000024376815240 JavaThread "com.alibaba.nacos.client.remote.worker.1" daemon [_thread_blocked, id=16040, stack(0x00000080d7e00000,0x00000080d7f00000)]
  0x0000024376815750 JavaThread "grpc-nio-worker-ELG-1-3" daemon [_thread_in_native, id=15864, stack(0x00000080d7f00000,0x00000080d8000000)]
  0x00000243768175b0 JavaThread "grpc-nio-worker-ELG-1-4" daemon [_thread_in_native, id=11700, stack(0x00000080d8100000,0x00000080d8200000)]
  0x0000024376811a90 JavaThread "com.alibaba.nacos.client.Worker.7" daemon [_thread_blocked, id=8612, stack(0x00000080d8800000,0x00000080d8900000)]
  0x00000243768133e0 JavaThread "nacos.client.config.listener.task-0" daemon [_thread_blocked, id=11704, stack(0x00000080d8900000,0x00000080d8a00000)]
  0x00000243768129c0 JavaThread "DestroyJavaVM" [_thread_blocked, id=13712, stack(0x00000080cf900000,0x00000080cfa00000)]
  0x0000024376c4bb80 JavaThread "nioEventLoopGroup-8-1" [_thread_in_native, id=15728, stack(0x00000080cf700000,0x00000080cf800000)]
  0x0000024376c4a740 JavaThread "nioEventLoopGroup-8-2" [_thread_in_native, id=12756, stack(0x00000080d2e00000,0x00000080d2f00000)]
  0x0000024376c4cab0 JavaThread "nioEventLoopGroup-8-3" [_thread_in_native, id=15176, stack(0x00000080d2f00000,0x00000080d3000000)]
  0x0000024376c4c090 JavaThread "nioEventLoopGroup-8-4" [_thread_in_native, id=5368, stack(0x00000080d3300000,0x00000080d3400000)]
  0x0000024376c4c5a0 JavaThread "xxl-job, JobThread-9-1772528760995" [_thread_blocked, id=18120, stack(0x00000080d8300000,0x00000080d8400000)]
  0x0000024376c4d9e0 JavaThread "xxl-job, JobThread-6-1772528761032" [_thread_blocked, id=11564, stack(0x00000080d8400000,0x00000080d8500000)]
  0x0000024376c4b670 JavaThread "xxl-job, JobThread-8-1772528761034" [_thread_blocked, id=9484, stack(0x00000080d8500000,0x00000080d8600000)]
  0x00000243768184e0 JavaThread "xxl-job, JobThread-7-1772528761035" [_thread_blocked, id=3636, stack(0x00000080d8600000,0x00000080d8700000)]
  0x0000024376815c60 JavaThread "GuliHikariPool housekeeper" daemon [_thread_blocked, id=18180, stack(0x00000080d8700000,0x00000080d8800000)]
  0x0000024376812ed0 JavaThread "boundedElastic-evictor-1" daemon [_thread_blocked, id=18236, stack(0x00000080d8b00000,0x00000080d8c00000)]
  0x000002436f543cc0 JavaThread "parallel-1" daemon [_thread_blocked, id=18196, stack(0x00000080d9100000,0x00000080d9200000)]
  0x000002436f546f60 JavaThread "parallel-3" daemon [_thread_blocked, id=18172, stack(0x00000080d9200000,0x00000080d9300000)]
  0x000002436f547470 JavaThread "parallel-2" daemon [_thread_blocked, id=18204, stack(0x00000080d9300000,0x00000080d9400000)]
  0x0000024371f49950 JavaThread "pool-9-thread-1" daemon [_thread_blocked, id=17156, stack(0x00000080d9800000,0x00000080d9900000)]
  0x0000024371f4b2a0 JavaThread "parallel-5" daemon [_thread_blocked, id=15212, stack(0x00000080d9a00000,0x00000080d9b00000)]
  0x0000024371f4b7b0 JavaThread "parallel-4" daemon [_thread_blocked, id=10976, stack(0x00000080d9b00000,0x00000080d9c00000)]
  0x0000024371f4d100 JavaThread "parallel-6" daemon [_thread_blocked, id=1668, stack(0x00000080d9c00000,0x00000080d9d00000)]
  0x0000024371f4bcc0 JavaThread "nioEventLoopGroup-8-5" [_thread_in_native, id=17488, stack(0x00000080d2300000,0x00000080d2400000)]
  0x0000024371f4cbf0 JavaThread "nioEventLoopGroup-8-6" [_thread_in_native, id=5420, stack(0x00000080d8000000,0x00000080d8100000)]
  0x0000024371f48a20 JavaThread "nioEventLoopGroup-8-7" [_thread_in_native, id=14356, stack(0x00000080d8a00000,0x00000080d8b00000)]
  0x0000024371f4ea50 JavaThread "nioEventLoopGroup-8-8" [_thread_in_native, id=6536, stack(0x00000080d8c00000,0x00000080d8d00000)]
  0x0000024371f4db20 JavaThread "parallel-8" daemon [_thread_blocked, id=18064, stack(0x00000080d8d00000,0x00000080d8e00000)]
  0x0000024371f4a880 JavaThread "parallel-7" daemon [_thread_blocked, id=12572, stack(0x00000080d8e00000,0x00000080d8f00000)]
  0x0000024371f4e540 JavaThread "nioEventLoopGroup-8-9" [_thread_in_native, id=18048, stack(0x00000080d2500000,0x00000080d2600000)]
  0x0000024371f4a370 JavaThread "nioEventLoopGroup-8-10" [_thread_in_native, id=3616, stack(0x00000080d8f00000,0x00000080d9000000)]
  0x0000024371f4ef60 JavaThread "nioEventLoopGroup-8-11" [_thread_in_native, id=15700, stack(0x00000080d9000000,0x00000080d9100000)]
  0x0000024371f4f470 JavaThread "nioEventLoopGroup-8-12" [_thread_in_native, id=2360, stack(0x00000080d9900000,0x00000080d9a00000)]
  0x0000024371f4f980 JavaThread "nioEventLoopGroup-8-13" [_thread_in_native, id=18200, stack(0x00000080d1e00000,0x00000080d1f00000)]
  0x0000024371f48f30 JavaThread "nioEventLoopGroup-8-14" [_thread_in_native, id=7804, stack(0x00000080d9500000,0x00000080d9600000)]
  0x0000024371f4ad90 JavaThread "nioEventLoopGroup-8-15" [_thread_in_native, id=8268, stack(0x00000080d9600000,0x00000080d9700000)]
  0x0000024371f4d610 JavaThread "nioEventLoopGroup-8-16" [_thread_in_native, id=14232, stack(0x00000080d9700000,0x00000080d9800000)]
  0x0000024371f503a0 JavaThread "boundedElastic-8" daemon [_thread_blocked, id=12692, stack(0x00000080d9d00000,0x00000080d9e00000)]
  0x0000024371f4c1d0 JavaThread "xxl-job, EmbedServer bizThreadPool-8196912" [_thread_blocked, id=9184, stack(0x00000080d8200000,0x00000080d8300000)]
  0x0000024371f49e60 JavaThread "lettuce-nioEventLoop-9-1" daemon [_thread_in_native, id=19252, stack(0x00000080d9e00000,0x00000080d9f00000)]
  0x0000024376c4ac50 JavaThread "nacos-grpc-client-executor-192.168.101.12-170" daemon [_thread_blocked, id=18056, stack(0x00000080cf600000,0x00000080cf700000)]
  0x0000024376c4d4d0 JavaThread "nacos-grpc-client-executor-192.168.101.12-160" daemon [_thread_blocked, id=13628, stack(0x00000080d1600000,0x00000080d1700000)]
  0x0000024376c4b160 JavaThread "nacos-grpc-client-executor-192.168.101.12-171" daemon [_thread_blocked, id=18800, stack(0x00000080cf800000,0x00000080cf900000)]
=>0x0000024376c4cfc0 JavaThread "grpc-default-executor-1" daemon [_thread_in_Java, id=12460, stack(0x00000080d9400000,0x00000080d9500000)]
  0x0000024376c4a230 JavaThread "nacos-grpc-client-executor-192.168.101.12-162" daemon [_thread_blocked, id=19048, stack(0x00000080d9f00000,0x00000080da000000)]

Other Threads:
  0x00000243299a3d70 VMThread "VM Thread" [stack: 0x00000080cff00000,0x00000080d0000000] [id=9612]
  0x0000024317b433c0 WatcherThread [stack: 0x00000080d0d00000,0x00000080d0e00000] [id=13612]
  0x0000024317b9ab80 GCTaskThread "GC Thread#0" [stack: 0x00000080cfa00000,0x00000080cfb00000] [id=12940]
  0x000002436f7504a0 GCTaskThread "GC Thread#1" [stack: 0x00000080d0e00000,0x00000080d0f00000] [id=2772]
  0x000002436f750760 GCTaskThread "GC Thread#2" [stack: 0x00000080d0f00000,0x00000080d1000000] [id=11920]
  0x000002436f7f6450 GCTaskThread "GC Thread#3" [stack: 0x00000080d1000000,0x00000080d1100000] [id=8668]
  0x000002436f7f6b20 GCTaskThread "GC Thread#4" [stack: 0x00000080d1100000,0x00000080d1200000] [id=14520]
  0x000002436f7f6de0 GCTaskThread "GC Thread#5" [stack: 0x00000080d1200000,0x00000080d1300000] [id=13020]
  0x000002436f7f70a0 GCTaskThread "GC Thread#6" [stack: 0x00000080d1300000,0x00000080d1400000] [id=2008]
  0x000002436fce31f0 GCTaskThread "GC Thread#7" [stack: 0x00000080d1500000,0x00000080d1600000] [id=13504]
  0x0000024317bab2a0 ConcurrentGCThread "G1 Main Marker" [stack: 0x00000080cfb00000,0x00000080cfc00000] [id=13136]
  0x0000024317babbc0 ConcurrentGCThread "G1 Conc#0" [stack: 0x00000080cfc00000,0x00000080cfd00000] [id=13904]
  0x00000243702d3ae0 ConcurrentGCThread "G1 Conc#1" [stack: 0x00000080d1900000,0x00000080d1a00000] [id=15404]
  0x0000024317bfecc0 ConcurrentGCThread "G1 Refine#0" [stack: 0x00000080cfd00000,0x00000080cfe00000] [id=9552]
  0x000002436f7ac630 ConcurrentGCThread "G1 Refine#1" [stack: 0x00000080d1400000,0x00000080d1500000] [id=14544]
  0x000002432985f3e0 ConcurrentGCThread "G1 Service" [stack: 0x00000080cfe00000,0x00000080cff00000] [id=14316]

Threads with active compile tasks:

VM state: not at safepoint (normal execution)

VM Mutex/Monitor currently owned by a thread: None

OutOfMemory and StackOverflow Exception counts:
OutOfMemoryError java_heap_errors=2
LinkageErrors=182

Heap address: 0x0000000083a00000, size: 1990 MB, Compressed Oops mode: 32-bit

CDS archive(s) mapped at: [0x000002432a000000-0x000002432abd0000-0x000002432abd0000), size 12386304, SharedBaseAddress: 0x000002432a000000, ArchiveRelocationMode: 1.
Compressed class space mapped at: 0x000002432b000000-0x000002436b000000, reserved size: 1073741824
Narrow klass base: 0x000002432a000000, Narrow klass shift: 0, Narrow klass range: 0x100000000

GC Precious Log:
 CPUs: 8 total, 8 available
 Memory: 7959M
 Large Page Support: Disabled
 NUMA Support: Disabled
 Compressed Oops: Enabled (32-bit)
 Heap Region Size: 1M
 Heap Min Capacity: 8M
 Heap Initial Capacity: 126M
 Heap Max Capacity: 1990M
 Pre-touch: Disabled
 Parallel Workers: 8
 Concurrent Workers: 2
 Concurrent Refinement Workers: 8
 Periodic GC: Disabled

Heap:
 garbage-first heap   total 276480K, used 113140K [0x0000000083a00000, 0x0000000100000000)
  region size 1024K, 14 young (14336K), 7 survivors (7168K)
 Metaspace       used 89588K, committed 90432K, reserved 1179648K
  class space    used 11873K, committed 12288K, reserved 1048576K

Heap Regions: E=young(eden), S=young(survivor), O=old, HS=humongous(starts), HC=humongous(continues), CS=collection set, F=free, OA=open archive, CA=closed archive, TAMS=top-at-mark-start (previous, next)
|   0|0x0000000083a00000, 0x0000000083b00000, 0x0000000083b00000|100%|HS|  |TAMS 0x0000000083b00000, 0x0000000083b00000| Complete 
|   1|0x0000000083b00000, 0x0000000083c00000, 0x0000000083c00000|100%| O|  |TAMS 0x0000000083c00000, 0x0000000083c00000| Untracked 
|   2|0x0000000083c00000, 0x0000000083d00000, 0x0000000083d00000|100%|HS|  |TAMS 0x0000000083d00000, 0x0000000083d00000| Complete 
|   3|0x0000000083d00000, 0x0000000083e00000, 0x0000000083e00000|100%| O|  |TAMS 0x0000000083e00000, 0x0000000083e00000| Untracked 
|   4|0x0000000083e00000, 0x0000000083f00000, 0x0000000083f00000|100%| O|  |TAMS 0x0000000083f00000, 0x0000000083f00000| Untracked 
|   5|0x0000000083f00000, 0x0000000084000000, 0x0000000084000000|100%| O|  |TAMS 0x0000000084000000, 0x0000000084000000| Untracked 
|   6|0x0000000084000000, 0x0000000084100000, 0x0000000084100000|100%| O|  |TAMS 0x0000000084100000, 0x0000000084100000| Untracked 
|   7|0x0000000084100000, 0x0000000084200000, 0x0000000084200000|100%| O|  |TAMS 0x0000000084200000, 0x0000000084200000| Untracked 
|   8|0x0000000084200000, 0x0000000084300000, 0x0000000084300000|100%| O|  |TAMS 0x0000000084300000, 0x0000000084300000| Untracked 
|   9|0x0000000084300000, 0x0000000084400000, 0x0000000084400000|100%| O|  |TAMS 0x0000000084400000, 0x0000000084400000| Untracked 
|  10|0x0000000084400000, 0x00000000844d7e00, 0x0000000084500000| 84%| O|  |TAMS 0x00000000844d7e00, 0x00000000844d7e00| Untracked 
|  11|0x0000000084500000, 0x0000000084600000, 0x0000000084600000|100%| O|  |TAMS 0x0000000084600000, 0x0000000084600000| Untracked 
|  12|0x0000000084600000, 0x0000000084700000, 0x0000000084700000|100%| O|  |TAMS 0x0000000084700000, 0x0000000084700000| Untracked 
|  13|0x0000000084700000, 0x0000000084800000, 0x0000000084800000|100%| O|  |TAMS 0x0000000084800000, 0x0000000084800000| Untracked 
|  14|0x0000000084800000, 0x0000000084900000, 0x0000000084900000|100%| O|  |TAMS 0x0000000084900000, 0x0000000084900000| Untracked 
|  15|0x0000000084900000, 0x0000000084a00000, 0x0000000084a00000|100%| O|  |TAMS 0x0000000084a00000, 0x0000000084a00000| Untracked 
|  16|0x0000000084a00000, 0x0000000084b00000, 0x0000000084b00000|100%| O|  |TAMS 0x0000000084b00000, 0x0000000084b00000| Untracked 
|  17|0x0000000084b00000, 0x0000000084c00000, 0x0000000084c00000|100%| O|  |TAMS 0x0000000084c00000, 0x0000000084c00000| Untracked 
|  18|0x0000000084c00000, 0x0000000084d00000, 0x0000000084d00000|100%| O|  |TAMS 0x0000000084d00000, 0x0000000084d00000| Untracked 
|  19|0x0000000084d00000, 0x0000000084e00000, 0x0000000084e00000|100%| O|  |TAMS 0x0000000084e00000, 0x0000000084e00000| Untracked 
|  20|0x0000000084e00000, 0x0000000084f00000, 0x0000000084f00000|100%| O|  |TAMS 0x0000000084f00000, 0x0000000084f00000| Untracked 
|  21|0x0000000084f00000, 0x0000000085000000, 0x0000000085000000|100%| O|  |TAMS 0x0000000084f00000, 0x0000000085000000| Untracked 
|  22|0x0000000085000000, 0x0000000085100000, 0x0000000085100000|100%| O|  |TAMS 0x0000000085100000, 0x0000000085100000| Untracked 
|  23|0x0000000085100000, 0x0000000085200000, 0x0000000085200000|100%| O|  |TAMS 0x0000000085200000, 0x0000000085200000| Untracked 
|  24|0x0000000085200000, 0x0000000085300000, 0x0000000085300000|100%| O|  |TAMS 0x0000000085200000, 0x0000000085200000| Untracked 
|  25|0x0000000085300000, 0x0000000085400000, 0x0000000085400000|100%| O|  |TAMS 0x0000000085400000, 0x0000000085400000| Untracked 
|  26|0x0000000085400000, 0x0000000085500000, 0x0000000085500000|100%| O|  |TAMS 0x0000000085500000, 0x0000000085500000| Untracked 
|  27|0x0000000085500000, 0x0000000085600000, 0x0000000085600000|100%| O|  |TAMS 0x0000000085600000, 0x0000000085600000| Untracked 
|  28|0x0000000085600000, 0x0000000085700000, 0x0000000085700000|100%| O|  |TAMS 0x0000000085700000, 0x0000000085700000| Untracked 
|  29|0x0000000085700000, 0x0000000085800000, 0x0000000085800000|100%| O|  |TAMS 0x0000000085800000, 0x0000000085800000| Untracked 
|  30|0x0000000085800000, 0x0000000085900000, 0x0000000085900000|100%| O|  |TAMS 0x0000000085900000, 0x0000000085900000| Untracked 
|  31|0x0000000085900000, 0x0000000085a00000, 0x0000000085a00000|100%| O|  |TAMS 0x0000000085a00000, 0x0000000085a00000| Untracked 
|  32|0x0000000085a00000, 0x0000000085b00000, 0x0000000085b00000|100%| O|  |TAMS 0x0000000085b00000, 0x0000000085b00000| Untracked 
|  33|0x0000000085b00000, 0x0000000085c00000, 0x0000000085c00000|100%| O|  |TAMS 0x0000000085c00000, 0x0000000085c00000| Untracked 
|  34|0x0000000085c00000, 0x0000000085d00000, 0x0000000085d00000|100%| O|  |TAMS 0x0000000085d00000, 0x0000000085d00000| Untracked 
|  35|0x0000000085d00000, 0x0000000085e00000, 0x0000000085e00000|100%| O|  |TAMS 0x0000000085e00000, 0x0000000085e00000| Untracked 
|  36|0x0000000085e00000, 0x0000000085f00000, 0x0000000085f00000|100%| O|  |TAMS 0x0000000085f00000, 0x0000000085f00000| Untracked 
|  37|0x0000000085f00000, 0x0000000086000000, 0x0000000086000000|100%| O|  |TAMS 0x0000000086000000, 0x0000000086000000| Untracked 
|  38|0x0000000086000000, 0x0000000086100000, 0x0000000086100000|100%| O|  |TAMS 0x0000000086100000, 0x0000000086100000| Untracked 
|  39|0x0000000086100000, 0x0000000086200000, 0x0000000086200000|100%| O|  |TAMS 0x0000000086200000, 0x0000000086200000| Untracked 
|  40|0x0000000086200000, 0x0000000086300000, 0x0000000086300000|100%| O|  |TAMS 0x0000000086300000, 0x0000000086300000| Untracked 
|  41|0x0000000086300000, 0x0000000086400000, 0x0000000086400000|100%| O|  |TAMS 0x0000000086400000, 0x0000000086400000| Untracked 
|  42|0x0000000086400000, 0x0000000086500000, 0x0000000086500000|100%| O|  |TAMS 0x0000000086500000, 0x0000000086500000| Untracked 
|  43|0x0000000086500000, 0x0000000086600000, 0x0000000086600000|100%| O|  |TAMS 0x0000000086600000, 0x0000000086600000| Untracked 
|  44|0x0000000086600000, 0x0000000086700000, 0x0000000086700000|100%| O|  |TAMS 0x0000000086700000, 0x0000000086700000| Untracked 
|  45|0x0000000086700000, 0x0000000086800000, 0x0000000086800000|100%| O|  |TAMS 0x0000000086800000, 0x0000000086800000| Untracked 
|  46|0x0000000086800000, 0x0000000086900000, 0x0000000086900000|100%| O|  |TAMS 0x0000000086900000, 0x0000000086900000| Untracked 
|  47|0x0000000086900000, 0x0000000086a00000, 0x0000000086a00000|100%| O|  |TAMS 0x0000000086a00000, 0x0000000086a00000| Untracked 
|  48|0x0000000086a00000, 0x0000000086b00000, 0x0000000086b00000|100%| O|  |TAMS 0x0000000086b00000, 0x0000000086b00000| Untracked 
|  49|0x0000000086b00000, 0x0000000086c00000, 0x0000000086c00000|100%| O|  |TAMS 0x0000000086c00000, 0x0000000086c00000| Untracked 
|  50|0x0000000086c00000, 0x0000000086d00000, 0x0000000086d00000|100%| O|  |TAMS 0x0000000086d00000, 0x0000000086d00000| Untracked 
|  51|0x0000000086d00000, 0x0000000086e00000, 0x0000000086e00000|100%| O|  |TAMS 0x0000000086e00000, 0x0000000086e00000| Untracked 
|  52|0x0000000086e00000, 0x0000000086f00000, 0x0000000086f00000|100%| O|  |TAMS 0x0000000086e71800, 0x0000000086f00000| Untracked 
|  53|0x0000000086f00000, 0x0000000087000000, 0x0000000087000000|100%| O|  |TAMS 0x0000000086f00000, 0x0000000087000000| Untracked 
|  54|0x0000000087000000, 0x0000000087100000, 0x0000000087100000|100%| O|  |TAMS 0x0000000087000000, 0x0000000087100000| Untracked 
|  55|0x0000000087100000, 0x0000000087200000, 0x0000000087200000|100%| O|  |TAMS 0x0000000087100000, 0x0000000087200000| Untracked 
|  56|0x0000000087200000, 0x0000000087300000, 0x0000000087300000|100%| O|  |TAMS 0x0000000087200000, 0x0000000087300000| Untracked 
|  57|0x0000000087300000, 0x0000000087400000, 0x0000000087400000|100%| O|  |TAMS 0x0000000087300000, 0x0000000087400000| Untracked 
|  58|0x0000000087400000, 0x0000000087500000, 0x0000000087500000|100%| O|  |TAMS 0x0000000087400000, 0x0000000087500000| Untracked 
|  59|0x0000000087500000, 0x0000000087600000, 0x0000000087600000|100%| O|  |TAMS 0x0000000087500000, 0x0000000087600000| Untracked 
|  60|0x0000000087600000, 0x0000000087700000, 0x0000000087700000|100%| O|  |TAMS 0x0000000087600000, 0x0000000087700000| Untracked 
|  61|0x0000000087700000, 0x0000000087800000, 0x0000000087800000|100%| O|  |TAMS 0x0000000087700000, 0x0000000087800000| Untracked 
|  62|0x0000000087800000, 0x0000000087900000, 0x0000000087900000|100%| O|  |TAMS 0x0000000087800000, 0x00000000878c1000| Untracked 
|  63|0x0000000087900000, 0x0000000087a00000, 0x0000000087a00000|100%| O|  |TAMS 0x0000000087900000, 0x0000000087900000| Untracked 
|  64|0x0000000087a00000, 0x0000000087b00000, 0x0000000087b00000|100%| O|  |TAMS 0x0000000087a00000, 0x0000000087a00000| Untracked 
|  65|0x0000000087b00000, 0x0000000087c00000, 0x0000000087c00000|100%| O|  |TAMS 0x0000000087b00000, 0x0000000087b00000| Untracked 
|  66|0x0000000087c00000, 0x0000000087d00000, 0x0000000087d00000|100%| O|  |TAMS 0x0000000087c00000, 0x0000000087c00000| Untracked 
|  67|0x0000000087d00000, 0x0000000087e00000, 0x0000000087e00000|100%| O|  |TAMS 0x0000000087d00000, 0x0000000087d00000| Untracked 
|  68|0x0000000087e00000, 0x0000000087f00000, 0x0000000087f00000|100%| O|  |TAMS 0x0000000087e00000, 0x0000000087e00000| Untracked 
|  69|0x0000000087f00000, 0x0000000088000000, 0x0000000088000000|100%| O|  |TAMS 0x0000000087f00000, 0x0000000087f00000| Untracked 
|  70|0x0000000088000000, 0x0000000088100000, 0x0000000088100000|100%| O|  |TAMS 0x0000000088000000, 0x0000000088000000| Untracked 
|  71|0x0000000088100000, 0x0000000088200000, 0x0000000088200000|100%| O|  |TAMS 0x0000000088100000, 0x0000000088100000| Untracked 
|  72|0x0000000088200000, 0x0000000088300000, 0x0000000088300000|100%| O|  |TAMS 0x0000000088200000, 0x0000000088200000| Untracked 
|  73|0x0000000088300000, 0x0000000088400000, 0x0000000088400000|100%| O|  |TAMS 0x0000000088300000, 0x0000000088300000| Untracked 
|  74|0x0000000088400000, 0x0000000088500000, 0x0000000088500000|100%| O|  |TAMS 0x0000000088400000, 0x0000000088400000| Untracked 
|  75|0x0000000088500000, 0x0000000088600000, 0x0000000088600000|100%| O|  |TAMS 0x0000000088500000, 0x0000000088500000| Untracked 
|  76|0x0000000088600000, 0x0000000088700000, 0x0000000088700000|100%| O|  |TAMS 0x0000000088600000, 0x0000000088600000| Untracked 
|  77|0x0000000088700000, 0x0000000088800000, 0x0000000088800000|100%| O|  |TAMS 0x0000000088700000, 0x0000000088700000| Untracked 
|  78|0x0000000088800000, 0x0000000088900000, 0x0000000088900000|100%| O|  |TAMS 0x0000000088800000, 0x0000000088800000| Untracked 
|  79|0x0000000088900000, 0x0000000088a00000, 0x0000000088a00000|100%| O|  |TAMS 0x0000000088900000, 0x0000000088900000| Untracked 
|  80|0x0000000088a00000, 0x0000000088b00000, 0x0000000088b00000|100%| O|  |TAMS 0x0000000088a00000, 0x0000000088a00000| Untracked 
|  81|0x0000000088b00000, 0x0000000088c00000, 0x0000000088c00000|100%| O|  |TAMS 0x0000000088b00000, 0x0000000088b00000| Untracked 
|  82|0x0000000088c00000, 0x0000000088d00000, 0x0000000088d00000|100%| O|  |TAMS 0x0000000088c00000, 0x0000000088c00000| Untracked 
|  83|0x0000000088d00000, 0x0000000088e00000, 0x0000000088e00000|100%| O|  |TAMS 0x0000000088d00000, 0x0000000088d00000| Untracked 
|  84|0x0000000088e00000, 0x0000000088f00000, 0x0000000088f00000|100%| O|  |TAMS 0x0000000088e00000, 0x0000000088e00000| Untracked 
|  85|0x0000000088f00000, 0x0000000089000000, 0x0000000089000000|100%| O|  |TAMS 0x0000000088f00000, 0x0000000088f00000| Untracked 
|  86|0x0000000089000000, 0x0000000089100000, 0x0000000089100000|100%| O|  |TAMS 0x0000000089000000, 0x0000000089000000| Untracked 
|  87|0x0000000089100000, 0x0000000089200000, 0x0000000089200000|100%| O|  |TAMS 0x0000000089100000, 0x0000000089100000| Untracked 
|  88|0x0000000089200000, 0x0000000089300000, 0x0000000089300000|100%| O|  |TAMS 0x0000000089200000, 0x0000000089200000| Untracked 
|  89|0x0000000089300000, 0x0000000089400000, 0x0000000089400000|100%| O|  |TAMS 0x0000000089300000, 0x0000000089300000| Untracked 
|  90|0x0000000089400000, 0x0000000089500000, 0x0000000089500000|100%| O|  |TAMS 0x0000000089400000, 0x0000000089400000| Untracked 
|  91|0x0000000089500000, 0x0000000089600000, 0x0000000089600000|100%| O|  |TAMS 0x0000000089500000, 0x0000000089500000| Untracked 
|  92|0x0000000089600000, 0x0000000089700000, 0x0000000089700000|100%| O|  |TAMS 0x0000000089600000, 0x0000000089600000| Untracked 
|  93|0x0000000089700000, 0x0000000089800000, 0x0000000089800000|100%| O|  |TAMS 0x0000000089700000, 0x0000000089700000| Untracked 
|  94|0x0000000089800000, 0x0000000089900000, 0x0000000089900000|100%| O|  |TAMS 0x0000000089800000, 0x0000000089800000| Untracked 
|  95|0x0000000089900000, 0x0000000089a00000, 0x0000000089a00000|100%| O|  |TAMS 0x0000000089900000, 0x0000000089900000| Untracked 
|  96|0x0000000089a00000, 0x0000000089b00000, 0x0000000089b00000|100%| O|  |TAMS 0x0000000089a00000, 0x0000000089a00000| Untracked 
|  97|0x0000000089b00000, 0x0000000089c00000, 0x0000000089c00000|100%| O|  |TAMS 0x0000000089b00000, 0x0000000089b00000| Untracked 
|  98|0x0000000089c00000, 0x0000000089cbce00, 0x0000000089d00000| 73%| O|  |TAMS 0x0000000089c00000, 0x0000000089c00000| Untracked 
|  99|0x0000000089d00000, 0x0000000089d00000, 0x0000000089e00000|  0%| F|  |TAMS 0x0000000089d00000, 0x0000000089d00000| Untracked 
| 100|0x0000000089e00000, 0x0000000089e00000, 0x0000000089f00000|  0%| F|  |TAMS 0x0000000089e00000, 0x0000000089e00000| Untracked 
| 101|0x0000000089f00000, 0x0000000089f00000, 0x000000008a000000|  0%| F|  |TAMS 0x0000000089f00000, 0x0000000089f00000| Untracked 
| 102|0x000000008a000000, 0x000000008a000000, 0x000000008a100000|  0%| F|  |TAMS 0x000000008a000000, 0x000000008a000000| Untracked 
| 103|0x000000008a100000, 0x000000008a100000, 0x000000008a200000|  0%| F|  |TAMS 0x000000008a100000, 0x000000008a100000| Untracked 
| 104|0x000000008a200000, 0x000000008a200000, 0x000000008a300000|  0%| F|  |TAMS 0x000000008a200000, 0x000000008a200000| Untracked 
| 105|0x000000008a300000, 0x000000008a300000, 0x000000008a400000|  0%| F|  |TAMS 0x000000008a300000, 0x000000008a300000| Untracked 
| 106|0x000000008a400000, 0x000000008a400000, 0x000000008a500000|  0%| F|  |TAMS 0x000000008a400000, 0x000000008a400000| Untracked 
| 107|0x000000008a500000, 0x000000008a500000, 0x000000008a600000|  0%| F|  |TAMS 0x000000008a500000, 0x000000008a500000| Untracked 
| 108|0x000000008a600000, 0x000000008a600000, 0x000000008a700000|  0%| F|  |TAMS 0x000000008a600000, 0x000000008a600000| Untracked 
| 109|0x000000008a700000, 0x000000008a700000, 0x000000008a800000|  0%| F|  |TAMS 0x000000008a700000, 0x000000008a700000| Untracked 
| 110|0x000000008a800000, 0x000000008a800000, 0x000000008a900000|  0%| F|  |TAMS 0x000000008a800000, 0x000000008a800000| Untracked 
| 111|0x000000008a900000, 0x000000008a900000, 0x000000008aa00000|  0%| F|  |TAMS 0x000000008a900000, 0x000000008a900000| Untracked 
| 112|0x000000008aa00000, 0x000000008aa00000, 0x000000008ab00000|  0%| F|  |TAMS 0x000000008aa00000, 0x000000008aa00000| Untracked 
| 113|0x000000008ab00000, 0x000000008ab00000, 0x000000008ac00000|  0%| F|  |TAMS 0x000000008ab00000, 0x000000008ab00000| Untracked 
| 114|0x000000008ac00000, 0x000000008ac00000, 0x000000008ad00000|  0%| F|  |TAMS 0x000000008ac00000, 0x000000008ac00000| Untracked 
| 115|0x000000008ad00000, 0x000000008ad00000, 0x000000008ae00000|  0%| F|  |TAMS 0x000000008ad00000, 0x000000008ad00000| Untracked 
| 116|0x000000008ae00000, 0x000000008ae00000, 0x000000008af00000|  0%| F|  |TAMS 0x000000008ae00000, 0x000000008ae00000| Untracked 
| 117|0x000000008af00000, 0x000000008af00000, 0x000000008b000000|  0%| F|  |TAMS 0x000000008af00000, 0x000000008af00000| Untracked 
| 118|0x000000008b000000, 0x000000008b000000, 0x000000008b100000|  0%| F|  |TAMS 0x000000008b000000, 0x000000008b000000| Untracked 
| 119|0x000000008b100000, 0x000000008b100000, 0x000000008b200000|  0%| F|  |TAMS 0x000000008b100000, 0x000000008b100000| Untracked 
| 120|0x000000008b200000, 0x000000008b200000, 0x000000008b300000|  0%| F|  |TAMS 0x000000008b200000, 0x000000008b200000| Untracked 
| 121|0x000000008b300000, 0x000000008b300000, 0x000000008b400000|  0%| F|  |TAMS 0x000000008b300000, 0x000000008b300000| Untracked 
| 122|0x000000008b400000, 0x000000008b400000, 0x000000008b500000|  0%| F|  |TAMS 0x000000008b400000, 0x000000008b400000| Untracked 
| 123|0x000000008b500000, 0x000000008b500000, 0x000000008b600000|  0%| F|  |TAMS 0x000000008b500000, 0x000000008b500000| Untracked 
| 124|0x000000008b600000, 0x000000008b600000, 0x000000008b700000|  0%| F|  |TAMS 0x000000008b600000, 0x000000008b600000| Untracked 
| 125|0x000000008b700000, 0x000000008b700000, 0x000000008b800000|  0%| F|  |TAMS 0x000000008b700000, 0x000000008b700000| Untracked 
| 126|0x000000008b800000, 0x000000008b800000, 0x000000008b900000|  0%| F|  |TAMS 0x000000008b800000, 0x000000008b800000| Untracked 
| 127|0x000000008b900000, 0x000000008b900000, 0x000000008ba00000|  0%| F|  |TAMS 0x000000008b900000, 0x000000008b900000| Untracked 
| 128|0x000000008ba00000, 0x000000008ba00000, 0x000000008bb00000|  0%| F|  |TAMS 0x000000008ba00000, 0x000000008ba00000| Untracked 
| 129|0x000000008bb00000, 0x000000008bb00000, 0x000000008bc00000|  0%| F|  |TAMS 0x000000008bb00000, 0x000000008bb00000| Untracked 
| 130|0x000000008bc00000, 0x000000008bc00000, 0x000000008bd00000|  0%| F|  |TAMS 0x000000008bc00000, 0x000000008bc00000| Untracked 
| 131|0x000000008bd00000, 0x000000008bd00000, 0x000000008be00000|  0%| F|  |TAMS 0x000000008bd00000, 0x000000008bd00000| Untracked 
| 132|0x000000008be00000, 0x000000008be00000, 0x000000008bf00000|  0%| F|  |TAMS 0x000000008be00000, 0x000000008be00000| Untracked 
| 133|0x000000008bf00000, 0x000000008bf00000, 0x000000008c000000|  0%| F|  |TAMS 0x000000008bf00000, 0x000000008bf00000| Untracked 
| 134|0x000000008c000000, 0x000000008c000000, 0x000000008c100000|  0%| F|  |TAMS 0x000000008c000000, 0x000000008c000000| Untracked 
| 135|0x000000008c100000, 0x000000008c100000, 0x000000008c200000|  0%| F|  |TAMS 0x000000008c100000, 0x000000008c100000| Untracked 
| 136|0x000000008c200000, 0x000000008c200000, 0x000000008c300000|  0%| F|  |TAMS 0x000000008c200000, 0x000000008c200000| Untracked 
| 137|0x000000008c300000, 0x000000008c300000, 0x000000008c400000|  0%| F|  |TAMS 0x000000008c300000, 0x000000008c300000| Untracked 
| 138|0x000000008c400000, 0x000000008c400000, 0x000000008c500000|  0%| F|  |TAMS 0x000000008c400000, 0x000000008c400000| Untracked 
| 139|0x000000008c500000, 0x000000008c500000, 0x000000008c600000|  0%| F|  |TAMS 0x000000008c500000, 0x000000008c500000| Untracked 
| 140|0x000000008c600000, 0x000000008c600000, 0x000000008c700000|  0%| F|  |TAMS 0x000000008c600000, 0x000000008c600000| Untracked 
| 141|0x000000008c700000, 0x000000008c700000, 0x000000008c800000|  0%| F|  |TAMS 0x000000008c700000, 0x000000008c700000| Untracked 
| 142|0x000000008c800000, 0x000000008c800000, 0x000000008c900000|  0%| F|  |TAMS 0x000000008c800000, 0x000000008c800000| Untracked 
| 143|0x000000008c900000, 0x000000008c900000, 0x000000008ca00000|  0%| F|  |TAMS 0x000000008c900000, 0x000000008c900000| Untracked 
| 144|0x000000008ca00000, 0x000000008ca00000, 0x000000008cb00000|  0%| F|  |TAMS 0x000000008ca00000, 0x000000008ca00000| Untracked 
| 145|0x000000008cb00000, 0x000000008cb00000, 0x000000008cc00000|  0%| F|  |TAMS 0x000000008cb00000, 0x000000008cb00000| Untracked 
| 146|0x000000008cc00000, 0x000000008cc00000, 0x000000008cd00000|  0%| F|  |TAMS 0x000000008cc00000, 0x000000008cc00000| Untracked 
| 147|0x000000008cd00000, 0x000000008cd00000, 0x000000008ce00000|  0%| F|  |TAMS 0x000000008cd00000, 0x000000008cd00000| Untracked 
| 148|0x000000008ce00000, 0x000000008ce00000, 0x000000008cf00000|  0%| F|  |TAMS 0x000000008ce00000, 0x000000008ce00000| Untracked 
| 149|0x000000008cf00000, 0x000000008cf00000, 0x000000008d000000|  0%| F|  |TAMS 0x000000008cf00000, 0x000000008cf00000| Untracked 
| 150|0x000000008d000000, 0x000000008d000000, 0x000000008d100000|  0%| F|  |TAMS 0x000000008d000000, 0x000000008d000000| Untracked 
| 151|0x000000008d100000, 0x000000008d1e86b8, 0x000000008d200000| 90%| S|CS|TAMS 0x000000008d100000, 0x000000008d100000| Complete 
| 152|0x000000008d200000, 0x000000008d300000, 0x000000008d300000|100%| S|CS|TAMS 0x000000008d200000, 0x000000008d200000| Complete 
| 153|0x000000008d300000, 0x000000008d400000, 0x000000008d400000|100%| S|CS|TAMS 0x000000008d300000, 0x000000008d300000| Complete 
| 154|0x000000008d400000, 0x000000008d500000, 0x000000008d500000|100%| S|CS|TAMS 0x000000008d400000, 0x000000008d400000| Complete 
| 155|0x000000008d500000, 0x000000008d600000, 0x000000008d600000|100%| S|CS|TAMS 0x000000008d500000, 0x000000008d500000| Complete 
| 156|0x000000008d600000, 0x000000008d700000, 0x000000008d700000|100%| S|CS|TAMS 0x000000008d600000, 0x000000008d600000| Complete 
| 157|0x000000008d700000, 0x000000008d800000, 0x000000008d800000|100%| S|CS|TAMS 0x000000008d700000, 0x000000008d700000| Complete 
| 158|0x000000008d800000, 0x000000008d800000, 0x000000008d900000|  0%| F|  |TAMS 0x000000008d800000, 0x000000008d800000| Untracked 
| 159|0x000000008d900000, 0x000000008d900000, 0x000000008da00000|  0%| F|  |TAMS 0x000000008d900000, 0x000000008d900000| Untracked 
| 160|0x000000008da00000, 0x000000008da00000, 0x000000008db00000|  0%| F|  |TAMS 0x000000008da00000, 0x000000008da00000| Untracked 
| 161|0x000000008db00000, 0x000000008db00000, 0x000000008dc00000|  0%| F|  |TAMS 0x000000008db00000, 0x000000008db00000| Untracked 
| 162|0x000000008dc00000, 0x000000008dc00000, 0x000000008dd00000|  0%| F|  |TAMS 0x000000008dc00000, 0x000000008dc00000| Untracked 
| 163|0x000000008dd00000, 0x000000008dd00000, 0x000000008de00000|  0%| F|  |TAMS 0x000000008dd00000, 0x000000008dd00000| Untracked 
| 164|0x000000008de00000, 0x000000008de00000, 0x000000008df00000|  0%| F|  |TAMS 0x000000008de00000, 0x000000008de00000| Untracked 
| 165|0x000000008df00000, 0x000000008df00000, 0x000000008e000000|  0%| F|  |TAMS 0x000000008df00000, 0x000000008df00000| Untracked 
| 166|0x000000008e000000, 0x000000008e000000, 0x000000008e100000|  0%| F|  |TAMS 0x000000008e000000, 0x000000008e000000| Untracked 
| 167|0x000000008e100000, 0x000000008e100000, 0x000000008e200000|  0%| F|  |TAMS 0x000000008e100000, 0x000000008e100000| Untracked 
| 168|0x000000008e200000, 0x000000008e200000, 0x000000008e300000|  0%| F|  |TAMS 0x000000008e200000, 0x000000008e200000| Untracked 
| 169|0x000000008e300000, 0x000000008e300000, 0x000000008e400000|  0%| F|  |TAMS 0x000000008e300000, 0x000000008e300000| Untracked 
| 170|0x000000008e400000, 0x000000008e400000, 0x000000008e500000|  0%| F|  |TAMS 0x000000008e400000, 0x000000008e400000| Untracked 
| 171|0x000000008e500000, 0x000000008e500000, 0x000000008e600000|  0%| F|  |TAMS 0x000000008e500000, 0x000000008e500000| Untracked 
| 172|0x000000008e600000, 0x000000008e600000, 0x000000008e700000|  0%| F|  |TAMS 0x000000008e600000, 0x000000008e600000| Untracked 
| 173|0x000000008e700000, 0x000000008e700000, 0x000000008e800000|  0%| F|  |TAMS 0x000000008e700000, 0x000000008e700000| Untracked 
| 174|0x000000008e800000, 0x000000008e800000, 0x000000008e900000|  0%| F|  |TAMS 0x000000008e800000, 0x000000008e800000| Untracked 
| 175|0x000000008e900000, 0x000000008e900000, 0x000000008ea00000|  0%| F|  |TAMS 0x000000008e900000, 0x000000008e900000| Untracked 
| 176|0x000000008ea00000, 0x000000008ea00000, 0x000000008eb00000|  0%| F|  |TAMS 0x000000008ea00000, 0x000000008ea00000| Untracked 
| 177|0x000000008eb00000, 0x000000008eb00000, 0x000000008ec00000|  0%| F|  |TAMS 0x000000008eb00000, 0x000000008eb00000| Untracked 
| 178|0x000000008ec00000, 0x000000008ec00000, 0x000000008ed00000|  0%| F|  |TAMS 0x000000008ec00000, 0x000000008ec00000| Untracked 
| 179|0x000000008ed00000, 0x000000008ed00000, 0x000000008ee00000|  0%| F|  |TAMS 0x000000008ed00000, 0x000000008ed00000| Untracked 
| 180|0x000000008ee00000, 0x000000008ee00000, 0x000000008ef00000|  0%| F|  |TAMS 0x000000008ee00000, 0x000000008ee00000| Untracked 
| 181|0x000000008ef00000, 0x000000008ef00000, 0x000000008f000000|  0%| F|  |TAMS 0x000000008ef00000, 0x000000008ef00000| Untracked 
| 182|0x000000008f000000, 0x000000008f000000, 0x000000008f100000|  0%| F|  |TAMS 0x000000008f000000, 0x000000008f000000| Untracked 
| 183|0x000000008f100000, 0x000000008f100000, 0x000000008f200000|  0%| F|  |TAMS 0x000000008f100000, 0x000000008f100000| Untracked 
| 184|0x000000008f200000, 0x000000008f200000, 0x000000008f300000|  0%| F|  |TAMS 0x000000008f200000, 0x000000008f200000| Untracked 
| 185|0x000000008f300000, 0x000000008f300000, 0x000000008f400000|  0%| F|  |TAMS 0x000000008f300000, 0x000000008f300000| Untracked 
| 186|0x000000008f400000, 0x000000008f400000, 0x000000008f500000|  0%| F|  |TAMS 0x000000008f400000, 0x000000008f400000| Untracked 
| 187|0x000000008f500000, 0x000000008f500000, 0x000000008f600000|  0%| F|  |TAMS 0x000000008f500000, 0x000000008f500000| Untracked 
| 188|0x000000008f600000, 0x000000008f600000, 0x000000008f700000|  0%| F|  |TAMS 0x000000008f600000, 0x000000008f600000| Untracked 
| 189|0x000000008f700000, 0x000000008f700000, 0x000000008f800000|  0%| F|  |TAMS 0x000000008f700000, 0x000000008f700000| Untracked 
| 190|0x000000008f800000, 0x000000008f800000, 0x000000008f900000|  0%| F|  |TAMS 0x000000008f800000, 0x000000008f800000| Untracked 
| 191|0x000000008f900000, 0x000000008f900000, 0x000000008fa00000|  0%| F|  |TAMS 0x000000008f900000, 0x000000008f900000| Untracked 
| 192|0x000000008fa00000, 0x000000008fa00000, 0x000000008fb00000|  0%| F|  |TAMS 0x000000008fa00000, 0x000000008fa00000| Untracked 
| 193|0x000000008fb00000, 0x000000008fb00000, 0x000000008fc00000|  0%| F|  |TAMS 0x000000008fb00000, 0x000000008fb00000| Untracked 
| 194|0x000000008fc00000, 0x000000008fc00000, 0x000000008fd00000|  0%| F|  |TAMS 0x000000008fc00000, 0x000000008fc00000| Untracked 
| 195|0x000000008fd00000, 0x000000008fd00000, 0x000000008fe00000|  0%| F|  |TAMS 0x000000008fd00000, 0x000000008fd00000| Untracked 
| 196|0x000000008fe00000, 0x000000008fe00000, 0x000000008ff00000|  0%| F|  |TAMS 0x000000008fe00000, 0x000000008fe00000| Untracked 
| 197|0x000000008ff00000, 0x000000008ff00000, 0x0000000090000000|  0%| F|  |TAMS 0x000000008ff00000, 0x000000008ff00000| Untracked 
| 198|0x0000000090000000, 0x0000000090000000, 0x0000000090100000|  0%| F|  |TAMS 0x0000000090000000, 0x0000000090000000| Untracked 
| 199|0x0000000090100000, 0x0000000090100000, 0x0000000090200000|  0%| F|  |TAMS 0x0000000090100000, 0x0000000090100000| Untracked 
| 200|0x0000000090200000, 0x0000000090200000, 0x0000000090300000|  0%| F|  |TAMS 0x0000000090200000, 0x0000000090200000| Untracked 
| 201|0x0000000090300000, 0x0000000090300000, 0x0000000090400000|  0%| F|  |TAMS 0x0000000090300000, 0x0000000090300000| Untracked 
| 202|0x0000000090400000, 0x0000000090400000, 0x0000000090500000|  0%| F|  |TAMS 0x0000000090400000, 0x0000000090400000| Untracked 
| 203|0x0000000090500000, 0x0000000090500000, 0x0000000090600000|  0%| F|  |TAMS 0x0000000090500000, 0x0000000090500000| Untracked 
| 204|0x0000000090600000, 0x0000000090600000, 0x0000000090700000|  0%| F|  |TAMS 0x0000000090600000, 0x0000000090600000| Untracked 
| 205|0x0000000090700000, 0x0000000090700000, 0x0000000090800000|  0%| F|  |TAMS 0x0000000090700000, 0x0000000090700000| Untracked 
| 206|0x0000000090800000, 0x0000000090800000, 0x0000000090900000|  0%| F|  |TAMS 0x0000000090800000, 0x0000000090800000| Untracked 
| 207|0x0000000090900000, 0x0000000090900000, 0x0000000090a00000|  0%| F|  |TAMS 0x0000000090900000, 0x0000000090900000| Untracked 
| 208|0x0000000090a00000, 0x0000000090a00000, 0x0000000090b00000|  0%| F|  |TAMS 0x0000000090a00000, 0x0000000090a00000| Untracked 
| 209|0x0000000090b00000, 0x0000000090b00000, 0x0000000090c00000|  0%| F|  |TAMS 0x0000000090b00000, 0x0000000090b00000| Untracked 
| 210|0x0000000090c00000, 0x0000000090c00000, 0x0000000090d00000|  0%| F|  |TAMS 0x0000000090c00000, 0x0000000090c00000| Untracked 
| 211|0x0000000090d00000, 0x0000000090d00000, 0x0000000090e00000|  0%| F|  |TAMS 0x0000000090d00000, 0x0000000090d00000| Untracked 
| 212|0x0000000090e00000, 0x0000000090e00000, 0x0000000090f00000|  0%| F|  |TAMS 0x0000000090e00000, 0x0000000090e00000| Untracked 
| 213|0x0000000090f00000, 0x0000000090f00000, 0x0000000091000000|  0%| F|  |TAMS 0x0000000090f00000, 0x0000000090f00000| Untracked 
| 214|0x0000000091000000, 0x0000000091000000, 0x0000000091100000|  0%| F|  |TAMS 0x0000000091000000, 0x0000000091000000| Untracked 
| 215|0x0000000091100000, 0x0000000091100000, 0x0000000091200000|  0%| F|  |TAMS 0x0000000091100000, 0x0000000091100000| Untracked 
| 216|0x0000000091200000, 0x0000000091200000, 0x0000000091300000|  0%| F|  |TAMS 0x0000000091200000, 0x0000000091200000| Untracked 
| 217|0x0000000091300000, 0x0000000091300000, 0x0000000091400000|  0%| F|  |TAMS 0x0000000091300000, 0x0000000091300000| Untracked 
| 218|0x0000000091400000, 0x0000000091400000, 0x0000000091500000|  0%| F|  |TAMS 0x0000000091400000, 0x0000000091400000| Untracked 
| 219|0x0000000091500000, 0x0000000091500000, 0x0000000091600000|  0%| F|  |TAMS 0x0000000091500000, 0x0000000091500000| Untracked 
| 220|0x0000000091600000, 0x0000000091600000, 0x0000000091700000|  0%| F|  |TAMS 0x0000000091600000, 0x0000000091600000| Untracked 
| 221|0x0000000091700000, 0x0000000091700000, 0x0000000091800000|  0%| F|  |TAMS 0x0000000091700000, 0x0000000091700000| Untracked 
| 222|0x0000000091800000, 0x0000000091800000, 0x0000000091900000|  0%| F|  |TAMS 0x0000000091800000, 0x0000000091800000| Untracked 
| 223|0x0000000091900000, 0x0000000091900000, 0x0000000091a00000|  0%| F|  |TAMS 0x0000000091900000, 0x0000000091900000| Untracked 
| 224|0x0000000091a00000, 0x0000000091a00000, 0x0000000091b00000|  0%| F|  |TAMS 0x0000000091a00000, 0x0000000091a00000| Untracked 
| 225|0x0000000091b00000, 0x0000000091b00000, 0x0000000091c00000|  0%| F|  |TAMS 0x0000000091b00000, 0x0000000091b00000| Untracked 
| 226|0x0000000091c00000, 0x0000000091c00000, 0x0000000091d00000|  0%| F|  |TAMS 0x0000000091c00000, 0x0000000091c00000| Untracked 
| 227|0x0000000091d00000, 0x0000000091d00000, 0x0000000091e00000|  0%| F|  |TAMS 0x0000000091d00000, 0x0000000091d00000| Untracked 
| 228|0x0000000091e00000, 0x0000000091e00000, 0x0000000091f00000|  0%| F|  |TAMS 0x0000000091e00000, 0x0000000091e00000| Untracked 
| 229|0x0000000091f00000, 0x0000000091f00000, 0x0000000092000000|  0%| F|  |TAMS 0x0000000091f00000, 0x0000000091f00000| Untracked 
| 230|0x0000000092000000, 0x0000000092000000, 0x0000000092100000|  0%| F|  |TAMS 0x0000000092000000, 0x0000000092000000| Untracked 
| 231|0x0000000092100000, 0x0000000092100000, 0x0000000092200000|  0%| F|  |TAMS 0x0000000092100000, 0x0000000092100000| Untracked 
| 232|0x0000000092200000, 0x0000000092200000, 0x0000000092300000|  0%| F|  |TAMS 0x0000000092200000, 0x0000000092200000| Untracked 
| 233|0x0000000092300000, 0x0000000092300000, 0x0000000092400000|  0%| F|  |TAMS 0x0000000092300000, 0x0000000092300000| Untracked 
| 234|0x0000000092400000, 0x0000000092400000, 0x0000000092500000|  0%| F|  |TAMS 0x0000000092400000, 0x0000000092400000| Untracked 
| 235|0x0000000092500000, 0x0000000092500000, 0x0000000092600000|  0%| F|  |TAMS 0x0000000092500000, 0x0000000092500000| Untracked 
| 236|0x0000000092600000, 0x0000000092600000, 0x0000000092700000|  0%| F|  |TAMS 0x0000000092600000, 0x0000000092600000| Untracked 
| 237|0x0000000092700000, 0x0000000092700000, 0x0000000092800000|  0%| F|  |TAMS 0x0000000092700000, 0x0000000092700000| Untracked 
| 238|0x0000000092800000, 0x0000000092800000, 0x0000000092900000|  0%| F|  |TAMS 0x0000000092800000, 0x0000000092800000| Untracked 
| 239|0x0000000092900000, 0x0000000092900000, 0x0000000092a00000|  0%| F|  |TAMS 0x0000000092900000, 0x0000000092900000| Untracked 
| 240|0x0000000092a00000, 0x0000000092a00000, 0x0000000092b00000|  0%| F|  |TAMS 0x0000000092a00000, 0x0000000092a00000| Untracked 
| 241|0x0000000092b00000, 0x0000000092b00000, 0x0000000092c00000|  0%| F|  |TAMS 0x0000000092b00000, 0x0000000092b00000| Untracked 
| 242|0x0000000092c00000, 0x0000000092c00000, 0x0000000092d00000|  0%| F|  |TAMS 0x0000000092c00000, 0x0000000092c00000| Untracked 
| 243|0x0000000092d00000, 0x0000000092d00000, 0x0000000092e00000|  0%| F|  |TAMS 0x0000000092d00000, 0x0000000092d00000| Untracked 
| 244|0x0000000092e00000, 0x0000000092e00000, 0x0000000092f00000|  0%| F|  |TAMS 0x0000000092e00000, 0x0000000092e00000| Untracked 
| 245|0x0000000092f00000, 0x0000000092f00000, 0x0000000093000000|  0%| F|  |TAMS 0x0000000092f00000, 0x0000000092f00000| Untracked 
| 246|0x0000000093000000, 0x0000000093000000, 0x0000000093100000|  0%| F|  |TAMS 0x0000000093000000, 0x0000000093000000| Untracked 
| 247|0x0000000093100000, 0x0000000093100000, 0x0000000093200000|  0%| F|  |TAMS 0x0000000093100000, 0x0000000093100000| Untracked 
| 248|0x0000000093200000, 0x0000000093200000, 0x0000000093300000|  0%| F|  |TAMS 0x0000000093200000, 0x0000000093200000| Untracked 
| 249|0x0000000093300000, 0x0000000093300000, 0x0000000093400000|  0%| F|  |TAMS 0x0000000093300000, 0x0000000093300000| Untracked 
| 250|0x0000000093400000, 0x0000000093400000, 0x0000000093500000|  0%| F|  |TAMS 0x0000000093400000, 0x0000000093400000| Untracked 
| 251|0x0000000093500000, 0x0000000093500000, 0x0000000093600000|  0%| F|  |TAMS 0x0000000093500000, 0x0000000093500000| Untracked 
| 252|0x0000000093600000, 0x0000000093600000, 0x0000000093700000|  0%| F|  |TAMS 0x0000000093600000, 0x0000000093600000| Untracked 
| 253|0x0000000093700000, 0x0000000093700000, 0x0000000093800000|  0%| F|  |TAMS 0x0000000093700000, 0x0000000093700000| Untracked 
| 254|0x0000000093800000, 0x0000000093800000, 0x0000000093900000|  0%| F|  |TAMS 0x0000000093800000, 0x0000000093800000| Untracked 
| 255|0x0000000093900000, 0x0000000093900000, 0x0000000093a00000|  0%| F|  |TAMS 0x0000000093900000, 0x0000000093900000| Untracked 
| 256|0x0000000093a00000, 0x0000000093a00000, 0x0000000093b00000|  0%| F|  |TAMS 0x0000000093a00000, 0x0000000093a00000| Untracked 
| 257|0x0000000093b00000, 0x0000000093b00000, 0x0000000093c00000|  0%| F|  |TAMS 0x0000000093b00000, 0x0000000093b00000| Untracked 
| 258|0x0000000093c00000, 0x0000000093c00000, 0x0000000093d00000|  0%| F|  |TAMS 0x0000000093c00000, 0x0000000093c00000| Untracked 
| 259|0x0000000093d00000, 0x0000000093d00000, 0x0000000093e00000|  0%| F|  |TAMS 0x0000000093d00000, 0x0000000093d00000| Untracked 
| 260|0x0000000093e00000, 0x0000000093e00000, 0x0000000093f00000|  0%| F|  |TAMS 0x0000000093e00000, 0x0000000093e00000| Untracked 
| 261|0x0000000093f00000, 0x0000000093f00000, 0x0000000094000000|  0%| F|  |TAMS 0x0000000093f00000, 0x0000000093f00000| Untracked 
| 262|0x0000000094000000, 0x0000000094000000, 0x0000000094100000|  0%| F|  |TAMS 0x0000000094000000, 0x0000000094000000| Untracked 
| 263|0x0000000094100000, 0x0000000094200000, 0x0000000094200000|100%| E|  |TAMS 0x0000000094100000, 0x0000000094100000| Complete 
| 264|0x0000000094200000, 0x0000000094300000, 0x0000000094300000|100%| E|CS|TAMS 0x0000000094200000, 0x0000000094200000| Complete 
| 265|0x0000000094300000, 0x0000000094400000, 0x0000000094400000|100%| E|CS|TAMS 0x0000000094300000, 0x0000000094300000| Complete 
| 266|0x0000000094400000, 0x0000000094500000, 0x0000000094500000|100%| E|CS|TAMS 0x0000000094400000, 0x0000000094400000| Complete 
| 267|0x0000000094500000, 0x0000000094600000, 0x0000000094600000|100%| E|CS|TAMS 0x0000000094500000, 0x0000000094500000| Complete 
| 268|0x0000000094600000, 0x0000000094700000, 0x0000000094700000|100%| E|  |TAMS 0x0000000094600000, 0x0000000094600000| Complete 
| 269|0x0000000094700000, 0x0000000094800000, 0x0000000094800000|100%| E|CS|TAMS 0x0000000094700000, 0x0000000094700000| Complete 

Card table byte_map: [0x00000243228f0000,0x0000024322ce0000] _byte_map_base: 0x00000243224d3000

Marking Bits (Prev, Next): (CMBitMap*) 0x0000024317b9b0b0, (CMBitMap*) 0x0000024317b9b0f0
 Prev Bits: [0x00000243230d0000, 0x0000024324fe8000)
 Next Bits: [0x0000024324ff0000, 0x0000024326f08000)

Polling page: 0x0000024315b20000

Metaspace:

Usage:
  Non-class:     75.89 MB used.
      Class:     11.60 MB used.
       Both:     87.49 MB used.

Virtual space:
  Non-class space:      128.00 MB reserved,      76.31 MB ( 60%) committed,  2 nodes.
      Class space:        1.00 GB reserved,      12.00 MB (  1%) committed,  1 nodes.
             Both:        1.12 GB reserved,      88.31 MB (  8%) committed. 

Chunk freelists:
   Non-Class:  3.72 MB
       Class:  3.98 MB
        Both:  7.70 MB

MaxMetaspaceSize: unlimited
CompressedClassSpaceSize: 1.00 GB
Initial GC threshold: 21.00 MB
Current GC threshold: 114.81 MB
CDS: on
MetaspaceReclaimPolicy: balanced
 - commit_granule_bytes: 65536.
 - commit_granule_words: 8192.
 - virtual_space_node_default_size: 8388608.
 - enlarge_chunks_in_place: 1.
 - new_chunks_are_fully_committed: 0.
 - uncommit_free_chunks: 1.
 - use_allocation_guard: 0.
 - handle_deallocations: 1.


Internal statistics:

num_allocs_failed_limit: 9.
num_arena_births: 1202.
num_arena_deaths: 0.
num_vsnodes_births: 3.
num_vsnodes_deaths: 0.
num_space_committed: 1413.
num_space_uncommitted: 0.
num_chunks_returned_to_freelist: 9.
num_chunks_taken_from_freelist: 4393.
num_chunk_merges: 9.
num_chunk_splits: 3248.
num_chunks_enlarged: 2495.
num_inconsistent_stats: 0.

CodeCache: size=49152Kb used=19343Kb max_used=20402Kb free=29808Kb
 bounds [0x000002431f3f0000, 0x0000024320850000, 0x00000243223f0000]
 total_blobs=11905 nmethods=11020 adapters=810
 compilation: enabled
              stopped_count=0, restarted_count=0
 full_count=0

Compilation events (20 events):
Event: 762.358 Thread 0x00000243299cac40 11207       1       com.fasterxml.jackson.databind.util.internal.PrivateMaxEntriesMap$Node::<init> (11 bytes)
Event: 762.359 Thread 0x00000243299cac40 nmethod 11207 0x000002431fbff090 code [0x000002431fbff220, 0x000002431fbff378]
Event: 762.363 Thread 0x00000243299cac40 11208       1       org.apache.tomcat.util.buf.AbstractChunk::getLength (10 bytes)
Event: 762.363 Thread 0x00000243299cac40 nmethod 11208 0x000002431ff81010 code [0x000002431ff811a0, 0x000002431ff81278]
Event: 765.045 Thread 0x00000243299cac40 11209   !   1       jdk.internal.reflect.GeneratedConstructorAccessor52::newInstance (49 bytes)
Event: 765.046 Thread 0x00000243299cac40 nmethod 11209 0x000002431f599910 code [0x000002431f599ae0, 0x000002431f599e58]
Event: 765.442 Thread 0x00000243299cac40 11210       1       org.apache.tomcat.util.buf.AbstractChunk::getEnd (5 bytes)
Event: 765.442 Thread 0x00000243299cac40 nmethod 11210 0x000002432000f910 code [0x000002432000faa0, 0x000002432000fb78]
Event: 765.442 Thread 0x00000243299cac40 11211       1       org.apache.tomcat.util.buf.ByteChunk::getBufferElement (7 bytes)
Event: 765.443 Thread 0x00000243299cac40 nmethod 11211 0x000002431f787a10 code [0x000002431f787ba0, 0x000002431f787c98]
Event: 765.443 Thread 0x00000243299cac40 11212       1       org.springframework.http.HttpMethod::name (5 bytes)
Event: 765.443 Thread 0x00000243299cac40 nmethod 11212 0x000002431f7bfa10 code [0x000002431f7bfba0, 0x000002431f7bfc78]
Event: 765.445 Thread 0x00000243299cac40 11213       1       io.netty.util.Recycler::access$300 (5 bytes)
Event: 765.445 Thread 0x00000243299cac40 nmethod 11213 0x000002431f7f2210 code [0x000002431f7f23a0, 0x000002431f7f2458]
Event: 765.447 Thread 0x00000243299cac40 11214       1       org.apache.tomcat.util.buf.MessageBytes::equalsIgnoreCase (78 bytes)
Event: 765.448 Thread 0x00000243299cac40 nmethod 11214 0x000002431f812d90 code [0x000002431f812f60, 0x000002431f813188]
Event: 765.448 Thread 0x00000243299cac40 11215       1       org.apache.tomcat.util.buf.AbstractChunk::recycle (21 bytes)
Event: 765.449 Thread 0x00000243299cac40 nmethod 11215 0x000002431fd79f90 code [0x000002431fd7a120, 0x000002431fd7a1f8]
Event: 771.474 Thread 0x00000243299cac40 11216       1       io.netty.util.Recycler::get (76 bytes)
Event: 771.476 Thread 0x00000243299cac40 nmethod 11216 0x000002431f6d1f90 code [0x000002431f6d21e0, 0x000002431f6d2928]

GC Heap History (20 events):
Event: 20.290 GC heap before
{Heap before GC invocations=26 (full 0):
 garbage-first heap   total 97280K, used 75266K [0x0000000083a00000, 0x0000000100000000)
  region size 1024K, 28 young (28672K), 3 survivors (3072K)
 Metaspace       used 69955K, committed 70528K, reserved 1114112K
  class space    used 9477K, committed 9728K, reserved 1048576K
}
Event: 20.298 GC heap after
{Heap after GC invocations=27 (full 0):
 garbage-first heap   total 97280K, used 52880K [0x0000000083a00000, 0x0000000100000000)
  region size 1024K, 4 young (4096K), 4 survivors (4096K)
 Metaspace       used 69955K, committed 70528K, reserved 1114112K
  class space    used 9477K, committed 9728K, reserved 1048576K
}
Event: 20.301 GC heap before
{Heap before GC invocations=27 (full 0):
 garbage-first heap   total 97280K, used 53904K [0x0000000083a00000, 0x0000000100000000)
  region size 1024K, 5 young (5120K), 4 survivors (4096K)
 Metaspace       used 69955K, committed 70528K, reserved 1114112K
  class space    used 9477K, committed 9728K, reserved 1048576K
}
Event: 20.306 GC heap after
{Heap after GC invocations=28 (full 0):
 garbage-first heap   total 97280K, used 53424K [0x0000000083a00000, 0x0000000100000000)
  region size 1024K, 1 young (1024K), 1 survivors (1024K)
 Metaspace       used 69955K, committed 70528K, reserved 1114112K
  class space    used 9477K, committed 9728K, reserved 1048576K
}
Event: 20.553 GC heap before
{Heap before GC invocations=28 (full 0):
 garbage-first heap   total 97280K, used 73904K [0x0000000083a00000, 0x0000000100000000)
  region size 1024K, 22 young (22528K), 1 survivors (1024K)
 Metaspace       used 70025K, committed 70592K, reserved 1114112K
  class space    used 9488K, committed 9728K, reserved 1048576K
}
Event: 20.561 GC heap after
{Heap after GC invocations=29 (full 0):
 garbage-first heap   total 97280K, used 60255K [0x0000000083a00000, 0x0000000100000000)
  region size 1024K, 3 young (3072K), 3 survivors (3072K)
 Metaspace       used 70025K, committed 70592K, reserved 1114112K
  class space    used 9488K, committed 9728K, reserved 1048576K
}
Event: 20.833 GC heap before
{Heap before GC invocations=30 (full 0):
 garbage-first heap   total 102400K, used 74591K [0x0000000083a00000, 0x0000000100000000)
  region size 1024K, 18 young (18432K), 3 survivors (3072K)
 Metaspace       used 70049K, committed 70592K, reserved 1114112K
  class space    used 9491K, committed 9728K, reserved 1048576K
}
Event: 20.838 GC heap after
{Heap after GC invocations=31 (full 0):
 garbage-first heap   total 102400K, used 63651K [0x0000000083a00000, 0x0000000100000000)
  region size 1024K, 3 young (3072K), 3 survivors (3072K)
 Metaspace       used 70049K, committed 70592K, reserved 1114112K
  class space    used 9491K, committed 9728K, reserved 1048576K
}
Event: 20.845 GC heap before
{Heap before GC invocations=31 (full 0):
 garbage-first heap   total 102400K, used 64675K [0x0000000083a00000, 0x0000000100000000)
  region size 1024K, 5 young (5120K), 3 survivors (3072K)
 Metaspace       used 70049K, committed 70592K, reserved 1114112K
  class space    used 9491K, committed 9728K, reserved 1048576K
}
Event: 20.848 GC heap after
{Heap after GC invocations=32 (full 0):
 garbage-first heap   total 102400K, used 63872K [0x0000000083a00000, 0x0000000100000000)
  region size 1024K, 1 young (1024K), 1 survivors (1024K)
 Metaspace       used 70049K, committed 70592K, reserved 1114112K
  class space    used 9491K, committed 9728K, reserved 1048576K
}
Event: 20.849 GC heap before
{Heap before GC invocations=32 (full 0):
 garbage-first heap   total 102400K, used 63872K [0x0000000083a00000, 0x0000000100000000)
  region size 1024K, 2 young (2048K), 1 survivors (1024K)
 Metaspace       used 70049K, committed 70592K, reserved 1114112K
  class space    used 9491K, committed 9728K, reserved 1048576K
}
Event: 20.853 GC heap after
{Heap after GC invocations=33 (full 0):
 garbage-first heap   total 276480K, used 63719K [0x0000000083a00000, 0x0000000100000000)
  region size 1024K, 1 young (1024K), 1 survivors (1024K)
 Metaspace       used 70049K, committed 70592K, reserved 1114112K
  class space    used 9491K, committed 9728K, reserved 1048576K
}
Event: 21.668 GC heap before
{Heap before GC invocations=33 (full 0):
 garbage-first heap   total 276480K, used 202983K [0x0000000083a00000, 0x0000000100000000)
  region size 1024K, 132 young (135168K), 1 survivors (1024K)
 Metaspace       used 70049K, committed 70592K, reserved 1114112K
  class space    used 9491K, committed 9728K, reserved 1048576K
}
Event: 21.705 GC heap after
{Heap after GC invocations=34 (full 0):
 garbage-first heap   total 276480K, used 92443K [0x0000000083a00000, 0x0000000100000000)
  region size 1024K, 17 young (17408K), 17 survivors (17408K)
 Metaspace       used 70049K, committed 70592K, reserved 1114112K
  class space    used 9491K, committed 9728K, reserved 1048576K
}
Event: 22.358 GC heap before
{Heap before GC invocations=34 (full 0):
 garbage-first heap   total 276480K, used 188699K [0x0000000083a00000, 0x0000000100000000)
  region size 1024K, 109 young (111616K), 17 survivors (17408K)
 Metaspace       used 70883K, committed 71488K, reserved 1114112K
  class space    used 9610K, committed 9856K, reserved 1048576K
}
Event: 22.368 GC heap after
{Heap after GC invocations=35 (full 0):
 garbage-first heap   total 276480K, used 95038K [0x0000000083a00000, 0x0000000100000000)
  region size 1024K, 3 young (3072K), 3 survivors (3072K)
 Metaspace       used 70883K, committed 71488K, reserved 1114112K
  class space    used 9610K, committed 9856K, reserved 1048576K
}
Event: 87.814 GC heap before
{Heap before GC invocations=35 (full 0):
 garbage-first heap   total 276480K, used 197438K [0x0000000083a00000, 0x0000000100000000)
  region size 1024K, 103 young (105472K), 3 survivors (3072K)
 Metaspace       used 80321K, committed 81024K, reserved 1179648K
  class space    used 10721K, committed 11072K, reserved 1048576K
}
Event: 87.904 GC heap after
{Heap after GC invocations=36 (full 0):
 garbage-first heap   total 276480K, used 101235K [0x0000000083a00000, 0x0000000100000000)
  region size 1024K, 9 young (9216K), 9 survivors (9216K)
 Metaspace       used 80321K, committed 81024K, reserved 1179648K
  class space    used 10721K, committed 11072K, reserved 1048576K
}
Event: 761.525 GC heap before
{Heap before GC invocations=36 (full 0):
 garbage-first heap   total 276480K, used 205683K [0x0000000083a00000, 0x0000000100000000)
  region size 1024K, 112 young (114688K), 9 survivors (9216K)
 Metaspace       used 89097K, committed 89856K, reserved 1179648K
  class space    used 11816K, committed 12160K, reserved 1048576K
}
Event: 761.663 GC heap after
{Heap after GC invocations=37 (full 0):
 garbage-first heap   total 276480K, used 108020K [0x0000000083a00000, 0x0000000100000000)
  region size 1024K, 7 young (7168K), 7 survivors (7168K)
 Metaspace       used 89097K, committed 89856K, reserved 1179648K
  class space    used 11816K, committed 12160K, reserved 1048576K
}

Deoptimization events (20 events):
Event: 147.424 Thread 0x000002437187b490 DEOPT PACKING pc=0x00000243200b655c sp=0x00000080d25ff280
Event: 147.424 Thread 0x000002437187b490 DEOPT UNPACKING pc=0x000002431f4466e3 sp=0x00000080d25fe780 mode 0
Event: 186.130 Thread 0x00000243768133e0 DEOPT PACKING pc=0x0000024320050f1c sp=0x00000080d89ff340
Event: 186.130 Thread 0x00000243768133e0 DEOPT UNPACKING pc=0x000002431f4466e3 sp=0x00000080d89fe8b8 mode 0
Event: 186.130 Thread 0x00000243768133e0 DEOPT PACKING pc=0x00000243200b65cc sp=0x00000080d89ff480
Event: 186.130 Thread 0x00000243768133e0 DEOPT UNPACKING pc=0x000002431f4466e3 sp=0x00000080d89fe980 mode 0
Event: 591.781 Thread 0x000002436f546a50 DEOPT PACKING pc=0x00000243200b65cc sp=0x00000080d2dfeec0
Event: 591.782 Thread 0x000002436f546a50 DEOPT UNPACKING pc=0x000002431f4466e3 sp=0x00000080d2dfe3c0 mode 0
Event: 601.813 Thread 0x000002436f72f1f0 DEOPT PACKING pc=0x00000243200b65cc sp=0x00000080d1dff3e0
Event: 601.814 Thread 0x000002436f72f1f0 DEOPT UNPACKING pc=0x000002431f4466e3 sp=0x00000080d1dfe8e0 mode 0
Event: 637.321 Thread 0x000002436f547980 DEOPT PACKING pc=0x00000243200b65cc sp=0x00000080d35ff250
Event: 637.321 Thread 0x000002436f547980 DEOPT UNPACKING pc=0x000002431f4466e3 sp=0x00000080d35fe750 mode 0
Event: 647.477 Thread 0x0000024376811a90 DEOPT PACKING pc=0x00000243200b65cc sp=0x00000080d88ff1a0
Event: 647.479 Thread 0x0000024376811a90 DEOPT UNPACKING pc=0x000002431f4466e3 sp=0x00000080d88fe6a0 mode 0
Event: 755.815 Thread 0x0000024371fef370 DEOPT PACKING pc=0x0000024320050f1c sp=0x00000080d6eff290
Event: 755.815 Thread 0x0000024371fef370 DEOPT UNPACKING pc=0x000002431f4466e3 sp=0x00000080d6efe810 mode 0
Event: 762.336 Thread 0x0000024371fed000 DEOPT PACKING pc=0x0000024320050f1c sp=0x00000080d6ffef20
Event: 762.336 Thread 0x0000024371fed000 DEOPT UNPACKING pc=0x000002431f4466e3 sp=0x00000080d6ffe4a0 mode 0
Event: 765.439 Thread 0x0000024371fedf30 DEOPT PACKING pc=0x0000024320050f1c sp=0x00000080d70ff3a0
Event: 765.441 Thread 0x0000024371fedf30 DEOPT UNPACKING pc=0x000002431f4466e3 sp=0x00000080d70fe920 mode 0

Classes unloaded (0 events):
No events

Classes redefined (0 events):
No events

Internal exceptions (20 events):
Event: 736.092 Thread 0x000002436f730630 Exception <a 'java/io/FileNotFoundException'{0x000000008f94af68}> (0x000000008f94af68) 
thrown [s\open\src\hotspot\share\prims\jni.cpp, line 516]
Event: 746.100 Thread 0x000002436f730630 Exception <a 'java/io/FileNotFoundException'{0x000000008f950a38}> (0x000000008f950a38) 
thrown [s\open\src\hotspot\share\prims\jni.cpp, line 516]
Event: 746.100 Thread 0x000002436f730630 Exception <a 'java/io/FileNotFoundException'{0x000000008f951200}> (0x000000008f951200) 
thrown [s\open\src\hotspot\share\prims\jni.cpp, line 516]
Event: 756.111 Thread 0x000002436f730630 Exception <a 'java/io/FileNotFoundException'{0x000000008f956c58}> (0x000000008f956c58) 
thrown [s\open\src\hotspot\share\prims\jni.cpp, line 516]
Event: 756.112 Thread 0x000002436f730630 Exception <a 'java/io/FileNotFoundException'{0x000000008f957420}> (0x000000008f957420) 
thrown [s\open\src\hotspot\share\prims\jni.cpp, line 516]
Event: 756.620 Thread 0x0000024371fef370 Exception <a 'java/lang/NoSuchMethodError'{0x000000008f49c870}: 'java.lang.Object java.lang.invoke.DirectMethodHandle$Holder.invokeSpecial(java.lang.Object, java.lang.Object, java.lang.Object, java.lang.Object, java.lang.Object, long)'> (0x000000008f49c870) 
thrown [s\open\src\hotspot\share\interpreter\linkResolver.cpp, line 759]
Event: 756.621 Thread 0x0000024371fef370 Exception <a 'java/lang/NoSuchMethodError'{0x000000008f4a02b0}: 'java.lang.Object java.lang.invoke.Invokers$Holder.linkToTargetMethod(java.lang.Object, java.lang.Object, java.lang.Object, long, java.lang.Object)'> (0x000000008f4a02b0) 
thrown [s\open\src\hotspot\share\interpreter\linkResolver.cpp, line 759]
Event: 760.882 Thread 0x0000024371fef370 Exception <a 'java/lang/ClassNotFoundException'{0x000000008e4e3650}: jdk/jfr/internal/handlers/EventHandler19833_1772529292501-14240> (0x000000008e4e3650) 
thrown [s\open\src\hotspot\share\classfile\systemDictionary.cpp, line 256]
Event: 760.892 Thread 0x0000024371fef370 Exception <a 'java/lang/ClassNotFoundException'{0x000000008e4f8e20}: jdk/jfr/internal/handlers/EventHandler19838_1772529292501-14240> (0x000000008e4f8e20) 
thrown [s\open\src\hotspot\share\classfile\systemDictionary.cpp, line 256]
Event: 761.182 Thread 0x0000024371f49e60 Exception <a 'java/lang/NoSuchMethodError'{0x000000008e24c4d0}: 'java.lang.Object java.lang.invoke.DirectMethodHandle$Holder.invokeStaticInit(java.lang.Object, java.lang.Object, java.lang.Object, java.lang.Object, java.lang.Object, java.lang.Object)'> (0x000000008e24c4d0) 
thrown [s\open\src\hotspot\share\interpreter\linkResolver.cpp, line 759]
Event: 761.203 Thread 0x0000024371f49e60 Exception <a 'java/lang/ClassNotFoundException'{0x000000008e2b06f0}: jdk/jfr/internal/handlers/EventHandler19913_1772529292501-14240> (0x000000008e2b06f0) 
thrown [s\open\src\hotspot\share\classfile\systemDictionary.cpp, line 256]
Event: 761.730 Thread 0x0000024371f49e60 Exception <a 'java/lang/ClassNotFoundException'{0x0000000094773df8}: jdk/jfr/internal/handlers/EventHandler19979_1772529292501-14240> (0x0000000094773df8) 
thrown [s\open\src\hotspot\share\classfile\systemDictionary.cpp, line 256]
Event: 761.796 Thread 0x0000024371fef370 Exception <a 'java/lang/NoSuchMethodError'{0x00000000946cbfb0}: 'java.lang.Object java.lang.invoke.DirectMethodHandle$Holder.newInvokeSpecial(java.lang.Object, java.lang.Object, java.lang.Object, java.lang.Object, long)'> (0x00000000946cbfb0) 
thrown [s\open\src\hotspot\share\interpreter\linkResolver.cpp, line 759]
Event: 762.065 Thread 0x0000024371fef370 Exception <a 'java/io/IOException'{0x00000000945c2310}> (0x00000000945c2310) 
thrown [s\open\src\hotspot\share\prims\jni.cpp, line 516]
Event: 766.229 Thread 0x000002436f730630 Exception <a 'java/io/FileNotFoundException'{0x00000000943b9610}> (0x00000000943b9610) 
thrown [s\open\src\hotspot\share\prims\jni.cpp, line 516]
Event: 766.229 Thread 0x000002436f730630 Exception <a 'java/io/FileNotFoundException'{0x00000000943b9dd8}> (0x00000000943b9dd8) 
thrown [s\open\src\hotspot\share\prims\jni.cpp, line 516]
Event: 776.479 Thread 0x000002436f730630 Exception <a 'java/io/FileNotFoundException'{0x00000000943bf830}> (0x00000000943bf830) 
thrown [s\open\src\hotspot\share\prims\jni.cpp, line 516]
Event: 776.479 Thread 0x000002436f730630 Exception <a 'java/io/FileNotFoundException'{0x00000000943bfff8}> (0x00000000943bfff8) 
thrown [s\open\src\hotspot\share\prims\jni.cpp, line 516]
Event: 777.347 Thread 0x00000243768175b0 Exception <a 'java/lang/OutOfMemoryError'{0x000000009439d288}: unable to create native thread: possibly out of memory or process/resource limits reached> (0x000000009439d288) 
thrown [s\open\src\hotspot\share\prims\jvm.cpp, line 2923]
Event: 777.385 Thread 0x00000243768175b0 Exception <a 'java/lang/OutOfMemoryError'{0x0000000094159c30}: unable to create native thread: possibly out of memory or process/resource limits reached> (0x0000000094159c30) 
thrown [s\open\src\hotspot\share\prims\jvm.cpp, line 2923]

VM Operations (20 events):
Event: 760.935 Executing VM operation: HandshakeAllThreads
Event: 760.936 Executing VM operation: HandshakeAllThreads done
Event: 760.936 Executing VM operation: HandshakeAllThreads
Event: 760.936 Executing VM operation: HandshakeAllThreads done
Event: 761.177 Executing VM operation: HandshakeAllThreads
Event: 761.177 Executing VM operation: HandshakeAllThreads done
Event: 761.445 Executing VM operation: HandshakeAllThreads
Event: 761.446 Executing VM operation: HandshakeAllThreads done
Event: 761.525 Executing VM operation: G1CollectForAllocation
Event: 761.663 Executing VM operation: G1CollectForAllocation done
Event: 761.822 Executing VM operation: HandshakeAllThreads
Event: 761.823 Executing VM operation: HandshakeAllThreads done
Event: 761.999 Executing VM operation: HandshakeAllThreads
Event: 761.999 Executing VM operation: HandshakeAllThreads done
Event: 763.008 Executing VM operation: Cleanup
Event: 763.008 Executing VM operation: Cleanup done
Event: 764.020 Executing VM operation: Cleanup
Event: 764.020 Executing VM operation: Cleanup done
Event: 772.131 Executing VM operation: Cleanup
Event: 772.131 Executing VM operation: Cleanup done

Events (20 events):
Event: 761.473 Thread 0x0000024376c4a230 Thread exited: 0x0000024376c4a230
Event: 761.724 loading class java/util/concurrent/CompletableFuture$UniRun
Event: 761.725 loading class java/util/concurrent/CompletableFuture$UniRun done
Event: 761.730 loading class jdk/jfr/internal/handlers/EventHandler19979_1772529292501-14240
Event: 761.730 loading class jdk/jfr/internal/handlers/EventHandler19979_1772529292501-14240 done
Event: 762.065 loading class sun/net/ConnectionResetException
Event: 762.066 loading class sun/net/ConnectionResetException done
Event: 764.270 Thread 0x0000024371f4fe90 Thread exited: 0x0000024371f4fe90
Event: 765.037 Thread 0x0000024376c4cfc0 Thread added: 0x0000024376c4cfc0
Event: 765.349 Thread 0x0000024371f49440 Thread exited: 0x0000024371f49440
Event: 766.015 Thread 0x0000024376c4a230 Thread added: 0x0000024376c4a230
Event: 769.861 Thread 0x0000024371f4c6e0 Thread exited: 0x0000024371f4c6e0
Event: 770.537 Thread 0x0000024376c4ac50 Thread added: 0x0000024376c4ac50
Event: 770.783 Thread 0x0000024371f4e030 Thread exited: 0x0000024371f4e030
Event: 771.484 Thread 0x0000024376c4d4d0 Thread added: 0x0000024376c4d4d0
Event: 775.244 Thread 0x0000024376c4cfc0 Thread exited: 0x0000024376c4cfc0
Event: 776.139 Thread 0x0000024376c4a230 Thread exited: 0x0000024376c4a230
Event: 776.720 Thread 0x0000024376c4b160 Thread added: 0x0000024376c4b160
Event: 777.361 Thread 0x0000024376c4cfc0 Thread added: 0x0000024376c4cfc0
Event: 777.385 Thread 0x0000024376c4a230 Thread added: 0x0000024376c4a230


Dynamic libraries:
0x00007ff7dc780000 - 0x00007ff7dc790000 	D:\jdk17\bin\java.exe
0x00007ff96cd70000 - 0x00007ff96cf68000 	C:\windows\SYSTEM32\ntdll.dll
0x00007ff96c190000 - 0x00007ff96c252000 	C:\windows\System32\KERNEL32.DLL
0x00007ff96a6b0000 - 0x00007ff96a9a6000 	C:\windows\System32\KERNELBASE.dll
0x00007ff96abf0000 - 0x00007ff96acf0000 	C:\windows\System32\ucrtbase.dll
0x00007ff961b30000 - 0x00007ff961b4b000 	D:\jdk17\bin\VCRUNTIME140.dll
0x00007ff962db0000 - 0x00007ff962dc9000 	D:\jdk17\bin\jli.dll
0x00007ff96ad90000 - 0x00007ff96ae41000 	C:\windows\System32\ADVAPI32.dll
0x00007ff96b780000 - 0x00007ff96b81e000 	C:\windows\System32\msvcrt.dll
0x00007ff96af70000 - 0x00007ff96b00f000 	C:\windows\System32\sechost.dll
0x00007ff96c390000 - 0x00007ff96c4b0000 	C:\windows\System32\RPCRT4.dll
0x00007ff96aa90000 - 0x00007ff96aab7000 	C:\windows\System32\bcrypt.dll
0x00007ff96c5e0000 - 0x00007ff96c781000 	C:\windows\System32\USER32.dll
0x00007ff96a400000 - 0x00007ff96a422000 	C:\windows\System32\win32u.dll
0x00007ff94f090000 - 0x00007ff94f32b000 	C:\windows\WinSxS\amd64_microsoft.windows.common-controls_6595b64144ccf1df_6.0.19041.6456_none_60b8a6cb71f64256\COMCTL32.dll
0x00007ff96cc00000 - 0x00007ff96cc2b000 	C:\windows\System32\GDI32.dll
0x00007ff96a430000 - 0x00007ff96a549000 	C:\windows\System32\gdi32full.dll
0x00007ff96acf0000 - 0x00007ff96ad8d000 	C:\windows\System32\msvcp_win.dll
0x00007ff963d20000 - 0x00007ff963d2a000 	C:\windows\SYSTEM32\VERSION.dll
0x00007ff96bc80000 - 0x00007ff96bcaf000 	C:\windows\System32\IMM32.DLL
0x00007ff962e00000 - 0x00007ff962e0c000 	D:\jdk17\bin\vcruntime140_1.dll
0x00007ff961990000 - 0x00007ff961a1e000 	D:\jdk17\bin\msvcp140.dll
0x00007ff8ea0a0000 - 0x00007ff8eac80000 	D:\jdk17\bin\server\jvm.dll
0x00007ff96bcb0000 - 0x00007ff96bcb8000 	C:\windows\System32\PSAPI.DLL
0x00007ff961ad0000 - 0x00007ff961ad9000 	C:\windows\SYSTEM32\WSOCK32.dll
0x00007ff95a1a0000 - 0x00007ff95a1c7000 	C:\windows\SYSTEM32\WINMM.dll
0x00007ff96c320000 - 0x00007ff96c38b000 	C:\windows\System32\WS2_32.dll
0x00007ff968bd0000 - 0x00007ff968be2000 	C:\windows\SYSTEM32\kernel.appcore.dll
0x00007ff961ac0000 - 0x00007ff961aca000 	D:\jdk17\bin\jimage.dll
0x00007ff967fa0000 - 0x00007ff9681a1000 	C:\windows\SYSTEM32\DBGHELP.DLL
0x00007ff94edb0000 - 0x00007ff94ede4000 	C:\windows\SYSTEM32\dbgcore.DLL
0x00007ff96aa00000 - 0x00007ff96aa82000 	C:\windows\System32\bcryptPrimitives.dll
0x00007ff965030000 - 0x00007ff96503e000 	D:\jdk17\bin\instrument.dll
0x00007ff9559b0000 - 0x00007ff9559d5000 	D:\jdk17\bin\java.dll
0x00007ff927170000 - 0x00007ff927247000 	D:\jdk17\bin\jsvml.dll
0x00007ff96b010000 - 0x00007ff96b780000 	C:\windows\System32\SHELL32.dll
0x00007ff968410000 - 0x00007ff968bb5000 	C:\windows\SYSTEM32\windows.storage.dll
0x00007ff96b830000 - 0x00007ff96bb84000 	C:\windows\System32\combase.dll
0x00007ff969d50000 - 0x00007ff969d7b000 	C:\windows\SYSTEM32\Wldp.dll
0x00007ff96bdd0000 - 0x00007ff96be9d000 	C:\windows\System32\OLEAUT32.dll
0x00007ff96bd20000 - 0x00007ff96bdcd000 	C:\windows\System32\SHCORE.dll
0x00007ff96bb90000 - 0x00007ff96bbeb000 	C:\windows\System32\shlwapi.dll
0x00007ff96a330000 - 0x00007ff96a354000 	C:\windows\SYSTEM32\profapi.dll
0x00007ff9490b0000 - 0x00007ff9490c8000 	D:\jdk17\bin\zip.dll
0x00007ff94bac0000 - 0x00007ff94bad9000 	D:\jdk17\bin\net.dll
0x00007ff961370000 - 0x00007ff96147a000 	C:\windows\SYSTEM32\WINHTTP.dll
0x00007ff969b30000 - 0x00007ff969b9a000 	C:\windows\system32\mswsock.dll
0x00007ff94b980000 - 0x00007ff94b996000 	D:\jdk17\bin\nio.dll
0x00007ff963540000 - 0x00007ff96355a000 	D:\idea\IDEA2024\IntelliJ IDEA 2024.2.1\bin\breakgen64.dll
0x00007ff969820000 - 0x00007ff9698ea000 	C:\windows\SYSTEM32\DNSAPI.dll
0x00007ff9697c0000 - 0x00007ff9697fb000 	C:\windows\SYSTEM32\IPHLPAPI.DLL
0x00007ff96b820000 - 0x00007ff96b828000 	C:\windows\System32\NSI.dll
0x00007ff963510000 - 0x00007ff96351a000 	C:\Windows\System32\rasadhlp.dll
0x00007ff95df30000 - 0x00007ff95dfb0000 	C:\windows\System32\fwpuclnt.dll
0x00007ff961a70000 - 0x00007ff961a7a000 	D:\jdk17\bin\management.dll
0x00007ff961980000 - 0x00007ff96198b000 	D:\jdk17\bin\management_ext.dll
0x00007ff969d90000 - 0x00007ff969da8000 	C:\windows\SYSTEM32\CRYPTSP.dll
0x00007ff969390000 - 0x00007ff9693c8000 	C:\windows\system32\rsaenh.dll
0x00007ff96a2b0000 - 0x00007ff96a2de000 	C:\windows\SYSTEM32\USERENV.dll
0x00007ff969cc0000 - 0x00007ff969ccc000 	C:\windows\SYSTEM32\CRYPTBASE.dll
0x00007ff963160000 - 0x00007ff963177000 	C:\windows\SYSTEM32\dhcpcsvc6.DLL
0x00007ff962ab0000 - 0x00007ff962acd000 	C:\windows\SYSTEM32\dhcpcsvc.DLL
0x00007ff947ea0000 - 0x00007ff947eb7000 	C:\windows\system32\napinsp.dll
0x00007ff947880000 - 0x00007ff94789b000 	C:\windows\system32\pnrpnsp.dll
0x00007ff966a30000 - 0x00007ff966a4d000 	C:\windows\system32\wshbth.dll
0x00007ff9641f0000 - 0x00007ff96420d000 	C:\windows\system32\NLAapi.dll
0x00007ff9477f0000 - 0x00007ff947802000 	C:\windows\System32\winrnr.dll
0x00007ff94bab0000 - 0x00007ff94babe000 	D:\jdk17\bin\sunmscapi.dll
0x00007ff96a550000 - 0x00007ff96a6ad000 	C:\windows\System32\CRYPT32.dll
0x00007ff969ea0000 - 0x00007ff969ec7000 	C:\windows\SYSTEM32\ncrypt.dll
0x00007ff969e60000 - 0x00007ff969e9b000 	C:\windows\SYSTEM32\NTASN1.dll
0x00007ff9490a0000 - 0x00007ff9490a7000 	C:\windows\system32\wshunix.dll
0x0000000180000000 - 0x000000018020f000 	D:\apache-tomcat-8.0.50\bin\tcnative-1.dll

dbghelp: loaded successfully - version: 4.0.5 - missing functions: none
symbol engine: initialized successfully - sym options: 0x614 - pdb path: .;D:\jdk17\bin;C:\windows\SYSTEM32;C:\windows\WinSxS\amd64_microsoft.windows.common-controls_6595b64144ccf1df_6.0.19041.6456_none_60b8a6cb71f64256;D:\jdk17\bin\server;D:\idea\IDEA2024\IntelliJ IDEA 2024.2.1\bin;D:\apache-tomcat-8.0.50\bin

VM Arguments:
jvm_args: -XX:TieredStopAtLevel=1 -Dspring.output.ansi.enabled=always -Dcom.sun.management.jmxremote -Dspring.jmx.enabled=true -Dspring.liveBeansView.mbeanDomain -Dspring.application.admin.enabled=true -Dmanagement.endpoints.jmx.exposure.include=* -javaagent:D:\idea\IDEA2024\IntelliJ IDEA 2024.2.1\lib\idea_rt.jar=62951:D:\idea\IDEA2024\IntelliJ IDEA 2024.2.1\bin -Dfile.encoding=UTF-8 
java_command: com.daijia.ServiceDispatchApplication
java_class_path (initial): E:\codebase\leshang-daijia-20260104\service\service-dispatch\target\classes;D:\maven\repository\com\xuxueli\xxl-job-core\2.4.0\xxl-job-core-2.4.0.jar;D:\maven\repository\io\netty\netty-codec-http\4.1.107.Final\netty-codec-http-4.1.107.Final.jar;D:\maven\repository\com\google\code\gson\gson\2.10.1\gson-2.10.1.jar;D:\maven\repository\org\apache\groovy\groovy\4.0.20\groovy-4.0.20.jar;D:\maven\repository\org\slf4j\slf4j-api\2.0.12\slf4j-api-2.0.12.jar;D:\maven\repository\org\redisson\redisson\3.27.2\redisson-3.27.2.jar;D:\maven\repository\io\netty\netty-common\4.1.107.Final\netty-common-4.1.107.Final.jar;D:\maven\repository\io\netty\netty-codec\4.1.107.Final\netty-codec-4.1.107.Final.jar;D:\maven\repository\io\netty\netty-buffer\4.1.107.Final\netty-buffer-4.1.107.Final.jar;D:\maven\repository\io\netty\netty-transport\4.1.107.Final\netty-transport-4.1.107.Final.jar;D:\maven\repository\io\netty\netty-resolver\4.1.107.Final\netty-resolver-4.1.107.Final.jar;D:\maven\repository\io\netty\netty-resolver-dns\4.1.107.Final\netty-resolver-dns-4.1.107.Final.jar;D:\maven\repository\io\netty\netty-codec-dns\4.1.107.Final\netty-codec-dns-4.1.107.Final.jar;D:\maven\repository\io\netty\netty-handler\4.1.107.Final\netty-handler-4.1.107.Final.jar;D:\maven\repository\io\netty\netty-transport-native-unix-common\4.1.107.Final\netty-transport-native-unix-common-4.1.107.Final.jar;D:\maven\repository\javax\cache\cache-api\1.1.1\cache-api-1.1.1.jar;D:\maven\repository\io\projectreactor\reactor-core\3.6.4\reactor-core-3.6.4.jar;D:\maven\repository\org\reactivestreams\reactive-streams\1.0.4\reactive-streams-1.0.4.jar;D:\maven\repository\io\reactivex\rxjava3\rxjava\3.1.8\rxjava-3.1.8.jar;D:\maven\repository\org\jboss\marshalling\jboss-marshalling\2.0.11.Final\jboss-marshalling-2.0.11.Final.jar;D:\maven\repository\org\jboss\marshalling\jboss-marshalling-river\2.0.11.Final\jboss-marshalling-river-2.0.11.Final.jar;D:\maven\repository\com\esotericsoftware\kryo\5.6.0\kryo-5
Launcher Type: SUN_STANDARD

[Global flags]
     intx CICompilerCount                          = 4                                         {product} {ergonomic}
     uint ConcGCThreads                            = 2                                         {product} {ergonomic}
     uint G1ConcRefinementThreads                  = 8                                         {product} {ergonomic}
   size_t G1HeapRegionSize                         = 1048576                                   {product} {ergonomic}
    uintx GCDrainStackTargetSize                   = 64                                        {product} {ergonomic}
   size_t InitialHeapSize                          = 132120576                                 {product} {ergonomic}
     bool ManagementServer                         = true                                      {product} {command line}
   size_t MarkStackSize                            = 4194304                                   {product} {ergonomic}
   size_t MaxHeapSize                              = 2086666240                                {product} {ergonomic}
   size_t MaxNewSize                               = 1251999744                                {product} {ergonomic}
   size_t MinHeapDeltaBytes                        = 1048576                                   {product} {ergonomic}
   size_t MinHeapSize                              = 8388608                                   {product} {ergonomic}
    uintx NonProfiledCodeHeapSize                  = 0                                      {pd product} {ergonomic}
     bool ProfileInterpreter                       = false                                  {pd product} {command line}
    uintx ProfiledCodeHeapSize                     = 0                                      {pd product} {ergonomic}
   size_t SoftMaxHeapSize                          = 2086666240                             {manageable} {ergonomic}
     intx TieredStopAtLevel                        = 1                                         {product} {command line}
     bool UseCompressedClassPointers               = true                           {product lp64_product} {ergonomic}
     bool UseCompressedOops                        = true                           {product lp64_product} {ergonomic}
     bool UseG1GC                                  = true                                      {product} {ergonomic}
     bool UseLargePagesIndividualAllocation        = false                                  {pd product} {ergonomic}

Logging:
Log output configuration:
 #0: stdout all=warning uptime,level,tags
 #1: stderr all=off uptime,level,tags

Environment Variables:
JAVA_HOME=D:\jdk17
CLASSPATH=.;D:\jdk17\bin;D:\jdk17\jre\bin;D:\apache-tomcat-8.0.50\lib\servlet-api.jar;F:\jedies-2.1.0;
PATH=C:\Program Files\Common Files\Oracle\Java\javapath;E:\VMware16.2.4\bin\;C:\ProgramData\Oracle\Java\javapath;C:\windows\system32;C:\windows;C:\windows\System32\Wbem;C:\windows\System32\WindowsPowerShell\v1.0\;C:\windows\System32\OpenSSH\;D:\Matlab\bin;D:\mysql8.0.21\mysql-8.0.21-winx64\bin;C:\Program Files\dotnet\;D:\maven\apache-maven-3.9.11;D:\gradle-8.1\gradle-8.1\bin;D:\spring-boot-cli-2.0.1\spring-2.0.1.RELEASE\bin;D:\jdk17\bin;D:\jdk17\jre\bin;D:\GIT\Git\cmd;D:\mdbook;D:\apache-tomcat-8.0.50\bin;D:\apache-tomcat-8.0.50\lib;D:\node.js16.20.2\;D:\node.js16.20.2\node_modules;D:\node.js16.20.2\;D:\redis\Redis;D:\wechatDevTools\微信web开发者工具\dll;F:\TortoiseGit\bin;F:\RabbitMQ\Erlang\erl-24.3.3\bin;F:\RabbitMQ\rabbitmq_server-3.10.10\sbin;D:\maven\apache-maven-3.9.11\bin;F:\微信开发工具1\微信web开发者工具\dll;F:\xshell\;F:\xftp\;F:\mongodb\mongodb-win32-x86_64-windows-8.0.3\bin;;F:\微信开发工具2\微信web开发者工具\dll;C:\Program Files\Docker\Docker\resources\bin;F:\anaconda;F:\anaconda\Library\mingw-w64\bin;F:\anaconda\Library\usr\bin;F:\anaconda\Library\bin;F:\anaconda\Scripts;C:\Program Files\MySQL\MySQL Shell 8.0\bin\;D:\python-3.8.0\Scripts\;D:\python-3.8.0\;D:\python-3.11.3\Scripts\;D:\python-3.11.3\;C:\Users\Administrator\AppData\Local\Microsoft\WindowsApps;C:\Users\Administrator\.dotnet\tools;D:\mysql\MySQL\mysql-8.0.23-winx64\bin;D:\node.js16.20.2\node_global;C:\Users\Administrator\AppData\Roaming\npm;D:\maven\apache-maven-3.9.11\bin;;E:\pycharm\PyCharm 2024.2.4\bin;
USERNAME=Administrator
OS=Windows_NT
PROCESSOR_IDENTIFIER=Intel64 Family 6 Model 126 Stepping 5, GenuineIntel



---------------  S Y S T E M  ---------------

OS:
 Windows 10 , 64 bit Build 19041 (10.0.19041.5915)
OS uptime: 0 days 0:24 hours
Hyper-V role detected

CPU: total 8 (initial active 8) (4 cores per cpu, 2 threads per core) family 6 model 126 stepping 5 microcode 0xc2, cx8, cmov, fxsr, ht, mmx, 3dnowpref, sse, sse2, sse3, ssse3, sse4.1, sse4.2, popcnt, lzcnt, tsc, tscinvbit, avx, avx2, aes, erms, clmul, bmi1, bmi2, adx, avx512f, avx512dq, avx512cd, avx512bw, avx512vl, sha, fma, vzeroupper, avx512_vpopcntdq, avx512_vpclmulqdq, avx512_vaes, avx512_vnni, clflush, clflushopt, avx512_vbmi2, avx512_vbmi, hv

Memory: 4k page, system-wide physical 7959M (132M free)
TotalPageFile size 20759M (AvailPageFile size 97M)
current process WorkingSet (physical memory assigned to process): 226M, peak: 443M
current process commit charge ("private bytes"): 609M, peak: 612M

vm_info: Java HotSpot(TM) 64-Bit Server VM (17.0.12+8-LTS-286) for windows-amd64 JRE (17.0.12+8-LTS-286), built on Jun  5 2024 06:46:59 by "mach5one" with MS VC++ 17.6 (VS2022)

END.
