JvmtiExport can_access_local_variables 0
JvmtiExport can_hotswap_or_post_breakpoint 0
JvmtiExport can_post_on_exceptions 0
# 234 ciObject found
ciInstanceKlass java/lang/Cloneable 1 0 7 100 1 100 1 1 1
instanceKlass java/util/concurrent/atomic/Striped64$Cell
instanceKlass org/apache/tomcat/util/buf/HexUtils
instanceKlass org/apache/coyote/http11/Constants
instanceKlass com/fasterxml/jackson/databind/ObjectWriter$Prefetch
instanceKlass com/fasterxml/jackson/databind/ObjectWriter$GeneratorSettings
instanceKlass com/fasterxml/jackson/core/util/MinimalPrettyPrinter
instanceKlass org/springframework/util/TypeUtils
instanceKlass org/apache/coyote/Constants
instanceKlass org/apache/tomcat/util/http/parser/MediaType
instanceKlass org/springframework/http/StreamingHttpOutputMessage
instanceKlass org/springframework/http/converter/json/MappingJacksonValue
instanceKlass org/springframework/web/util/UriUtils
instanceKlass jakarta/xml/bind/annotation/XmlRootElement
instanceKlass java/util/stream/DoubleStream
instanceKlass com/daijia/model/vo/map/NearByDriverVo
instanceKlass org/springframework/http/server/ServletServerHttpResponse
instanceKlass org/springframework/web/context/request/async/WebAsyncTask
instanceKlass org/springframework/web/servlet/mvc/method/annotation/StreamingResponseBody
instanceKlass org/springframework/web/method/support/AsyncHandlerMethodReturnValueHandler
instanceKlass org/springframework/data/redis/connection/lettuce/LettuceConverters$GeoResultConverterFactory$GeoResultConverter
instanceKlass io/lettuce/core/internal/Futures
instanceKlass io/lettuce/core/LettuceFutures
instanceKlass io/lettuce/core/protocol/DefaultEndpoint$ListenerSupport
instanceKlass io/lettuce/core/protocol/CommandArgs$EncodeFunction
instanceKlass io/lettuce/core/output/OutputFactory
instanceKlass io/lettuce/core/output/StreamingOutput$Subscriber
instanceKlass org/springframework/data/redis/connection/lettuce/LettuceInvoker$DefaultSingleInvocationSpec
instanceKlass org/springframework/data/redis/connection/lettuce/LettuceInvoker$ConnectionFunction0
instanceKlass org/springframework/data/redis/connection/lettuce/LettuceInvoker$Synchronizer
instanceKlass org/springframework/data/redis/connection/lettuce/LettuceInvoker$ManyInvocationSpec
instanceKlass org/springframework/data/redis/connection/lettuce/LettuceInvoker$SingleInvocationSpec
instanceKlass org/springframework/data/redis/connection/lettuce/LettuceInvoker
instanceKlass org/springframework/data/redis/connection/lettuce/LettuceConverters$GeoResultsConverterFactory$GeoResultsConverter
instanceKlass org/springframework/data/redis/connection/lettuce/LettuceConverters$1
instanceKlass org/springframework/data/redis/connection/convert/Converters$DeserializingGeoResultsConverter
instanceKlass org/springframework/data/redis/connection/convert/Converters
instanceKlass org/springframework/data/redis/connection/DefaultStringRedisConnection$1
instanceKlass org/springframework/data/redis/connection/convert/MapConverter
instanceKlass org/springframework/data/redis/connection/convert/ListConverter
instanceKlass org/springframework/data/redis/connection/DefaultStringRedisConnection$StringTupleConverter
instanceKlass org/springframework/data/redis/connection/convert/SetConverter
instanceKlass org/springframework/data/redis/connection/StringRedisConnection$StringTuple
instanceKlass org/springframework/data/redis/connection/DefaultStringRedisConnection$TupleConverter
instanceKlass org/springframework/data/redis/connection/DefaultStringRedisConnection$SerializingConverter
instanceKlass org/springframework/data/redis/connection/DefaultStringRedisConnection$DeserializingConverter
instanceKlass org/springframework/data/redis/connection/zset/Tuple
instanceKlass org/springframework/data/redis/connection/DefaultStringRedisConnection
instanceKlass org/springframework/data/redis/connection/DecoratedRedisConnection
instanceKlass org/springframework/data/redis/connection/StringRedisConnection
instanceKlass org/springframework/data/redis/connection/lettuce/LettuceZSetCommands
instanceKlass org/springframework/data/redis/connection/lettuce/LettuceStringCommands
instanceKlass org/springframework/data/redis/connection/lettuce/LettuceStreamCommands
instanceKlass org/springframework/data/redis/connection/lettuce/LettuceServerCommands
instanceKlass org/springframework/data/redis/connection/lettuce/LettuceSetCommands
instanceKlass org/springframework/data/redis/connection/lettuce/LettuceScriptingCommands
instanceKlass org/springframework/data/redis/connection/lettuce/LettuceListCommands
instanceKlass org/springframework/data/redis/connection/lettuce/LettuceKeyCommands
instanceKlass org/springframework/data/redis/connection/lettuce/LettuceHyperLogLogCommands
instanceKlass org/springframework/data/redis/connection/lettuce/LettuceHashCommands
instanceKlass org/springframework/data/redis/connection/lettuce/LettuceGeoCommands
instanceKlass io/lettuce/core/CloseEvents$CloseListener
instanceKlass io/lettuce/core/ConnectionState$HandshakeResponse
instanceKlass io/lettuce/core/internal/ExceptionFactory
instanceKlass org/LatencyUtils/PauseDetectorListener
instanceKlass org/HdrHistogram/HistogramIterationValue
instanceKlass org/HdrHistogram/AbstractHistogramIterator
instanceKlass org/HdrHistogram/DoubleValueRecorder
instanceKlass org/HdrHistogram/WriterReaderPhaser
instanceKlass org/LatencyUtils/TimeServices
instanceKlass org/LatencyUtils/TimeServices$ScheduledExecutor$CompareRunnableTaskEntryByStartTime
instanceKlass org/LatencyUtils/TimeServices$ScheduledExecutor
instanceKlass org/LatencyUtils/IntervalEstimator
instanceKlass org/LatencyUtils/LatencyStats
instanceKlass org/LatencyUtils/LatencyStats$Builder
instanceKlass io/lettuce/core/metrics/CommandLatencyId
instanceKlass io/netty/util/ByteProcessor$4
instanceKlass io/netty/util/ByteProcessor$3
instanceKlass io/netty/util/ByteProcessor$2
instanceKlass io/netty/util/ByteProcessor$1
instanceKlass io/netty/util/ByteProcessor$IndexNotOfProcessor
instanceKlass io/netty/util/ByteProcessor$IndexOfProcessor
instanceKlass io/lettuce/core/protocol/CommandHandler$AddToStack
instanceKlass io/lettuce/core/protocol/WithLatency
instanceKlass io/lettuce/core/protocol/CommandWrapper
instanceKlass io/lettuce/core/protocol/Command
instanceKlass io/lettuce/core/protocol/CommandArgs$IntegerCache
instanceKlass io/lettuce/core/protocol/CommandArgs$SingularArgument
instanceKlass io/lettuce/core/protocol/ChannelLogDescriptor
instanceKlass io/lettuce/core/event/connection/ConnectionEventSupport
instanceKlass io/lettuce/core/event/connection/ConnectionEvent
instanceKlass io/lettuce/core/ConnectionId
instanceKlass io/lettuce/core/protocol/RedisStateMachine$Resp2LongProcessor
instanceKlass io/lettuce/core/protocol/RedisStateMachine$State
instanceKlass io/lettuce/core/protocol/RedisStateMachine$State$StateHandler
instanceKlass io/lettuce/core/protocol/RedisStateMachine
instanceKlass io/lettuce/core/protocol/ReconnectionHandler
instanceKlass io/lettuce/core/protocol/CommandHandler$BackpressureSource
instanceKlass io/lettuce/core/internal/LettuceSets
instanceKlass io/lettuce/core/protocol/DemandAware$Source
instanceKlass io/lettuce/core/api/push/PushMessage
instanceKlass reactor/core/publisher/Operators$CancelledSubscription
instanceKlass reactor/core/publisher/MonoCallable$MonoCallableSubscription
instanceKlass reactor/core/Scannable$Attr
instanceKlass reactor/core/publisher/ContextPropagationSupport
instanceKlass reactor/core/publisher/FluxPeekFuseable$PeekConditionalSubscriber
instanceKlass reactor/core/publisher/MonoPeekTerminal$MonoTerminalPeekSubscriber
instanceKlass reactor/core/publisher/FluxPeekFuseable$PeekFuseableSubscriber
instanceKlass reactor/core/publisher/InnerOperator
instanceKlass reactor/core/Fuseable$QueueSubscription
instanceKlass reactor/core/publisher/Operators$1
instanceKlass reactor/core/Fuseable$ConditionalSubscriber
instanceKlass reactor/core/publisher/Operators
instanceKlass reactor/util/context/Context0
instanceKlass reactor/util/context/CoreContext
instanceKlass reactor/util/context/Context
instanceKlass reactor/core/publisher/LambdaMonoSubscriber
instanceKlass reactor/core/publisher/InnerConsumer
instanceKlass io/lettuce/core/event/jfr/JfrEventRecorder$JfrRecordableEvent
instanceKlass io/lettuce/core/event/connection/ConnectEvent
instanceKlass jdk/jfr/internal/StringPool$SimpleStringIdPool
instanceKlass jdk/jfr/internal/SecuritySupport$6
instanceKlass jdk/jfr/internal/EventInstrumentation$FieldInfo
instanceKlass jdk/jfr/internal/ASMToolkit
instanceKlass jdk/internal/org/objectweb/asm/commons/Method
instanceKlass jdk/jfr/internal/EventWriter
instanceKlass jdk/jfr/internal/StringPool
instanceKlass jdk/jfr/internal/EventHandlerCreator
instanceKlass jdk/jfr/SettingDefinition
instanceKlass jdk/jfr/internal/handlers/EventHandler
instanceKlass jdk/jfr/internal/MirrorEvent
instanceKlass jdk/jfr/internal/RequestEngine
instanceKlass jdk/jfr/internal/RequestEngine$RequestHook
instanceKlass jdk/jfr/internal/EventControl$NamedControl
instanceKlass jdk/jfr/internal/settings/BooleanValue
instanceKlass jdk/jfr/internal/Control
instanceKlass jdk/jfr/SettingDescriptor
instanceKlass jdk/jfr/BooleanFlag
instanceKlass jdk/jfr/internal/EventControl
instanceKlass jdk/jfr/internal/AnnotationConstruct$AnnotationInvokationHandler
instanceKlass jdk/jfr/internal/SettingsManager
instanceKlass jdk/jfr/internal/Logger
instanceKlass jdk/jfr/EventType
instanceKlass jdk/jfr/Frequency
instanceKlass jdk/jfr/Percentage
instanceKlass jdk/jfr/DataAmount
instanceKlass jdk/jfr/MemoryAddress
instanceKlass jdk/jfr/internal/Cutoff
instanceKlass jdk/jfr/internal/Throttle
instanceKlass jdk/jfr/internal/MetadataLoader$FieldElement
instanceKlass jdk/jfr/internal/MetadataLoader$TypeElement
instanceKlass jdk/jfr/Category
instanceKlass jdk/jfr/Unsigned
instanceKlass jdk/jfr/Experimental
instanceKlass jdk/jfr/TransitionFrom
instanceKlass jdk/jfr/TransitionTo
instanceKlass jdk/jfr/Relational
instanceKlass jdk/jfr/internal/SecuritySupport$1
instanceKlass jdk/jfr/internal/MetadataLoader
instanceKlass jdk/jfr/Timestamp
instanceKlass jdk/jfr/internal/SecuritySupport$2
instanceKlass jdk/jfr/Description
instanceKlass jdk/jfr/ContentType
instanceKlass jdk/jfr/Timespan
instanceKlass jdk/jfr/ValueDescriptor
instanceKlass jdk/jfr/internal/PrivateAccess
instanceKlass jdk/internal/loader/BootLoader$PackageHelper
instanceKlass jdk/jfr/Name
instanceKlass jdk/jfr/internal/AnnotationConstruct
instanceKlass jdk/jfr/SettingControl
instanceKlass jdk/jfr/internal/Type
instanceKlass jdk/jfr/MetadataDefinition
instanceKlass jdk/jfr/Enabled
instanceKlass jdk/jfr/Period
instanceKlass jdk/jfr/StackTrace
instanceKlass jdk/jfr/Threshold
instanceKlass jdk/jfr/Registered
instanceKlass jdk/jfr/Label
instanceKlass jdk/jfr/AnnotationElement
instanceKlass jdk/jfr/internal/TypeLibrary
instanceKlass jdk/jfr/internal/MetadataRepository
instanceKlass jdk/jfr/internal/Utils
instanceKlass jdk/jfr/internal/Options
instanceKlass jdk/jfr/internal/JVM$ChunkRotationMonitor
instanceKlass jdk/jfr/internal/JVM
instanceKlass jdk/jfr/internal/consumer/FileAccess
instanceKlass jdk/jfr/internal/SecuritySupport$4
instanceKlass jdk/jfr/internal/SecuritySupport$SafePath
instanceKlass jdk/jfr/internal/SecuritySupport$CallableWithoutCheckException
instanceKlass jdk/jfr/internal/SecuritySupport
instanceKlass jdk/jfr/internal/JVMSupport
instanceKlass io/lettuce/core/event/connection/ConnectionCreatedEvent
instanceKlass io/lettuce/core/codec/StringCodec
instanceKlass io/lettuce/core/RedisHandshake$RedisVersion
instanceKlass io/lettuce/core/RedisHandshake
instanceKlass reactor/core/publisher/OnNextFailureStrategy
instanceKlass io/lettuce/core/StaticRedisCredentials
instanceKlass io/lettuce/core/RedisCredentials
instanceKlass io/lettuce/core/StaticCredentialsProvider
instanceKlass io/lettuce/core/RedisCredentialsProvider$ImmediateRedisCredentialsProvider
instanceKlass io/lettuce/core/protocol/ReconnectionListener$1
instanceKlass io/lettuce/core/protocol/ReconnectionListener
instanceKlass io/lettuce/core/AbstractRedisReactiveCommands
instanceKlass io/lettuce/core/BitFieldArgs$SubCommand
instanceKlass io/lettuce/core/protocol/DecoratedCommand
instanceKlass io/lettuce/core/protocol/CompleteableCommand
instanceKlass io/lettuce/core/TransactionResult
instanceKlass io/lettuce/core/StringMatchResult
instanceKlass io/lettuce/core/StrAlgoArgs
instanceKlass io/lettuce/core/GetExArgs
instanceKlass io/lettuce/core/BitFieldArgs
instanceKlass io/lettuce/core/SetArgs
instanceKlass io/lettuce/core/XGroupCreateArgs
instanceKlass io/lettuce/core/XTrimArgs
instanceKlass io/lettuce/core/XReadArgs$StreamOffset
instanceKlass io/lettuce/core/XReadArgs
instanceKlass io/lettuce/core/XPendingArgs
instanceKlass io/lettuce/core/models/stream/PendingMessages
instanceKlass io/lettuce/core/XAddArgs
instanceKlass io/lettuce/core/XClaimArgs
instanceKlass io/lettuce/core/models/stream/ClaimedMessages
instanceKlass io/lettuce/core/XAutoClaimArgs
instanceKlass io/lettuce/core/Consumer
instanceKlass io/lettuce/core/ZPopArgs
instanceKlass io/lettuce/core/ZAddArgs
instanceKlass io/lettuce/core/Limit
instanceKlass io/lettuce/core/output/ScoredValueStreamingChannel
instanceKlass io/lettuce/core/TrackingArgs
instanceKlass io/lettuce/core/KillArgs
instanceKlass io/lettuce/core/ClientListArgs
instanceKlass io/lettuce/core/ShutdownArgs
instanceKlass io/lettuce/core/LPosArgs
instanceKlass io/lettuce/core/LMPopArgs
instanceKlass io/lettuce/core/LMoveArgs
instanceKlass io/lettuce/core/MigrateArgs
instanceKlass io/lettuce/core/ExpireArgs
instanceKlass io/lettuce/core/RestoreArgs
instanceKlass io/lettuce/core/SortArgs
instanceKlass io/lettuce/core/CopyArgs
instanceKlass io/lettuce/core/ScanArgs
instanceKlass io/lettuce/core/ScanCursor
instanceKlass io/lettuce/core/output/ValueStreamingChannel
instanceKlass io/lettuce/core/output/KeyStreamingChannel
instanceKlass io/lettuce/core/output/KeyValueStreamingChannel
instanceKlass io/lettuce/core/output/StreamingChannel
instanceKlass io/lettuce/core/GeoRadiusStoreArgs
instanceKlass io/lettuce/core/GeoArgs
instanceKlass io/lettuce/core/GeoSearch$GeoPredicate
instanceKlass io/lettuce/core/GeoSearch$GeoRef
instanceKlass io/lettuce/core/GeoAddArgs
instanceKlass io/lettuce/core/Value
instanceKlass io/lettuce/core/Range
instanceKlass io/lettuce/core/AclSetuserArgs
instanceKlass io/lettuce/core/protocol/CommandArgs
instanceKlass io/lettuce/core/internal/AbstractInvocationHandler$MethodTranslator
instanceKlass java/util/function/LongSupplier
instanceKlass io/lettuce/core/internal/TimeoutProvider
instanceKlass io/lettuce/core/internal/AbstractInvocationHandler
instanceKlass io/lettuce/core/api/sync/RedisCommands
instanceKlass io/lettuce/core/api/sync/RedisTransactionalCommands
instanceKlass io/lettuce/core/protocol/BaseRedisCommandBuilder
instanceKlass io/lettuce/core/ZAggregateArgs
instanceKlass io/lettuce/core/CompositeArgument
instanceKlass io/lettuce/core/RedisFuture
instanceKlass io/lettuce/core/AbstractRedisAsyncCommands
instanceKlass io/lettuce/core/ConnectionMetadata
instanceKlass io/lettuce/core/ConnectionState
instanceKlass io/lettuce/core/CloseEvents
instanceKlass io/lettuce/core/api/reactive/RedisReactiveCommands
instanceKlass io/lettuce/core/api/reactive/RedisTransactionalReactiveCommands
instanceKlass io/lettuce/core/api/async/RedisAsyncCommands
instanceKlass io/lettuce/core/api/async/RedisTransactionalAsyncCommands
instanceKlass io/lettuce/core/event/command/CommandListener
instanceKlass io/lettuce/core/CommandListenerWriter
instanceKlass io/lettuce/core/protocol/CommandExpiryWriter
instanceKlass io/lettuce/core/protocol/DefaultEndpoint$1
instanceKlass io/lettuce/core/internal/LettuceFactories
instanceKlass io/lettuce/core/protocol/SharedLock
instanceKlass io/lettuce/core/protocol/DefaultEndpoint
instanceKlass io/lettuce/core/ReadFrom
instanceKlass org/springframework/transaction/support/TransactionSynchronizationUtils$ScopedProxyUnwrapper
instanceKlass org/springframework/core/InfrastructureProxy
instanceKlass org/springframework/transaction/support/TransactionSynchronizationUtils
instanceKlass org/springframework/transaction/support/TransactionSynchronizationManager
instanceKlass org/springframework/transaction/support/TransactionSynchronization
instanceKlass org/springframework/data/redis/core/RedisConnectionUtils
instanceKlass org/springframework/data/redis/connection/RedisGeoCommands$GeoCommandArgs$GeoCommandFlag
instanceKlass org/springframework/data/redis/connection/RedisGeoCommands$GeoSearchCommandArgs
instanceKlass org/springframework/data/redis/connection/RedisGeoCommands$GeoCommandArgs
instanceKlass org/springframework/validation/annotation/ValidationAnnotationUtils
instanceKlass org/springframework/web/bind/support/BindParamNameResolver
instanceKlass org/springframework/validation/DefaultBindingErrorProcessor
instanceKlass org/springframework/web/bind/ServletRequestDataBinder$ServletRequestValueResolver
instanceKlass org/springframework/validation/DataBinder$ValueResolver
instanceKlass org/springframework/validation/AbstractErrors
instanceKlass org/springframework/validation/BindingErrorProcessor
instanceKlass java/math/MathContext
instanceKlass com/fasterxml/jackson/core/io/BigDecimalParser
instanceKlass com/fasterxml/jackson/core/filter/TokenFilter
instanceKlass org/springframework/http/converter/json/MappingJacksonInputMessage
instanceKlass org/springframework/util/StreamUtils
instanceKlass com/fasterxml/jackson/databind/util/ViewMatcher
instanceKlass java/util/OptionalDouble
instanceKlass java/util/OptionalLong
instanceKlass org/springframework/web/servlet/mvc/method/annotation/AbstractMessageConverterMethodArgumentResolver$EmptyBodyCheckingHttpInputMessage
instanceKlass org/apache/tomcat/util/http/NamesEnumerator
instanceKlass org/springframework/http/server/ServerHttpAsyncRequestControl
instanceKlass org/springframework/http/server/ServletServerHttpRequest
instanceKlass jakarta/servlet/http/Part
instanceKlass org/springframework/web/multipart/support/MultipartResolutionDelegate
instanceKlass org/springframework/web/servlet/support/RequestContextUtils
instanceKlass org/springframework/web/bind/support/SimpleSessionStatus
instanceKlass org/springframework/web/bind/annotation/SessionAttributes
instanceKlass org/springframework/validation/DataBinder$NameResolver
instanceKlass jakarta/servlet/ServletResponseWrapper
instanceKlass org/springframework/http/server/observation/DefaultServerRequestObservationConvention
instanceKlass org/springframework/http/server/observation/ServerRequestObservationConvention
instanceKlass org/springframework/web/util/pattern/PathPattern$PathMatchInfo
instanceKlass org/springframework/web/servlet/handler/AbstractHandlerMethodMapping$Match
instanceKlass org/springframework/web/cors/CorsUtils
instanceKlass org/springframework/http/server/DefaultRequestPath
instanceKlass org/apache/catalina/core/ApplicationMapping$MappingImpl
instanceKlass org/apache/catalina/core/ApplicationMapping$1
instanceKlass org/springframework/web/util/ServletRequestPathUtils$ServletRequestPath
instanceKlass org/springframework/web/util/ServletRequestPathUtils
instanceKlass org/springframework/web/util/WebUtils
instanceKlass org/springframework/core/log/LogFormatUtils
instanceKlass org/springframework/web/servlet/FrameworkServlet$RequestBindingInterceptor
instanceKlass org/springframework/web/context/request/async/TimeoutDeferredResultProcessingInterceptor
instanceKlass org/springframework/web/context/request/async/TimeoutCallableProcessingInterceptor
instanceKlass org/springframework/web/context/request/async/AsyncWebRequest
instanceKlass org/springframework/web/context/request/async/WebAsyncUtils
instanceKlass org/springframework/web/servlet/LocaleContextResolver
instanceKlass org/springframework/context/i18n/SimpleLocaleContext
instanceKlass org/springframework/context/i18n/LocaleContextHolder
instanceKlass org/apache/catalina/util/TLSUtil
instanceKlass org/apache/catalina/connector/ResponseFacade
instanceKlass org/apache/catalina/core/ApplicationFilterFactory$1
instanceKlass org/apache/catalina/core/ApplicationFilterChain
instanceKlass org/apache/catalina/core/ApplicationFilterFactory
instanceKlass org/apache/coyote/AbstractProcessor$1
instanceKlass jakarta/security/auth/message/config/AuthConfigProvider
instanceKlass jakarta/security/auth/message/config/ServerAuthConfig
instanceKlass jakarta/security/auth/message/config/AuthConfig
instanceKlass jakarta/security/auth/message/config/ServerAuthContext
instanceKlass jakarta/security/auth/message/ServerAuth
instanceKlass jakarta/security/auth/message/config/AuthConfigFactory
instanceKlass org/apache/catalina/connector/RequestFacade
instanceKlass java/util/concurrent/locks/ReentrantReadWriteLock$Sync$HoldCounter
instanceKlass org/apache/catalina/util/SessionConfig
instanceKlass org/apache/tomcat/util/buf/UEncoder
instanceKlass org/apache/tomcat/util/collections/ConcurrentCache
instanceKlass org/apache/tomcat/util/http/parser/MediaTypeCache
instanceKlass org/apache/catalina/connector/Response
instanceKlass org/apache/catalina/core/ApplicationMapping
instanceKlass org/apache/catalina/mapper/MappingData
instanceKlass org/apache/catalina/util/ParameterMap
instanceKlass org/apache/tomcat/util/buf/ByteChunk$ByteInputChannel
instanceKlass org/apache/catalina/connector/Request$8
instanceKlass org/apache/catalina/connector/Request$7
instanceKlass org/apache/catalina/connector/Request$6
instanceKlass org/apache/catalina/connector/Request$5
instanceKlass org/apache/catalina/connector/Request$4
instanceKlass org/apache/catalina/connector/Request$3
instanceKlass org/apache/catalina/connector/Request$2
instanceKlass org/apache/catalina/connector/Request$1
instanceKlass org/apache/catalina/connector/Request$SpecialAttributeAdapter
instanceKlass org/apache/tomcat/util/http/fileupload/RequestContext
instanceKlass org/apache/tomcat/util/http/fileupload/FileItemFactory
instanceKlass jakarta/servlet/http/PushBuilder
instanceKlass jakarta/servlet/AsyncContext
instanceKlass jakarta/servlet/http/HttpServletMapping
instanceKlass org/apache/catalina/connector/Request
instanceKlass org/apache/tomcat/util/http/parser/Host
instanceKlass sun/nio/cs/ThreadLocalCoders$Cache
instanceKlass sun/nio/cs/ThreadLocalCoders
instanceKlass org/apache/tomcat/util/http/parser/TokenList
instanceKlass org/apache/tomcat/util/http/ValuesEnumerator
instanceKlass org/apache/tomcat/util/buf/Ascii
instanceKlass org/apache/coyote/http11/filters/GzipOutputFilter
instanceKlass org/apache/coyote/http11/filters/BufferedInputFilter
instanceKlass org/apache/coyote/http11/filters/VoidOutputFilter
instanceKlass org/apache/coyote/http11/filters/VoidInputFilter
instanceKlass org/apache/coyote/http11/filters/ChunkedOutputFilter
instanceKlass org/apache/coyote/http11/filters/ChunkedInputFilter
instanceKlass org/apache/coyote/http11/filters/IdentityOutputFilter
instanceKlass org/apache/coyote/http11/filters/IdentityInputFilter
instanceKlass org/apache/coyote/http11/Http11OutputBuffer$SocketOutputBuffer
instanceKlass org/apache/coyote/http11/Http11OutputBuffer
instanceKlass org/apache/coyote/http11/Http11InputBuffer$SocketInputBuffer
instanceKlass org/apache/coyote/http11/Http11InputBuffer$HeaderParseData
instanceKlass org/apache/coyote/http11/Http11InputBuffer
instanceKlass org/apache/tomcat/util/http/parser/HttpParser
instanceKlass org/apache/coyote/AsyncStateMachine
instanceKlass org/apache/coyote/RequestInfo
instanceKlass org/apache/tomcat/util/log/UserDataHelper
instanceKlass org/apache/tomcat/util/http/Parameters
instanceKlass org/apache/tomcat/util/http/ServerCookie
instanceKlass org/apache/tomcat/util/http/ServerCookies
instanceKlass org/apache/tomcat/util/http/MimeHeaderField
instanceKlass org/apache/tomcat/util/http/MimeHeaders
instanceKlass org/apache/tomcat/util/buf/AbstractChunk
instanceKlass org/apache/tomcat/util/buf/MessageBytes$MessageBytesFactory
instanceKlass org/apache/tomcat/util/buf/MessageBytes
instanceKlass org/apache/tomcat/util/net/ApplicationBufferHandler
instanceKlass jakarta/servlet/http/HttpUpgradeHandler
instanceKlass org/apache/coyote/http11/OutputFilter
instanceKlass org/apache/coyote/http11/HttpOutputBuffer
instanceKlass org/apache/coyote/http11/InputFilter
instanceKlass org/apache/coyote/OutputBuffer
instanceKlass org/apache/coyote/InputBuffer
instanceKlass org/apache/coyote/AbstractProcessorLight
instanceKlass org/apache/coyote/ActionHook
instanceKlass org/apache/tomcat/util/net/NioEndpoint$PollerEvent
instanceKlass java/util/concurrent/Semaphore
instanceKlass org/apache/tomcat/util/net/WriteBuffer
instanceKlass org/apache/tomcat/util/net/SocketWrapperBase$3
instanceKlass org/apache/tomcat/util/net/SocketWrapperBase$2
instanceKlass org/apache/tomcat/util/net/SocketWrapperBase$1
instanceKlass org/apache/tomcat/util/net/SendfileDataBase
instanceKlass org/apache/tomcat/util/net/SocketWrapperBase$OperationState
instanceKlass jakarta/servlet/ServletConnection
instanceKlass org/apache/tomcat/util/net/SocketWrapperBase$CompletionCheck
instanceKlass org/apache/tomcat/util/net/SocketBufferHandler
instanceKlass io/netty/channel/AbstractChannelHandlerContext$WriteTask$1
instanceKlass io/netty/channel/AbstractChannelHandlerContext$WriteTask
instanceKlass com/mongodb/event/ServerHeartbeatSucceededEvent
instanceKlass org/apache/tomcat/PeriodicEventListener
instanceKlass javax/management/remote/rmi/RMIConnectionImpl$SetCcl
instanceKlass javax/management/remote/rmi/RMIConnectionImpl$7
instanceKlass javax/management/remote/rmi/RMIConnectionImpl$6
instanceKlass com/alibaba/nacos/client/naming/utils/CollectionUtils
instanceKlass com/fasterxml/jackson/databind/deser/BasicDeserializerFactory$ContainerDefaultMappings
instanceKlass com/alibaba/nacos/api/config/remote/response/ConfigChangeBatchListenResponse$ConfigContext
instanceKlass com/alibaba/nacos/shaded/com/google/gson/internal/ConstructorConstructor$9
instanceKlass com/alibaba/nacos/api/config/remote/request/ConfigBatchListenRequest$ConfigListenContext
instanceKlass com/alibaba/nacos/client/config/impl/CacheData$ManagerListenerWrap
instanceKlass com/alibaba/nacos/api/config/listener/AbstractListener
instanceKlass io/prometheus/client/Striped64$Cell
instanceKlass io/prometheus/client/Gauge$TimeProvider
instanceKlass io/prometheus/client/Gauge$Child
instanceKlass io/prometheus/client/Collector$1
instanceKlass io/prometheus/client/Collector$MetricFamilySamples
instanceKlass io/prometheus/client/Predicate
instanceKlass io/prometheus/client/CollectorRegistry
instanceKlass io/prometheus/client/SimpleCollector$Builder
instanceKlass io/prometheus/client/Collector
instanceKlass io/prometheus/client/Collector$Describable
instanceKlass com/alibaba/nacos/client/monitor/MetricsMonitor
instanceKlass com/alibaba/nacos/client/config/impl/CacheData$NotifyTask
instanceKlass com/alibaba/nacos/client/config/impl/CacheData
instanceKlass com/alibaba/nacos/client/config/common/GroupKey
instanceKlass com/alibaba/nacos/api/config/listener/AbstractSharedListener
instanceKlass org/springframework/boot/StartupInfoLogger
instanceKlass org/springframework/boot/builder/ParentContextCloserApplicationListener$ContextCloserListener
instanceKlass com/fasterxml/jackson/core/io/NumberOutput
instanceKlass com/fasterxml/jackson/databind/ser/std/NumberSerializers$1
instanceKlass com/fasterxml/jackson/databind/introspect/AnnotationCollector$OneAnnotation
instanceKlass com/fasterxml/jackson/annotation/JacksonAnnotationsInside
instanceKlass com/alibaba/nacos/client/naming/remote/gprc/redo/data/RedoData
instanceKlass com/alibaba/nacos/api/naming/utils/NamingUtils
instanceKlass com/alibaba/nacos/client/naming/remote/gprc/NamingPushRequestHandler
instanceKlass com/alibaba/nacos/common/task/AbstractExecuteTask
instanceKlass com/alibaba/nacos/common/task/NacosTask
instanceKlass com/alibaba/nacos/client/naming/remote/gprc/redo/NamingGrpcRedoService
instanceKlass com/alibaba/nacos/client/constant/Constants$Security
instanceKlass com/alibaba/nacos/client/naming/remote/http/NamingHttpClientManager$NamingHttpClientManagerInstance
instanceKlass com/alibaba/nacos/client/naming/remote/http/NamingHttpClientManager
instanceKlass com/alibaba/nacos/client/naming/core/ServerListManager
instanceKlass com/alibaba/nacos/client/naming/core/ServiceInfoUpdateService
instanceKlass com/alibaba/nacos/client/naming/remote/NamingClientProxyDelegate
instanceKlass com/alibaba/nacos/client/naming/backups/FailoverSwitch
instanceKlass com/alibaba/nacos/client/naming/backups/FailoverReactor$FailoverSwitchRefresher
instanceKlass com/alibaba/nacos/client/naming/backups/datasource/DiskFailoverDataSource
instanceKlass com/alibaba/nacos/client/naming/backups/FailoverDataSource
instanceKlass io/micrometer/core/instrument/Meter
instanceKlass com/alibaba/nacos/client/naming/backups/FailoverReactor
instanceKlass com/alibaba/nacos/client/naming/utils/CacheDirUtil
instanceKlass com/alibaba/nacos/client/naming/cache/ServiceInfoHolder
instanceKlass com/alibaba/nacos/api/naming/listener/Event
instanceKlass com/alibaba/nacos/api/selector/AbstractSelector
instanceKlass com/alibaba/nacos/client/naming/utils/InitUtils
instanceKlass com/alibaba/nacos/client/naming/remote/NamingClientProxy
instanceKlass com/alibaba/nacos/client/naming/NacosNamingService
instanceKlass com/alibaba/nacos/api/naming/NamingFactory
instanceKlass io/netty/resolver/InetSocketAddressResolver$2
instanceKlass java/util/TreeMap$TreeMapSpliterator
instanceKlass org/apache/tomcat/util/net/Acceptor
instanceKlass org/apache/tomcat/util/collections/SynchronizedQueue
instanceKlass org/apache/tomcat/util/net/NioEndpoint$Poller
instanceKlass org/apache/tomcat/util/threads/ThreadPoolExecutor$RejectPolicy
instanceKlass org/apache/tomcat/util/threads/ThreadPoolExecutor$RejectedExecutionHandler
instanceKlass org/springframework/jmx/export/annotation/ManagedMetric
instanceKlass org/springframework/jmx/export/notification/NotificationPublisherAware
instanceKlass org/springframework/jmx/export/metadata/ManagedNotification
instanceKlass org/springframework/jmx/export/annotation/ManagedNotifications
instanceKlass org/springframework/jmx/export/annotation/ManagedNotification
instanceKlass org/springframework/jmx/export/metadata/ManagedOperationParameter
instanceKlass org/springframework/jmx/export/annotation/ManagedOperationParameters
instanceKlass org/springframework/jmx/export/annotation/ManagedOperationParameter
instanceKlass javax/management/modelmbean/DescriptorSupport
instanceKlass javax/management/DescriptorAccess
instanceKlass javax/management/modelmbean/RequiredModelMBean
instanceKlass org/springframework/jmx/support/ObjectNameManager
instanceKlass org/springframework/jmx/export/naming/SelfNaming
instanceKlass org/springframework/beans/PropertyAccessorFactory
instanceKlass org/springframework/jmx/export/metadata/AbstractJmxAttribute
instanceKlass jakarta/servlet/descriptor/JspConfigDescriptor
instanceKlass org/springframework/context/expression/AnnotatedElementKey
instanceKlass org/springframework/context/event/ApplicationListenerMethodAdapter
instanceKlass com/daijia/model/vo/customer/UpdateWxPhoneVo
instanceKlass com/daijia/model/form/driver/TransferForm
instanceKlass org/springframework/aot/hint/ReflectionHints
instanceKlass org/springframework/aot/hint/BindingReflectionHintsRegistrar
instanceKlass org/springframework/cloud/client/actuator/NamedFeature
instanceKlass com/stoyanr/evictor/queue/NavigableMapEvictionQueue
instanceKlass com/stoyanr/evictor/EvictionQueue
instanceKlass com/stoyanr/evictor/scheduler/AbstractQueueEvictionScheduler
instanceKlass org/springframework/cloud/loadbalancer/core/DelegatingServiceInstanceListSupplier
instanceKlass org/springframework/cloud/loadbalancer/core/SelectedInstanceCallback
instanceKlass org/springframework/cloud/loadbalancer/core/ServiceInstanceListSupplier
instanceKlass com/stoyanr/evictor/EvictionScheduler
instanceKlass org/springframework/cloud/loadbalancer/cache/DefaultLoadBalancerCacheManager
instanceKlass org/springframework/cloud/configuration/VerificationResult
instanceKlass org/springframework/cloud/configuration/SpringBootVersionVerifier$3
instanceKlass org/springframework/cloud/configuration/SpringBootVersionVerifier$2
instanceKlass org/springframework/cloud/configuration/CompatibilityPredicate
instanceKlass org/springframework/cloud/client/loadbalancer/RequestData
instanceKlass org/springframework/web/reactive/function/client/ClientResponse
instanceKlass org/springframework/cloud/client/loadbalancer/reactive/LoadBalancerClientRequestTransformer
instanceKlass org/springframework/cloud/client/loadbalancer/LoadBalanced
instanceKlass org/springframework/cloud/client/discovery/simple/SimpleDiscoveryClient
instanceKlass org/springframework/web/multipart/MultipartHttpServletRequest
instanceKlass org/springframework/http/codec/ClientCodecConfigurer
instanceKlass org/springframework/http/client/reactive/JdkClientHttpConnector
instanceKlass org/springframework/transaction/reactive/TransactionalOperator
instanceKlass org/springframework/boot/jdbc/EmbeddedDatabaseConnection$1
instanceKlass org/springframework/jdbc/core/ConnectionCallback
instanceKlass org/springframework/boot/LazyInitializationExcludeFilter
instanceKlass org/springframework/boot/task/SimpleAsyncTaskSchedulerCustomizer
instanceKlass org/springframework/boot/autoconfigure/task/TaskSchedulingConfigurations
instanceKlass org/springframework/boot/info/InfoProperties
instanceKlass org/springframework/data/domain/OffsetScrollPosition
instanceKlass org/springframework/data/keyvalue/core/KeyValuePersistenceExceptionTranslator
instanceKlass org/springframework/util/backoff/FixedBackOff$FixedBackOffExecution
instanceKlass org/springframework/data/redis/listener/SynchronizingMessageListener
instanceKlass org/springframework/data/redis/connection/SubscriptionListener$1
instanceKlass org/springframework/data/redis/listener/RedisMessageListenerContainer$DispatchMessageListener
instanceKlass org/springframework/data/redis/connection/MessageListener
instanceKlass org/springframework/data/redis/connection/SubscriptionListener
instanceKlass org/springframework/data/redis/connection/ConnectionUtils
instanceKlass org/springframework/util/backoff/FixedBackOff
instanceKlass org/springframework/data/redis/listener/RedisMessageListenerContainer$State
instanceKlass org/springframework/util/backoff/BackOffExecution
instanceKlass org/springframework/data/redis/listener/RedisMessageListenerContainer$Subscriber
instanceKlass org/springframework/util/backoff/BackOff
instanceKlass org/springframework/data/keyvalue/core/SpelSortAccessor
instanceKlass org/springframework/data/redis/core/RedisQueryEngine$RedisCriteriaAccessor
instanceKlass org/springframework/data/keyvalue/core/CriteriaAccessor
instanceKlass org/springframework/data/keyvalue/core/SortAccessor
instanceKlass org/springframework/data/keyvalue/core/query/KeyValueQuery
instanceKlass org/springframework/data/redis/core/convert/IndexedDataFactoryProvider$IndexedDataFactory
instanceKlass org/springframework/data/redis/core/convert/IndexedDataFactoryProvider
instanceKlass org/springframework/data/redis/domain/geo/GeoLocation
instanceKlass org/springframework/data/redis/core/convert/IndexedData
instanceKlass org/springframework/data/redis/core/convert/PathIndexResolver
instanceKlass org/springframework/data/redis/listener/ReactiveRedisMessageListenerContainer
instanceKlass org/springframework/data/redis/listener/Topic
instanceKlass org/springframework/data/redis/core/ReactiveRedisSessionCallback
instanceKlass org/springframework/data/redis/core/ReactiveRedisCallback
instanceKlass org/springframework/data/redis/core/DefaultReactiveZSetOperations
instanceKlass org/springframework/data/redis/core/DefaultReactiveValueOperations
instanceKlass org/springframework/data/redis/core/DefaultReactiveStreamOperations
instanceKlass org/springframework/data/redis/core/DefaultReactiveSetOperations
instanceKlass org/springframework/data/redis/core/DefaultReactiveListOperations
instanceKlass org/springframework/data/redis/core/DefaultReactiveHyperLogLogOperations
instanceKlass org/springframework/data/redis/core/DefaultReactiveHashOperations
instanceKlass org/springframework/data/redis/core/DefaultReactiveGeoOperations
instanceKlass org/springframework/data/redis/core/script/DefaultReactiveScriptExecutor
instanceKlass org/springframework/data/redis/core/ReactiveValueOperations
instanceKlass org/springframework/data/redis/core/ReactiveZSetOperations
instanceKlass org/springframework/data/redis/core/ReactiveStreamOperations
instanceKlass org/springframework/data/redis/core/ReactiveHashOperations
instanceKlass org/springframework/data/redis/core/ReactiveSetOperations
instanceKlass org/springframework/data/redis/core/ReactiveListOperations
instanceKlass org/springframework/data/redis/core/ReactiveHyperLogLogOperations
instanceKlass org/springframework/data/redis/core/ReactiveGeoOperations
instanceKlass org/springframework/data/redis/core/script/ReactiveScriptExecutor
instanceKlass org/springframework/data/redis/serializer/DefaultRedisSerializationContext
instanceKlass org/springframework/data/redis/serializer/DefaultRedisElementWriter
instanceKlass org/springframework/data/redis/serializer/DefaultRedisElementReader
instanceKlass org/springframework/data/redis/serializer/DefaultSerializationPair
instanceKlass org/springframework/data/redis/serializer/RedisElementReader
instanceKlass org/springframework/data/redis/serializer/RedisElementWriter
instanceKlass org/springframework/data/redis/serializer/RedisSerializerToSerializationPairAdapter
instanceKlass org/springframework/data/redis/serializer/RedisSerializationContext$SerializationPair
instanceKlass org/springframework/data/redis/serializer/DefaultRedisSerializationContext$DefaultRedisSerializationContextBuilder
instanceKlass org/springframework/data/redis/serializer/RedisSerializationContext$RedisSerializationContextBuilder
instanceKlass org/springframework/data/redis/serializer/RedisSerializationContext
instanceKlass org/springframework/core/convert/support/MapToMapConverter$MapEntry
instanceKlass org/springframework/data/mongodb/aot/LazyLoadingProxyAotProcessor
instanceKlass com/mongodb/client/gridfs/model/GridFSUploadOptions
instanceKlass com/mongodb/client/gridfs/GridFSFindIterable
instanceKlass com/mongodb/client/gridfs/model/GridFSFile
instanceKlass com/mongodb/client/gridfs/GridFSBucket
instanceKlass org/springframework/boot/autoconfigure/mongo/MongoConnectionDetails$GridFs$1
instanceKlass org/springframework/boot/autoconfigure/data/mongo/MongoDatabaseFactoryDependentConfiguration$GridFsMongoDatabaseFactory
instanceKlass org/springframework/data/mongodb/gridfs/GridFsObject
instanceKlass org/springframework/transaction/TransactionExecutionListener
instanceKlass io/swagger/v3/oas/annotations/OpenAPIDefinition
instanceKlass org/springdoc/core/customizers/ServerBaseUrlCustomizer
instanceKlass org/springdoc/core/customizers/OpenApiBuilderCustomizer
instanceKlass org/springdoc/core/models/ControllerAdviceInfo
instanceKlass org/springdoc/core/models/ParameterId
instanceKlass org/springframework/web/bind/annotation/RequestAttribute
instanceKlass org/springframework/web/bind/support/SessionStatus
instanceKlass org/springdoc/core/customizers/ParameterCustomizer
instanceKlass org/springdoc/core/filters/GlobalOpenApiMethodFilter
instanceKlass org/springdoc/core/customizers/GlobalOperationCustomizer
instanceKlass org/springdoc/core/customizers/DataRestRouterOperationCustomizer
instanceKlass org/springdoc/core/customizers/RouterOperationCustomizer
instanceKlass org/springdoc/core/customizers/OperationCustomizer
instanceKlass org/springframework/web/servlet/function/RouterFunctions$Visitor
instanceKlass org/springdoc/core/providers/SecurityOAuth2Provider
instanceKlass org/springdoc/core/configuration/SpringDocConfiguration$1
instanceKlass io/swagger/v3/oas/annotations/security/SecurityScheme
instanceKlass io/swagger/v3/oas/annotations/security/OAuthFlows
instanceKlass io/swagger/v3/oas/annotations/security/OAuthFlow
instanceKlass io/swagger/v3/oas/annotations/security/OAuthScope
instanceKlass org/springdoc/core/models/RequestBodyInfo
instanceKlass org/springdoc/core/models/ParameterInfo
instanceKlass org/springframework/web/multipart/MultipartRequest
instanceKlass org/springframework/web/multipart/MultipartFile
instanceKlass org/springdoc/core/customizers/DataRestDelegatingMethodParameterCustomizer$DefaultSort
instanceKlass org/springframework/data/web/PageableDefault
instanceKlass org/springdoc/core/customizers/DataRestDelegatingMethodParameterCustomizer
instanceKlass org/springdoc/core/providers/RepositoryRestConfigurationProvider
instanceKlass org/springdoc/core/providers/JavadocProvider
instanceKlass org/apache/commons/lang3/reflect/MemberUtils
instanceKlass org/apache/commons/lang3/Validate
instanceKlass org/apache/commons/lang3/reflect/FieldUtils
instanceKlass io/swagger/v3/core/jackson/TypeNameResolver
instanceKlass io/swagger/v3/core/jackson/AbstractModelConverter
instanceKlass io/swagger/v3/core/converter/ModelConverters
instanceKlass org/springdoc/core/converters/models/Sort
instanceKlass org/springdoc/core/converters/models/Pageable
instanceKlass io/swagger/v3/core/converter/ModelConverterContext
instanceKlass io/swagger/v3/core/converter/AnnotatedType
instanceKlass com/baomidou/mybatisplus/autoconfigure/DdlApplicationRunner
instanceKlass org/springframework/cloud/client/serviceregistry/RegistrationManagementLifecycle
instanceKlass org/springframework/cloud/client/serviceregistry/RegistrationLifecycle
instanceKlass org/springframework/cloud/client/discovery/ManagementServerPortUtils
instanceKlass com/alibaba/cloud/nacos/registry/NacosRegistrationCustomizer
instanceKlass org/springframework/cloud/client/DefaultServiceInstance
instanceKlass com/alibaba/cloud/nacos/discovery/NacosDiscoveryHeartBeatPublisher
instanceKlass com/alibaba/cloud/nacos/discovery/NacosDiscoveryClient
instanceKlass org/springframework/core/convert/support/StringToNumberConverterFactory$StringToNumber
instanceKlass com/alibaba/nacos/api/naming/NamingService
instanceKlass com/alibaba/nacos/api/naming/NamingMaintainService
instanceKlass org/springframework/core/NestedExceptionUtils
instanceKlass org/springframework/web/servlet/view/ContentNegotiatingViewResolver$1
instanceKlass org/springframework/web/servlet/view/AbstractCachingViewResolver$CacheFilter
instanceKlass org/springframework/web/servlet/view/AbstractCachingViewResolver$1
instanceKlass org/springframework/web/servlet/SmartView
instanceKlass org/springframework/web/servlet/view/DefaultRequestToViewNameTranslator
instanceKlass org/springframework/web/servlet/view/ViewResolverComposite
instanceKlass org/springframework/web/servlet/config/annotation/UrlBasedViewResolverRegistration
instanceKlass org/springframework/web/servlet/handler/HandlerExceptionResolverComposite
instanceKlass org/springframework/web/method/annotation/ExceptionHandlerMethodResolver
instanceKlass org/springframework/web/util/DisconnectedClientHelper
instanceKlass org/springframework/web/servlet/function/ServerResponse
instanceKlass org/springframework/web/servlet/function/ServerResponse$Context
instanceKlass org/springframework/validation/DefaultMessageCodesResolver
instanceKlass org/springframework/validation/beanvalidation/MethodValidationAdapter$ResultComparator
instanceKlass org/springframework/validation/beanvalidation/MethodValidationAdapter$DefaultObjectNameResolver
instanceKlass org/springframework/validation/method/EmptyMethodValidationResult
instanceKlass org/springframework/validation/beanvalidation/MethodValidationAdapter
instanceKlass org/springframework/web/method/annotation/HandlerMethodValidator$WebObjectNameResolver
instanceKlass org/springframework/validation/beanvalidation/MethodValidationAdapter$ObjectNameResolver
instanceKlass org/springframework/validation/method/MethodValidationResult
instanceKlass org/springframework/web/method/annotation/HandlerMethodValidator
instanceKlass org/springframework/web/servlet/mvc/method/annotation/ViewNameMethodReturnValueHandler
instanceKlass org/springframework/web/servlet/mvc/method/annotation/AsyncTaskMethodReturnValueHandler
instanceKlass org/springframework/util/concurrent/ListenableFutureCallback
instanceKlass org/springframework/web/servlet/mvc/method/annotation/DeferredResultMethodReturnValueHandler
instanceKlass org/springframework/web/servlet/mvc/method/annotation/CallableMethodReturnValueHandler
instanceKlass org/springframework/web/servlet/mvc/method/annotation/HttpHeadersReturnValueHandler
instanceKlass org/springframework/web/servlet/mvc/method/annotation/StreamingResponseBodyReturnValueHandler
instanceKlass org/springframework/web/servlet/mvc/method/annotation/ResponseBodyEmitter
instanceKlass org/springframework/web/servlet/mvc/method/annotation/ReactiveTypeHandler
instanceKlass org/springframework/web/servlet/mvc/method/annotation/ResponseBodyEmitter$Handler
instanceKlass org/springframework/web/servlet/mvc/method/annotation/ResponseBodyEmitterReturnValueHandler
instanceKlass org/springframework/web/servlet/mvc/method/annotation/ViewMethodReturnValueHandler
instanceKlass org/springframework/web/servlet/mvc/method/annotation/ModelAndViewMethodReturnValueHandler
instanceKlass org/springframework/web/servlet/mvc/method/annotation/PrincipalMethodArgumentResolver
instanceKlass org/springframework/web/servlet/mvc/method/annotation/UriComponentsBuilderMethodArgumentResolver
instanceKlass org/springframework/web/method/annotation/SessionStatusMethodArgumentResolver
instanceKlass org/springframework/web/method/annotation/ErrorsMethodArgumentResolver
instanceKlass org/springframework/web/method/annotation/MapMethodProcessor
instanceKlass org/springframework/web/method/annotation/ModelMethodProcessor
instanceKlass org/springframework/web/servlet/mvc/support/RedirectAttributes
instanceKlass org/springframework/ui/Model
instanceKlass org/springframework/web/servlet/mvc/method/annotation/RedirectAttributesMethodArgumentResolver
instanceKlass org/springframework/web/servlet/mvc/method/annotation/ServletResponseMethodArgumentResolver
instanceKlass org/springframework/web/servlet/mvc/method/annotation/ServletRequestMethodArgumentResolver
instanceKlass org/springframework/web/method/annotation/RequestHeaderMapMethodArgumentResolver
instanceKlass org/springframework/web/servlet/mvc/method/annotation/RequestResponseBodyAdviceChain
instanceKlass org/springframework/core/io/support/ResourceRegion
instanceKlass org/springframework/web/servlet/mvc/method/annotation/AbstractMessageConverterMethodArgumentResolver
instanceKlass org/springframework/validation/DataBinder
instanceKlass org/springframework/web/servlet/mvc/method/annotation/MatrixVariableMapMethodArgumentResolver
instanceKlass org/springframework/web/servlet/mvc/method/annotation/PathVariableMapMethodArgumentResolver
instanceKlass org/springframework/web/method/annotation/RequestParamMapMethodArgumentResolver
instanceKlass org/springframework/web/method/annotation/AbstractNamedValueMethodArgumentResolver$NamedValueInfo
instanceKlass org/springframework/web/method/annotation/AbstractNamedValueMethodArgumentResolver
instanceKlass org/springframework/web/bind/annotation/InitBinder
instanceKlass org/springframework/web/bind/annotation/ModelAttribute
instanceKlass org/springframework/web/method/HandlerTypePredicate$Builder
instanceKlass org/springframework/web/method/HandlerTypePredicate
instanceKlass org/springframework/validation/method/MethodValidator
instanceKlass org/springframework/web/method/support/HandlerMethodReturnValueHandlerComposite
instanceKlass org/springframework/web/method/support/HandlerMethodArgumentResolverComposite
instanceKlass org/springframework/web/method/annotation/ModelFactory
instanceKlass org/springframework/web/method/ControllerAdviceBean
instanceKlass org/springframework/web/method/annotation/SessionAttributesHandler
instanceKlass org/springframework/scheduling/concurrent/ExecutorLifecycleDelegate
instanceKlass org/springframework/web/servlet/mvc/method/annotation/AbstractMappingJacksonResponseBodyAdvice
instanceKlass org/springframework/web/servlet/mvc/method/annotation/ResponseBodyAdvice
instanceKlass org/springframework/web/servlet/mvc/method/annotation/RequestBodyAdviceAdapter
instanceKlass org/springframework/web/servlet/mvc/method/annotation/RequestBodyAdvice
instanceKlass org/springframework/web/method/support/ModelAndViewContainer
instanceKlass org/springframework/data/web/SortDefault
instanceKlass org/springframework/data/web/SortDefault$SortDefaults
instanceKlass org/springframework/web/bind/support/DefaultSessionAttributeStore
instanceKlass org/springframework/web/context/request/async/DeferredResultProcessingInterceptor
instanceKlass org/springframework/util/ConcurrencyThrottleSupport
instanceKlass org/springframework/web/bind/support/DefaultDataBinderFactory
instanceKlass org/springframework/web/bind/support/WebDataBinderFactory
instanceKlass org/springframework/web/bind/support/SessionAttributeStore
instanceKlass org/springframework/web/servlet/resource/DefaultResourceTransformerChain
instanceKlass org/springframework/web/servlet/resource/DefaultResourceResolverChain
instanceKlass org/webjars/WebJarAssetLocator$WebJarInfo
instanceKlass java/io/RandomAccessFile$1
instanceKlass org/webjars/MavenProperties
instanceKlass io/github/classgraph/PotentiallyUnmodifiableList$1
instanceKlass io/github/classgraph/ResourceList$1
instanceKlass io/github/classgraph/ResourceList$ResourceFilter
instanceKlass nonapi/io/github/classgraph/utils/URLPathEncoder
instanceKlass io/github/classgraph/Scanner$4
instanceKlass io/github/classgraph/Scanner$3
instanceKlass nonapi/io/github/classgraph/fastzipfilereader/NestedJarHandler$RecyclableInflater
instanceKlass nonapi/io/github/classgraph/recycler/Resettable
instanceKlass nonapi/io/github/classgraph/fastzipfilereader/FastZipEntry
instanceKlass nonapi/io/github/classgraph/utils/StringUtils
instanceKlass nonapi/io/github/classgraph/fileslice/reader/RandomAccessArrayReader
instanceKlass nonapi/io/github/classgraph/fileslice/reader/RandomAccessFileChannelReader
instanceKlass nonapi/io/github/classgraph/fastzipfilereader/ZipFileSlice
instanceKlass nonapi/io/github/classgraph/fileslice/reader/RandomAccessReader
instanceKlass nonapi/io/github/classgraph/fastzipfilereader/PhysicalZipFile
instanceKlass io/github/classgraph/Resource
instanceKlass io/github/classgraph/ClasspathElement
instanceKlass io/github/classgraph/Scanner$2$1
instanceKlass sun/nio/fs/WindowsFileSystemProvider$1
instanceKlass sun/nio/fs/WindowsLinkSupport
instanceKlass nonapi/io/github/classgraph/concurrency/WorkQueue$1
instanceKlass nonapi/io/github/classgraph/concurrency/WorkQueue$WorkUnitWrapper
instanceKlass nonapi/io/github/classgraph/concurrency/WorkQueue
instanceKlass nonapi/io/github/classgraph/concurrency/SingletonMap$NewInstanceFactory
instanceKlass io/github/classgraph/Scanner$2
instanceKlass io/github/classgraph/Scanner$ClasspathEntryWorkUnit
instanceKlass java/io/Console
instanceKlass nonapi/io/github/classgraph/classpath/ClasspathOrder$ClasspathEntry
instanceKlass nonapi/io/github/classgraph/classpath/SystemJarFinder$1
instanceKlass nonapi/io/github/classgraph/classpath/SystemJarFinder
instanceKlass nonapi/io/github/classgraph/utils/JarUtils
instanceKlass nonapi/io/github/classgraph/reflection/StandardReflectionDriver$1
instanceKlass nonapi/io/github/classgraph/classpath/ClassLoaderFinder
instanceKlass nonapi/io/github/classgraph/classloaderhandler/FallbackClassLoaderHandler
instanceKlass nonapi/io/github/classgraph/classloaderhandler/ClassGraphClassLoaderHandler
instanceKlass nonapi/io/github/classgraph/classloaderhandler/URLClassLoaderHandler
instanceKlass nonapi/io/github/classgraph/classloaderhandler/JPMSClassLoaderHandler
instanceKlass nonapi/io/github/classgraph/classloaderhandler/ParentLastDelegationOrderTestClassLoaderHandler
instanceKlass nonapi/io/github/classgraph/classloaderhandler/UnoOneJarClassLoaderHandler
instanceKlass nonapi/io/github/classgraph/classloaderhandler/QuarkusClassLoaderHandler
instanceKlass nonapi/io/github/classgraph/classloaderhandler/PlexusClassWorldsClassRealmClassLoaderHandler
instanceKlass nonapi/io/github/classgraph/classloaderhandler/CxfContainerClassLoaderHandler
instanceKlass nonapi/io/github/classgraph/classloaderhandler/TomcatWebappClassLoaderBaseHandler
instanceKlass nonapi/io/github/classgraph/classloaderhandler/SpringBootRestartClassLoaderHandler
instanceKlass nonapi/io/github/classgraph/classloaderhandler/OSGiDefaultClassLoaderHandler
instanceKlass nonapi/io/github/classgraph/classloaderhandler/WebsphereTraditionalClassLoaderHandler
instanceKlass nonapi/io/github/classgraph/classloaderhandler/WebsphereLibertyClassLoaderHandler
instanceKlass nonapi/io/github/classgraph/classloaderhandler/WeblogicClassLoaderHandler
instanceKlass nonapi/io/github/classgraph/classloaderhandler/JBossClassLoaderHandler
instanceKlass nonapi/io/github/classgraph/classloaderhandler/FelixClassLoaderHandler
instanceKlass nonapi/io/github/classgraph/classloaderhandler/EquinoxContextFinderClassLoaderHandler
instanceKlass nonapi/io/github/classgraph/classloaderhandler/EquinoxClassLoaderHandler
instanceKlass nonapi/io/github/classgraph/classpath/ClassLoaderOrder
instanceKlass nonapi/io/github/classgraph/utils/LogNode
instanceKlass nonapi/io/github/classgraph/classloaderhandler/AntClassLoaderHandler
instanceKlass nonapi/io/github/classgraph/classloaderhandler/ClassLoaderHandler
instanceKlass nonapi/io/github/classgraph/classloaderhandler/ClassLoaderHandlerRegistry$ClassLoaderHandlerRegistryEntry
instanceKlass nonapi/io/github/classgraph/classloaderhandler/ClassLoaderHandlerRegistry
instanceKlass nonapi/io/github/classgraph/classpath/ClasspathOrder
instanceKlass io/github/classgraph/ModuleRef
instanceKlass nonapi/io/github/classgraph/reflection/ReflectionDriver$ClassMemberCache
instanceKlass nonapi/io/github/classgraph/concurrency/SingletonMap$SingletonHolder
instanceKlass nonapi/io/github/classgraph/classpath/CallStackReader$1
instanceKlass nonapi/io/github/classgraph/classpath/CallStackReader$2
instanceKlass nonapi/io/github/classgraph/classpath/CallStackReader
instanceKlass nonapi/io/github/classgraph/classpath/ModuleFinder
instanceKlass nonapi/io/github/classgraph/classpath/ClasspathFinder
instanceKlass nonapi/io/github/classgraph/fileslice/Slice
instanceKlass nonapi/io/github/classgraph/recycler/Recycler
instanceKlass nonapi/io/github/classgraph/fastzipfilereader/NestedJarHandler
instanceKlass nonapi/io/github/classgraph/utils/CollectionUtils
instanceKlass nonapi/io/github/classgraph/concurrency/WorkQueue$WorkUnitProcessor
instanceKlass io/github/classgraph/Scanner
instanceKlass nonapi/io/github/classgraph/concurrency/InterruptionChecker
instanceKlass nonapi/io/github/classgraph/concurrency/SimpleThreadFactory
instanceKlass nonapi/io/github/classgraph/utils/FastPathResolver
instanceKlass nonapi/io/github/classgraph/utils/FileUtils$2
instanceKlass nonapi/io/github/classgraph/utils/VersionFinder
instanceKlass java/security/DomainCombiner
instanceKlass nonapi/io/github/classgraph/reflection/ReflectionUtils$PrivilegedActionInvocationHandler
instanceKlass nonapi/io/github/classgraph/concurrency/SingletonMap
instanceKlass nonapi/io/github/classgraph/reflection/ReflectionDriver
instanceKlass nonapi/io/github/classgraph/reflection/ReflectionUtils
instanceKlass nonapi/io/github/classgraph/utils/FileUtils$1
instanceKlass nonapi/io/github/classgraph/utils/FileUtils
instanceKlass io/github/classgraph/ScanResult
instanceKlass io/github/classgraph/ModulePathInfo
instanceKlass nonapi/io/github/classgraph/scanspec/AcceptReject
instanceKlass nonapi/io/github/classgraph/scanspec/ScanSpec
instanceKlass io/github/classgraph/ClassGraph
instanceKlass org/springframework/web/HttpRequestHandler
instanceKlass org/springframework/web/servlet/resource/ResourceTransformerSupport
instanceKlass org/springframework/web/servlet/resource/CachingResourceTransformer
instanceKlass org/springframework/web/servlet/resource/AbstractResourceResolver
instanceKlass org/springframework/cache/Cache$ValueWrapper
instanceKlass org/springframework/cache/support/AbstractValueAdaptingCache
instanceKlass org/springframework/http/CacheControl
instanceKlass org/springframework/web/servlet/function/HandlerFunction
instanceKlass org/springframework/web/servlet/function/ServerRequest
instanceKlass sun/reflect/generics/tree/BooleanSignature
instanceKlass io/swagger/v3/core/filter/OpenAPISpecFilter
instanceKlass org/springdoc/core/providers/CloudFunctionProvider
instanceKlass org/springdoc/core/customizers/OpenApiLocaleCustomizer
instanceKlass org/springdoc/core/annotations/RouterOperation
instanceKlass org/springdoc/core/filters/OpenApiMethodFilter
instanceKlass org/springdoc/core/fn/RouterFunctionData
instanceKlass org/springdoc/core/fn/RouterOperation
instanceKlass org/springdoc/core/models/MethodAttributes
instanceKlass org/springdoc/core/fn/AbstractRouterFunctionVisitor
instanceKlass org/springdoc/core/providers/RepositoryRestResourceProvider
instanceKlass org/springframework/expression/spel/CodeFlow
instanceKlass org/springframework/expression/spel/support/ReflectivePropertyAccessor$OptimalPropertyAccessor
instanceKlass org/springframework/expression/spel/support/ReflectivePropertyAccessor$PropertyCacheKey
instanceKlass org/springframework/expression/spel/ast/PropertyOrFieldReference$AccessorValueRef
instanceKlass org/springdoc/core/utils/Constants
instanceKlass org/springframework/expression/common/CompositeStringExpression
instanceKlass org/springframework/expression/spel/ast/ValueRef
instanceKlass org/springframework/web/servlet/handler/AbstractHandlerMethodMapping$MappingRegistration
instanceKlass java/lang/reflect/AnnotatedParameterizedType
instanceKlass sun/reflect/annotation/TypeAnnotation$LocationInfo$Location
instanceKlass sun/reflect/annotation/TypeAnnotation$LocationInfo
instanceKlass sun/reflect/annotation/AnnotatedTypeFactory$AnnotatedTypeBaseImpl
instanceKlass sun/reflect/annotation/AnnotatedTypeFactory
instanceKlass sun/reflect/annotation/TypeAnnotation
instanceKlass sun/reflect/annotation/TypeAnnotationParser
instanceKlass org/springframework/web/method/HandlerMethod$MethodValidationInitializer
instanceKlass org/springframework/web/util/pattern/PathPattern$MatchingContext
instanceKlass org/springframework/util/UnmodifiableMultiValueMap
instanceKlass org/springframework/http/server/DefaultPathContainer$DefaultPathSegment
instanceKlass org/springframework/web/servlet/mvc/method/RequestMappingInfo$DefaultBuilder
instanceKlass org/springframework/util/MimeTypeUtils
instanceKlass org/springframework/web/servlet/mvc/condition/AbstractMediaTypeExpression
instanceKlass org/springframework/web/servlet/mvc/condition/MediaTypeExpression
instanceKlass java/util/Comparators$NullComparator
instanceKlass org/springframework/http/server/DefaultPathContainer$DefaultSeparator
instanceKlass org/springframework/http/server/PathContainer$Separator
instanceKlass org/springframework/http/server/PathContainer$PathSegment
instanceKlass org/springframework/http/server/PathContainer$Element
instanceKlass org/springframework/http/server/DefaultPathContainer
instanceKlass org/springframework/web/util/pattern/PathElement
instanceKlass org/springframework/web/util/pattern/InternalPathPatternParser
instanceKlass org/springframework/web/servlet/mvc/method/RequestMappingInfo$Builder
instanceKlass org/springframework/core/annotation/MergedAnnotationPredicates$FirstRunOfPredicate
instanceKlass org/springframework/web/servlet/mvc/condition/AbstractRequestCondition
instanceKlass org/springframework/web/util/pattern/PathPattern
instanceKlass org/springframework/web/bind/annotation/CrossOrigin
instanceKlass org/springframework/web/servlet/mvc/method/annotation/RequestMappingHandlerMapping$AnnotationDescriptor
instanceKlass org/springframework/web/service/annotation/HttpExchange
instanceKlass org/springframework/web/servlet/mvc/method/RequestMappingInfo
instanceKlass org/springframework/web/servlet/mvc/condition/RequestCondition
instanceKlass org/springframework/web/servlet/mvc/method/RequestMappingInfo$BuilderConfiguration
instanceKlass org/springframework/web/servlet/mvc/method/RequestMappingInfoHandlerMethodMappingNamingStrategy
instanceKlass org/springframework/web/servlet/handler/AbstractHandlerMethodMapping$MappingRegistry
instanceKlass org/springframework/web/servlet/mvc/method/RequestMappingInfoHandlerMapping$HttpOptionsHandler
instanceKlass org/springframework/web/cors/CorsConfiguration$OriginPattern
instanceKlass org/springframework/web/servlet/handler/AbstractHandlerMethodMapping$EmptyHandler
instanceKlass org/springframework/web/servlet/handler/HandlerMethodMappingNamingStrategy
instanceKlass org/springframework/web/context/request/NativeWebRequest
instanceKlass org/springframework/web/accept/HeaderContentNegotiationStrategy
instanceKlass org/springframework/web/accept/MappingMediaTypeFileExtensionResolver
instanceKlass org/springframework/web/accept/ContentNegotiationManagerFactoryBean
instanceKlass org/springframework/boot/validation/MessageInterpolatorFactory
instanceKlass jakarta/validation/ParameterNameProvider
instanceKlass jakarta/validation/ConstraintValidatorFactory
instanceKlass jakarta/validation/MessageInterpolator
instanceKlass org/springframework/context/support/DefaultMessageSourceResolvable
instanceKlass org/springframework/context/MessageSourceResolvable
instanceKlass org/springframework/validation/beanvalidation/SpringValidatorAdapter
instanceKlass org/springframework/boot/autoconfigure/validation/ValidatorAdapter
instanceKlass org/springframework/validation/SmartValidator
instanceKlass org/springframework/web/servlet/support/AbstractFlashMapManager
instanceKlass org/springframework/web/servlet/theme/AbstractThemeResolver
instanceKlass org/springframework/web/servlet/i18n/AbstractLocaleResolver
instanceKlass org/springframework/web/cors/CorsConfiguration
instanceKlass org/springframework/web/servlet/handler/MappedInterceptor
instanceKlass org/springframework/http/server/RequestPath
instanceKlass org/springframework/http/server/PathContainer
instanceKlass org/springframework/web/servlet/handler/RequestMatchResult
instanceKlass org/springframework/web/servlet/resource/ResourceUrlProviderExposingInterceptor
instanceKlass org/springframework/web/servlet/handler/ConversionServiceExposingInterceptor
instanceKlass org/springframework/web/servlet/config/annotation/InterceptorRegistration
instanceKlass org/springframework/cloud/commons/security/ResourceServerTokenRelayAutoConfiguration$ResourceServerTokenRelayRegistrationAutoConfiguration$1
instanceKlass org/springframework/boot/autoconfigure/web/servlet/WelcomePage
instanceKlass org/springframework/http/server/ServerHttpRequest
instanceKlass org/springframework/http/server/ServerHttpResponse
instanceKlass org/springframework/web/cors/DefaultCorsProcessor
instanceKlass org/springframework/http/server/PathContainer$Options
instanceKlass org/springframework/web/cors/CorsProcessor
instanceKlass org/springframework/data/repository/support/Repositories
instanceKlass org/springframework/data/repository/support/DomainClassConverter
instanceKlass org/springframework/boot/autoconfigure/web/format/DateTimeFormatters
instanceKlass org/springframework/boot/web/error/ErrorAttributeOptions
instanceKlass org/springframework/context/support/MessageSourceAccessor
instanceKlass org/springframework/boot/autoconfigure/web/servlet/error/ErrorMvcAutoConfiguration$StaticView
instanceKlass org/springframework/boot/task/SimpleAsyncTaskExecutorCustomizer
instanceKlass org/springframework/boot/autoconfigure/task/TaskExecutorConfigurations
instanceKlass org/springframework/core/task/TaskDecorator
instanceKlass com/fasterxml/jackson/annotation/JsonAutoDetect$Value
instanceKlass com/fasterxml/jackson/databind/jsonFormatVisitors/JsonFormatVisitorWrapper
instanceKlass com/fasterxml/jackson/databind/jsonFormatVisitors/JsonFormatVisitorWithSerializerProvider
instanceKlass com/fasterxml/jackson/databind/jsonschema/JsonSchema
instanceKlass com/fasterxml/jackson/databind/MappingIterator
instanceKlass com/fasterxml/jackson/databind/deser/DeserializationProblemHandler
instanceKlass com/fasterxml/jackson/core/io/CharacterEscapes
instanceKlass com/fasterxml/jackson/databind/InjectableValues
instanceKlass com/fasterxml/jackson/core/FormatSchema
instanceKlass org/springframework/cloud/openfeign/support/PageJacksonModule$PageableMixIn
instanceKlass org/springframework/cloud/openfeign/support/PageJacksonModule$PageMixIn
instanceKlass java/lang/SafeVarargs
instanceKlass java/util/EnumMap$EnumMapIterator
instanceKlass org/springframework/data/domain/AbstractPageRequest
instanceKlass org/springframework/data/domain/Unpaged
instanceKlass org/springframework/data/geo/GeoModule$PolygonMixin
instanceKlass org/springframework/data/geo/GeoModule$CircleMixin
instanceKlass org/springframework/data/geo/GeoModule$BoxMixin
instanceKlass org/springframework/data/geo/GeoModule$PointMixin
instanceKlass org/springframework/data/geo/GeoModule$DistanceMixin
instanceKlass org/springframework/boot/jackson/JsonComponent
instanceKlass org/springframework/boot/jackson/JsonMixin
instanceKlass org/springframework/boot/jackson/JsonMixinModuleEntries$Builder
instanceKlass com/fasterxml/jackson/databind/PropertyNamingStrategy
instanceKlass com/fasterxml/jackson/databind/jsontype/NamedType
instanceKlass org/redisson/WriteBehindService
instanceKlass org/redisson/eviction/EvictionTask
instanceKlass org/redisson/eviction/EvictionScheduler
instanceKlass org/redisson/command/CommandAsyncService
instanceKlass org/redisson/codec/DefaultReferenceCodecProvider
instanceKlass org/redisson/api/RPermitExpirableSemaphoreRx
instanceKlass org/redisson/api/RSetMultimapCacheRx
instanceKlass org/redisson/api/RListMultimapCacheRx
instanceKlass org/redisson/api/RMultimapCacheRx
instanceKlass org/redisson/api/RBatchRx
instanceKlass org/redisson/api/RTransactionRx
instanceKlass org/redisson/api/RIdGeneratorRx
instanceKlass org/redisson/api/RCountDownLatchRx
instanceKlass org/redisson/api/RAtomicDoubleRx
instanceKlass org/redisson/api/RBlockingDequeRx
instanceKlass org/redisson/api/RTransferQueueRx
instanceKlass org/redisson/api/RRingBufferRx
instanceKlass org/redisson/api/RShardedTopicRx
instanceKlass org/redisson/api/RTopicRx
instanceKlass org/redisson/api/RReliableTopicRx
instanceKlass org/redisson/api/RPatternTopicRx
instanceKlass org/redisson/api/RSemaphoreRx
instanceKlass org/redisson/api/RSetMultimapRx
instanceKlass org/redisson/api/RReadWriteLockRx
instanceKlass org/redisson/api/RFencedLockRx
instanceKlass org/redisson/api/RLockRx
instanceKlass org/redisson/api/RListMultimapRx
instanceKlass org/redisson/api/RMultimapRx
instanceKlass org/redisson/api/RJsonBucketRx
instanceKlass org/redisson/api/RLocalCachedMapRx
instanceKlass org/redisson/api/RBucketsRx
instanceKlass org/redisson/api/RRateLimiterRx
instanceKlass org/redisson/api/RGeoRx
instanceKlass org/redisson/api/RTimeSeriesRx
instanceKlass org/redisson/api/RSearchRx
instanceKlass org/redisson/api/RBinaryStreamRx
instanceKlass org/redisson/api/RStreamRx
instanceKlass org/redisson/api/RKeysRx
instanceKlass org/redisson/api/RScriptRx
instanceKlass org/redisson/api/RFunctionRx
instanceKlass org/redisson/api/RPermitExpirableSemaphoreReactive
instanceKlass org/redisson/api/RSetMultimapCacheReactive
instanceKlass org/redisson/api/RListMultimapCacheReactive
instanceKlass org/redisson/api/RMultimapCacheReactive
instanceKlass org/redisson/api/RBatchReactive
instanceKlass org/redisson/api/RTransactionReactive
instanceKlass org/redisson/api/RIdGeneratorReactive
instanceKlass org/redisson/api/RCountDownLatchReactive
instanceKlass org/redisson/api/RAtomicDoubleReactive
instanceKlass org/redisson/api/RBlockingDequeReactive
instanceKlass org/redisson/api/RTransferQueueReactive
instanceKlass org/redisson/api/RRingBufferReactive
instanceKlass org/redisson/api/RShardedTopicReactive
instanceKlass org/redisson/api/RTopicReactive
instanceKlass org/redisson/api/RReliableTopicReactive
instanceKlass org/redisson/api/RPatternTopicReactive
instanceKlass org/redisson/api/RSemaphoreReactive
instanceKlass org/redisson/api/RSetMultimapReactive
instanceKlass org/redisson/api/RReadWriteLockReactive
instanceKlass org/redisson/api/RFencedLockReactive
instanceKlass org/redisson/api/RLockReactive
instanceKlass org/redisson/api/RListMultimapReactive
instanceKlass org/redisson/api/RMultimapReactive
instanceKlass org/redisson/api/RJsonBucketReactive
instanceKlass org/redisson/api/RLocalCachedMapReactive
instanceKlass org/redisson/api/RBucketsReactive
instanceKlass org/redisson/api/RRateLimiterReactive
instanceKlass org/redisson/api/RGeoReactive
instanceKlass org/redisson/api/RTimeSeriesReactive
instanceKlass org/redisson/api/RSearchReactive
instanceKlass org/redisson/api/RBinaryStreamReactive
instanceKlass org/redisson/api/RStreamReactive
instanceKlass org/redisson/api/RKeysReactive
instanceKlass org/redisson/api/RScriptReactive
instanceKlass org/redisson/api/RFunctionReactive
instanceKlass org/redisson/liveobject/core/RedissonObjectBuilder$CodecMethodRef
instanceKlass org/redisson/api/options/LiveObjectOptions
instanceKlass org/redisson/api/BatchOptions
instanceKlass org/redisson/api/ExecutorOptions
instanceKlass org/redisson/api/options/ExecutorOptions
instanceKlass org/redisson/api/redisnode/RedisNodes
instanceKlass org/redisson/api/TransactionOptions
instanceKlass org/redisson/api/options/PatternTopicOptions
instanceKlass org/redisson/api/LockOptions$BackOff
instanceKlass org/redisson/api/options/JsonBucketOptions
instanceKlass org/redisson/api/options/LocalCachedMapOptions
instanceKlass org/redisson/api/options/MapCacheOptions
instanceKlass org/redisson/api/options/CommonOptions
instanceKlass org/redisson/api/options/KeysOptions
instanceKlass org/redisson/api/options/MapOptions
instanceKlass org/redisson/api/options/ExMapOptions
instanceKlass org/redisson/api/MapOptions
instanceKlass org/redisson/api/options/OptionalOptions
instanceKlass org/redisson/api/options/PlainOptions
instanceKlass org/redisson/api/options/CodecOptions
instanceKlass org/redisson/api/options/InvocationOptions
instanceKlass org/redisson/ScanIterator
instanceKlass org/redisson/RedissonObject
instanceKlass org/redisson/codec/ReferenceCodecProvider
instanceKlass org/redisson/liveobject/core/RedissonObjectBuilder
instanceKlass org/redisson/connection/DNSMonitor
instanceKlass org/redisson/client/RedisClient$2$1
instanceKlass org/redisson/client/RedisClient$1$1
instanceKlass io/netty/channel/ServerChannel
instanceKlass io/netty/handler/codec/CodecOutputList$CodecOutputLists
instanceKlass io/netty/handler/codec/CodecOutputList$1
instanceKlass io/netty/handler/codec/CodecOutputList$CodecOutputListRecycler
instanceKlass io/netty/channel/DefaultMaxMessagesRecvByteBufAllocator$MaxMessageHandle$1
instanceKlass io/netty/util/UncheckedBooleanSupplier
instanceKlass io/netty/util/BooleanSupplier
instanceKlass io/netty/channel/DefaultMaxMessagesRecvByteBufAllocator$MaxMessageHandle
instanceKlass io/netty/channel/RecvByteBufAllocator$ExtendedHandle
instanceKlass io/netty/util/internal/PromiseNotificationUtil
instanceKlass io/netty/buffer/PoolThreadCache$MemoryRegionCache$Entry
instanceKlass io/netty/buffer/PoolThreadCache$1
instanceKlass io/netty/channel/ChannelOutboundBuffer$Entry$1
instanceKlass io/netty/buffer/UnsafeByteBufUtil
instanceKlass io/netty/buffer/AbstractByteBufAllocator$1
instanceKlass io/netty/buffer/LongLongHashMap
instanceKlass io/netty/buffer/IntPriorityQueue
instanceKlass io/netty/buffer/PoolChunk
instanceKlass io/netty/buffer/PoolChunkMetric
instanceKlass io/netty/util/internal/shaded/org/jctools/queues/MessagePassingQueueUtil
instanceKlass io/netty/util/Recycler$LocalPool
instanceKlass io/netty/util/internal/shaded/org/jctools/queues/MessagePassingQueue$Consumer
instanceKlass io/netty/buffer/PooledUnsafeDirectByteBuf$1
instanceKlass io/netty/util/internal/ReferenceCountUpdater
instanceKlass io/netty/buffer/PoolThreadCache$FreeOnFinalize
instanceKlass io/netty/util/Recycler$EnhancedHandle
instanceKlass io/netty/util/Recycler$Handle
instanceKlass io/netty/util/internal/ObjectPool$Handle
instanceKlass io/netty/util/Recycler
instanceKlass io/netty/util/internal/ObjectPool
instanceKlass io/netty/buffer/PoolThreadCache$MemoryRegionCache$1
instanceKlass io/netty/util/internal/ObjectPool$ObjectCreator
instanceKlass io/netty/buffer/PoolThreadCache$MemoryRegionCache
instanceKlass org/redisson/client/protocol/QueueCommandHolder
instanceKlass io/netty/util/ReferenceCountUtil
instanceKlass io/netty/util/HashedWheelTimer$HashedWheelTimeout
instanceKlass org/redisson/client/ChannelName
instanceKlass io/netty/util/TimerTask
instanceKlass org/redisson/client/protocol/decoder/IndexInfoDecoder
instanceKlass org/redisson/client/codec/DoubleCodec$1
instanceKlass org/redisson/codec/CompositeCodec
instanceKlass org/redisson/client/protocol/convertor/JsonTypeConvertor
instanceKlass org/redisson/client/protocol/convertor/StringToListConvertor
instanceKlass org/redisson/client/protocol/decoder/SlotsDecoder
instanceKlass org/redisson/client/protocol/decoder/ListResultReplayDecoder
instanceKlass org/redisson/client/protocol/decoder/RedisURIDecoder
instanceKlass org/redisson/client/protocol/decoder/StringMapDataDecoder$1
instanceKlass org/redisson/client/protocol/decoder/StringMapDataDecoder
instanceKlass org/redisson/client/protocol/convertor/TimeObjectDecoder
instanceKlass org/redisson/client/protocol/decoder/TimeLongObjectDecoder
instanceKlass org/redisson/client/protocol/decoder/ClusterNodesDecoder
instanceKlass org/redisson/client/protocol/pubsub/PubSubStatusDecoder
instanceKlass org/redisson/client/protocol/convertor/BooleanNumberReplayConvertor
instanceKlass org/redisson/client/protocol/decoder/PendingEntryDecoder
instanceKlass org/redisson/client/protocol/decoder/PendingResultDecoder
instanceKlass org/redisson/client/protocol/convertor/StreamIdConvertor
instanceKlass org/redisson/client/protocol/decoder/AutoClaimDecoder
instanceKlass org/redisson/client/protocol/decoder/FastAutoClaimDecoder
instanceKlass org/redisson/client/protocol/decoder/StreamConsumerInfoDecoder
instanceKlass org/redisson/client/protocol/decoder/StreamGroupInfoDecoder
instanceKlass org/redisson/client/protocol/decoder/StreamResultDecoderV2
instanceKlass org/redisson/client/protocol/decoder/StreamResultDecoder
instanceKlass org/redisson/client/protocol/decoder/StreamIdDecoder
instanceKlass org/redisson/client/protocol/decoder/ObjectMapReplayDecoder2
instanceKlass org/redisson/client/protocol/convertor/EmptySetConvertor
instanceKlass org/redisson/client/protocol/decoder/MapMergeDecoder
instanceKlass org/redisson/client/protocol/convertor/EmptyMapConvertor
instanceKlass org/redisson/client/protocol/decoder/MapScanResultReplayDecoder
instanceKlass org/redisson/client/protocol/decoder/StringListReplayDecoder
instanceKlass org/redisson/client/protocol/convertor/InstantReplyConvertor
instanceKlass org/redisson/client/protocol/decoder/StringMapReplayDecoder
instanceKlass org/redisson/client/protocol/decoder/MapKeyDecoder
instanceKlass org/redisson/client/protocol/decoder/ObjectMapEntryReplayDecoder
instanceKlass org/redisson/client/protocol/convertor/BooleanNullReplayConvertor
instanceKlass org/redisson/client/protocol/decoder/StringDataDecoder
instanceKlass org/redisson/client/protocol/decoder/MapValueDecoder
instanceKlass org/redisson/client/protocol/convertor/BooleanNullSafeReplayConvertor
instanceKlass org/redisson/client/protocol/convertor/TrueReplayConvertor
instanceKlass org/redisson/client/protocol/decoder/ScoredSortedSetPolledObjectDecoder
instanceKlass org/redisson/client/protocol/decoder/ListObjectDecoder
instanceKlass org/redisson/client/protocol/convertor/EmptyListConvertor
instanceKlass io/netty/channel/nio/AbstractNioChannel$AbstractNioUnsafe$2
instanceKlass org/redisson/client/protocol/decoder/ListScanResultReplayDecoder
instanceKlass io/netty/channel/nio/AbstractNioChannel$AbstractNioUnsafe$1
instanceKlass org/redisson/client/protocol/decoder/ScoredEntryScanDecoder
instanceKlass org/redisson/client/protocol/decoder/ScoredSortedSetScanReplayDecoder
instanceKlass io/netty/util/internal/SocketUtils$3
instanceKlass io/netty/bootstrap/Bootstrap$3
instanceKlass org/redisson/client/protocol/decoder/CodecDecoder
instanceKlass org/redisson/client/codec/StringCodec$2
instanceKlass org/redisson/client/codec/StringCodec$1
instanceKlass org/redisson/client/protocol/decoder/ObjectDecoder
instanceKlass org/redisson/client/protocol/decoder/ObjectFirstScoreReplayDecoder
instanceKlass org/redisson/client/protocol/decoder/ScoredSortedSetReplayDecoderV2
instanceKlass org/redisson/client/protocol/decoder/ListMultiDecoder2
instanceKlass io/netty/buffer/UnpooledByteBufAllocator$UnpooledByteBufAllocatorMetric
instanceKlass org/redisson/client/protocol/decoder/ScoredSortedSetReplayDecoder
instanceKlass org/redisson/client/protocol/decoder/RankedEntryDecoder
instanceKlass org/redisson/client/protocol/convertor/BooleanNotNullReplayConvertor
instanceKlass org/redisson/client/protocol/convertor/BooleanAmountReplayConvertor
instanceKlass org/redisson/client/protocol/decoder/ObjectSetReplayDecoder
instanceKlass org/redisson/client/protocol/decoder/ObjectMapReplayDecoder
instanceKlass org/redisson/client/protocol/convertor/BitsSizeReplayConvertor
instanceKlass org/redisson/client/protocol/convertor/VoidReplayConvertor
instanceKlass org/redisson/client/protocol/convertor/ShortReplayConvertor
instanceKlass org/redisson/client/protocol/convertor/ByteReplayConvertor
instanceKlass org/redisson/client/protocol/convertor/LongReplayConvertor
instanceKlass org/redisson/client/protocol/decoder/ListFirstObjectDecoder
instanceKlass org/redisson/client/protocol/convertor/TypeConvertor
instanceKlass org/redisson/client/protocol/convertor/IntegerReplayConvertor
instanceKlass org/redisson/client/protocol/decoder/Long2MultiDecoder
instanceKlass org/redisson/client/protocol/decoder/ObjectListReplayDecoder
instanceKlass org/redisson/client/protocol/convertor/DoubleReplayConvertor
instanceKlass org/redisson/client/protocol/convertor/BooleanReplayConvertor
instanceKlass io/netty/buffer/Unpooled
instanceKlass org/redisson/client/handler/State
instanceKlass org/redisson/client/protocol/convertor/EmptyConvertor
instanceKlass org/redisson/client/protocol/convertor/Convertor
instanceKlass org/redisson/client/protocol/decoder/MultiDecoder
instanceKlass io/netty/handler/codec/ByteToMessageDecoder$2
instanceKlass io/netty/handler/codec/ByteToMessageDecoder$1
instanceKlass io/netty/handler/codec/ByteToMessageDecoder$Cumulator
instanceKlass org/redisson/client/protocol/CommandsData
instanceKlass org/redisson/client/protocol/CommandData
instanceKlass org/redisson/client/protocol/QueueCommand
instanceKlass org/redisson/client/RedisClient$2
instanceKlass java/util/stream/Sink$ChainedLong
instanceKlass java/util/stream/Sink$OfLong
instanceKlass java/util/function/LongConsumer
instanceKlass java/util/stream/Streams$RangeLongSpliterator
instanceKlass java/util/stream/LongStream
instanceKlass org/redisson/misc/CompletableFutureWrapper
instanceKlass java/util/concurrent/ForkJoinTask$Aux
instanceKlass org/redisson/client/RedisClient$1
instanceKlass io/netty/bootstrap/Bootstrap$1
instanceKlass io/netty/channel/nio/AbstractNioByteChannel$1
instanceKlass io/netty/channel/socket/nio/SelectorProviderUtil
instanceKlass io/netty/channel/FileRegion
instanceKlass org/redisson/connection/IdleConnectionWatcher$Entry
instanceKlass org/redisson/connection/ClientConnectionsEntry
instanceKlass io/netty/util/concurrent/DefaultPromise$1
instanceKlass io/netty/resolver/InetSocketAddressResolver$1
instanceKlass io/netty/resolver/DefaultHostsFileEntriesResolver$1
instanceKlass jdk/internal/icu/impl/Trie2$UTrie2Header
instanceKlass jdk/internal/icu/impl/Trie2$1
instanceKlass jdk/internal/icu/impl/Trie2$ValueMapper
instanceKlass jdk/internal/icu/impl/Trie2
instanceKlass jdk/internal/icu/impl/UCharacterProperty$IsAcceptable
instanceKlass jdk/internal/icu/impl/UCharacterProperty$IntProperty
instanceKlass jdk/internal/icu/impl/UCharacterProperty
instanceKlass jdk/internal/icu/impl/Trie
instanceKlass jdk/internal/icu/text/StringPrep$StringPrepTrieImpl
instanceKlass jdk/internal/icu/impl/Trie$DataManipulate
instanceKlass jdk/internal/icu/impl/StringPrepDataReader
instanceKlass jdk/internal/icu/text/StringPrep
instanceKlass java/net/IDN
instanceKlass io/netty/channel/ChannelFutureListener$3
instanceKlass io/netty/channel/ChannelFutureListener$2
instanceKlass io/netty/channel/ChannelFutureListener$1
instanceKlass io/netty/util/concurrent/GenericProgressiveFutureListener
instanceKlass io/netty/channel/AbstractChannel$AbstractUnsafe$2
instanceKlass io/netty/resolver/AddressResolverGroup$1
instanceKlass io/netty/util/internal/SocketUtils$6
instanceKlass sun/nio/ch/DatagramChannelImpl$DefaultOptionsHolder
instanceKlass io/netty/resolver/AbstractAddressResolver
instanceKlass io/netty/bootstrap/AbstractBootstrap$2
instanceKlass io/netty/resolver/dns/DnsNameResolver$6
instanceKlass io/netty/resolver/dns/DnsNameResolver$5
instanceKlass io/netty/bootstrap/AbstractBootstrap$1
instanceKlass io/netty/channel/AbstractChannel$AbstractUnsafe$1
instanceKlass io/netty/bootstrap/ChannelInitializerExtensions
instanceKlass io/netty/channel/ChannelHandler$Sharable
instanceKlass io/netty/buffer/ByteBufUtil$2
instanceKlass io/netty/buffer/PooledByteBufAllocatorMetric
instanceKlass io/netty/buffer/PoolChunkList
instanceKlass io/netty/buffer/PoolChunkListMetric
instanceKlass io/netty/buffer/PoolSubpage
instanceKlass io/netty/buffer/PoolSubpageMetric
instanceKlass io/netty/buffer/PoolThreadCache
instanceKlass io/netty/buffer/SizeClasses
instanceKlass io/netty/buffer/PoolArena
instanceKlass io/netty/buffer/PoolArenaMetric
instanceKlass io/netty/buffer/SizeClassesMetric
instanceKlass io/netty/buffer/PooledByteBufAllocator$1
instanceKlass io/netty/buffer/ByteBufAllocatorMetric
instanceKlass io/netty/util/ByteProcessor
instanceKlass io/netty/buffer/ByteBufUtil
instanceKlass io/netty/channel/RecvByteBufAllocator$Handle
instanceKlass io/netty/channel/DefaultMaxMessagesRecvByteBufAllocator
instanceKlass io/netty/channel/MaxMessagesRecvByteBufAllocator
instanceKlass sun/nio/ch/DatagramSocketAdaptor$DatagramSockets
instanceKlass io/netty/channel/WriteBufferWaterMark
instanceKlass io/netty/channel/DefaultMessageSizeEstimator$HandleImpl
instanceKlass io/netty/channel/DefaultMessageSizeEstimator
instanceKlass io/netty/channel/MessageSizeEstimator
instanceKlass io/netty/channel/DefaultChannelConfig
instanceKlass io/netty/channel/nio/AbstractNioChannel$1
instanceKlass io/netty/channel/ChannelHandlerMask$Skip
instanceKlass io/netty/channel/ChannelHandlerMask$2
instanceKlass io/netty/channel/ChannelHandlerMask
instanceKlass io/netty/channel/AbstractChannelHandlerContext$Tasks
instanceKlass io/netty/channel/VoidChannelPromise$1
instanceKlass io/netty/channel/MessageSizeEstimator$Handle
instanceKlass io/netty/channel/DefaultChannelPipeline$PendingHandlerCallback
instanceKlass io/netty/channel/ChannelProgressivePromise
instanceKlass io/netty/channel/ChannelProgressiveFuture
instanceKlass io/netty/channel/AbstractChannelHandlerContext
instanceKlass io/netty/util/ResourceLeakHint
instanceKlass io/netty/channel/ChannelHandlerContext
instanceKlass io/netty/channel/DefaultChannelPipeline
instanceKlass io/netty/channel/ChannelOutboundBuffer$Entry
instanceKlass io/netty/channel/ChannelOutboundBuffer
instanceKlass io/netty/util/internal/SocketUtils$13
instanceKlass io/netty/util/internal/MacAddressUtil
instanceKlass io/netty/channel/DefaultChannelId
instanceKlass io/netty/channel/ChannelFlushPromiseNotifier$FlushCheckpoint
instanceKlass sun/nio/ch/NativeSocketAddress
instanceKlass sun/net/ResourceManager
instanceKlass java/net/DatagramSocket
instanceKlass io/netty/buffer/ByteBuf
instanceKlass io/netty/buffer/ByteBufConvertible
instanceKlass io/netty/channel/ChannelMetadata
instanceKlass io/netty/resolver/dns/DnsQueryContextManager
instanceKlass io/netty/resolver/dns/DnsNameResolver$11
instanceKlass io/netty/resolver/dns/NameServerComparator
instanceKlass io/netty/resolver/dns/DefaultAuthoritativeDnsServerCache
instanceKlass io/netty/resolver/dns/InflightNameResolver
instanceKlass io/netty/bootstrap/Bootstrap$ExternalAddressResolver
instanceKlass io/netty/bootstrap/AbstractBootstrapConfig
instanceKlass io/netty/bootstrap/AbstractBootstrap
instanceKlass org/redisson/client/RedisClient
instanceKlass org/redisson/client/RedisClientConfig
instanceKlass java/net/spi/URLStreamHandlerProvider
instanceKlass java/net/URL$1
instanceKlass java/net/URL$2
instanceKlass org/redisson/connection/ConnectionsHolder
instanceKlass org/redisson/connection/pool/ConnectionPool
instanceKlass org/redisson/client/RedisConnection
instanceKlass org/redisson/client/protocol/RedisCommands
instanceKlass org/redisson/misc/RedisURI
instanceKlass org/redisson/PubSubEntry
instanceKlass org/redisson/pubsub/PublishSubscribe
instanceKlass org/redisson/client/protocol/RedisCommand
instanceKlass org/redisson/client/RedisPubSubListener
instanceKlass org/redisson/api/listener/MessageListener
instanceKlass org/redisson/pubsub/PublishSubscribeService
instanceKlass org/redisson/connection/IdleConnectionWatcher
instanceKlass org/redisson/cluster/ClusterSlotRange
instanceKlass org/redisson/client/FailedConnectionDetector
instanceKlass org/redisson/connection/balancer/RoundRobinLoadBalancer
instanceKlass org/redisson/client/FailedNodeDetector
instanceKlass org/redisson/connection/balancer/LoadBalancer
instanceKlass org/redisson/connection/MasterSlaveEntry
instanceKlass org/redisson/connection/MasterSlaveConnectionManager
instanceKlass org/redisson/connection/ServiceManager$2
instanceKlass io/netty/channel/nio/NioEventLoop$SelectorTuple
instanceKlass io/netty/channel/nio/NioEventLoop$4
instanceKlass io/netty/channel/nio/NioEventLoop$3
instanceKlass io/netty/channel/nio/NioEventLoop$1
instanceKlass io/netty/channel/DefaultSelectStrategy
instanceKlass io/netty/channel/SelectStrategy
instanceKlass io/netty/util/IntSupplier
instanceKlass io/netty/channel/ChannelPromise
instanceKlass io/netty/channel/DefaultSelectStrategyFactory
instanceKlass io/netty/channel/SelectStrategyFactory
instanceKlass io/netty/util/NettyRuntime$AvailableProcessorsHolder
instanceKlass org/redisson/Version
instanceKlass org/redisson/QueueTransferService
instanceKlass org/redisson/api/DefaultNatMapper
instanceKlass org/redisson/api/NatMapper
instanceKlass org/redisson/ElementsSubscribeService
instanceKlass org/redisson/connection/ConnectionEventsHub
instanceKlass org/redisson/cache/LRUCacheMap$SortedSet
instanceKlass org/redisson/misc/WrappedLock
instanceKlass org/redisson/cache/CachedValue
instanceKlass org/redisson/cache/ExpirableValue
instanceKlass org/redisson/cache/AbstractCacheMap
instanceKlass org/redisson/cache/Cache
instanceKlass org/redisson/connection/ServiceManager$1
instanceKlass org/redisson/api/RFuture
instanceKlass org/redisson/connection/ConnectionListener
instanceKlass org/redisson/connection/ServiceManager
instanceKlass com/fasterxml/jackson/databind/ser/FilterProvider
instanceKlass org/redisson/connection/ConnectionManager
instanceKlass org/redisson/config/ConfigSupport
instanceKlass org/redisson/codec/Kryo5Codec$5
instanceKlass org/redisson/codec/Kryo5Codec$4
instanceKlass org/redisson/codec/BaseEventCodec
instanceKlass org/redisson/client/codec/BitSetCodec
instanceKlass org/redisson/codec/JsonCodec
instanceKlass com/esotericsoftware/kryo/Serializer
instanceKlass org/objenesis/strategy/InstantiatorStrategy
instanceKlass com/esotericsoftware/kryo/util/Pool
instanceKlass org/redisson/client/protocol/Encoder
instanceKlass org/redisson/client/protocol/Decoder
instanceKlass org/redisson/client/codec/BaseCodec
instanceKlass org/redisson/api/RSetRx
instanceKlass org/redisson/api/RSetCacheRx
instanceKlass org/redisson/api/RMapCacheRx
instanceKlass org/redisson/api/RMapRx
instanceKlass org/redisson/api/RListRx
instanceKlass org/redisson/api/RLexSortedSetRx
instanceKlass org/redisson/api/RScoredSortedSetRx
instanceKlass org/redisson/api/RSortableRx
instanceKlass org/redisson/api/RHyperLogLogRx
instanceKlass org/redisson/api/RDequeRx
instanceKlass org/redisson/api/RBucketRx
instanceKlass org/redisson/api/RBlockingQueueRx
instanceKlass org/redisson/api/RQueueRx
instanceKlass org/redisson/api/RCollectionRx
instanceKlass org/redisson/api/RBitSetRx
instanceKlass org/redisson/api/RAtomicLongRx
instanceKlass org/redisson/api/RExpirableRx
instanceKlass org/redisson/api/RObjectRx
instanceKlass org/redisson/api/RSetReactive
instanceKlass org/redisson/api/RSetCacheReactive
instanceKlass org/redisson/api/RMapCacheReactive
instanceKlass org/redisson/api/RMapReactive
instanceKlass org/redisson/api/RListReactive
instanceKlass org/redisson/api/RLexSortedSetReactive
instanceKlass org/redisson/api/RScoredSortedSetReactive
instanceKlass org/redisson/api/RSortableReactive
instanceKlass org/redisson/api/RHyperLogLogReactive
instanceKlass org/redisson/api/RDequeReactive
instanceKlass org/redisson/api/RBucketReactive
instanceKlass org/redisson/api/RBlockingQueueReactive
instanceKlass org/redisson/api/RQueueReactive
instanceKlass org/redisson/api/RCollectionReactive
instanceKlass org/redisson/api/RBitSetReactive
instanceKlass org/redisson/api/RAtomicLongReactive
instanceKlass org/redisson/api/RExpirableReactive
instanceKlass org/redisson/api/RObjectReactive
instanceKlass org/redisson/misc/BiHashMap
instanceKlass org/redisson/RedissonReference
instanceKlass org/redisson/api/ClusterNodesGroup
instanceKlass org/redisson/api/RLiveObjectService
instanceKlass org/redisson/api/RPriorityBlockingDeque
instanceKlass org/redisson/api/RPriorityBlockingQueue
instanceKlass org/redisson/api/RPermitExpirableSemaphore
instanceKlass org/redisson/api/RPermitExpirableSemaphoreAsync
instanceKlass org/redisson/api/RSetMultimapCache
instanceKlass org/redisson/api/RBoundedBlockingQueue
instanceKlass org/redisson/api/RBoundedBlockingQueueAsync
instanceKlass org/redisson/api/RListMultimapCache
instanceKlass org/redisson/api/RMultimapCache
instanceKlass org/redisson/api/RMultimapCacheAsync
instanceKlass org/redisson/api/RedissonReactiveClient
instanceKlass org/redisson/api/RBatch
instanceKlass org/redisson/api/RList
instanceKlass org/redisson/api/RListAsync
instanceKlass org/redisson/api/RScheduledExecutorService
instanceKlass org/redisson/api/RScheduledExecutorServiceAsync
instanceKlass org/redisson/api/RExecutorService
instanceKlass org/redisson/api/RExecutorServiceAsync
instanceKlass org/redisson/api/redisnode/BaseRedisNodes
instanceKlass org/redisson/api/NodesGroup
instanceKlass org/redisson/api/RBitSet
instanceKlass org/redisson/api/RBitSetAsync
instanceKlass org/redisson/api/RTransaction
instanceKlass org/redisson/api/RRemoteService
instanceKlass org/redisson/api/RIdGenerator
instanceKlass org/redisson/api/RIdGeneratorAsync
instanceKlass org/redisson/api/RBloomFilter
instanceKlass org/redisson/api/RedissonRxClient
instanceKlass org/redisson/api/RCountDownLatch
instanceKlass org/redisson/api/RCountDownLatchAsync
instanceKlass org/redisson/api/RLongAdder
instanceKlass org/redisson/api/RDoubleAdder
instanceKlass org/redisson/api/RAtomicDouble
instanceKlass org/redisson/api/RAtomicDoubleAsync
instanceKlass org/redisson/api/RAtomicLong
instanceKlass org/redisson/api/RAtomicLongAsync
instanceKlass org/redisson/api/RBlockingDeque
instanceKlass org/redisson/api/RBlockingDequeAsync
instanceKlass java/util/concurrent/BlockingDeque
instanceKlass org/redisson/api/RPriorityDeque
instanceKlass org/redisson/api/RDeque
instanceKlass org/redisson/api/RDequeAsync
instanceKlass org/redisson/api/RTransferQueue
instanceKlass org/redisson/api/RTransferQueueAsync
instanceKlass org/redisson/api/RBlockingQueue
instanceKlass org/redisson/api/RBlockingQueueAsync
instanceKlass java/util/concurrent/TransferQueue
instanceKlass org/redisson/api/RRingBuffer
instanceKlass org/redisson/api/RRingBufferAsync
instanceKlass org/redisson/api/RShardedTopic
instanceKlass org/redisson/api/RShardedTopicAsync
instanceKlass org/redisson/api/RTopic
instanceKlass org/redisson/api/RTopicAsync
instanceKlass org/redisson/api/RLexSortedSet
instanceKlass org/redisson/api/RLexSortedSetAsync
instanceKlass org/redisson/api/RDelayedQueue
instanceKlass org/redisson/api/RReliableTopic
instanceKlass org/redisson/api/RReliableTopicAsync
instanceKlass org/redisson/api/RPriorityQueue
instanceKlass org/redisson/api/RPatternTopic
instanceKlass org/redisson/api/RSortedSet
instanceKlass org/redisson/api/RSemaphore
instanceKlass org/redisson/api/RSemaphoreAsync
instanceKlass org/redisson/api/RSetMultimap
instanceKlass org/redisson/api/RReadWriteLock
instanceKlass org/redisson/api/RFencedLock
instanceKlass org/redisson/api/RFencedLockAsync
instanceKlass org/redisson/api/RLock
instanceKlass org/redisson/api/RLockAsync
instanceKlass org/redisson/api/RListMultimap
instanceKlass org/redisson/api/RMultimap
instanceKlass org/redisson/api/RMultimapAsync
instanceKlass org/redisson/api/RHyperLogLog
instanceKlass org/redisson/api/RHyperLogLogAsync
instanceKlass org/redisson/api/RJsonBucket
instanceKlass org/redisson/api/RJsonBucketAsync
instanceKlass org/redisson/api/RLocalCachedMap
instanceKlass org/redisson/api/RBuckets
instanceKlass org/redisson/api/RBucketsAsync
instanceKlass org/redisson/api/RMapCache
instanceKlass org/redisson/api/RMapCacheAsync
instanceKlass org/redisson/api/RRateLimiter
instanceKlass org/redisson/api/RRateLimiterAsync
instanceKlass org/redisson/api/RGeo
instanceKlass org/redisson/api/RGeoAsync
instanceKlass org/redisson/api/RScoredSortedSet
instanceKlass org/redisson/api/RScoredSortedSetAsync
instanceKlass org/redisson/api/RTimeSeries
instanceKlass org/redisson/api/RTimeSeriesAsync
instanceKlass org/redisson/api/RSearch
instanceKlass org/redisson/api/RSearchAsync
instanceKlass org/redisson/api/RSetCache
instanceKlass org/redisson/api/RSetCacheAsync
instanceKlass org/redisson/api/RSet
instanceKlass org/redisson/api/RSortable
instanceKlass org/redisson/api/RSetAsync
instanceKlass org/redisson/api/RSortableAsync
instanceKlass org/redisson/api/RBinaryStream
instanceKlass org/redisson/api/RBucket
instanceKlass org/redisson/api/RBucketAsync
instanceKlass org/redisson/api/RStream
instanceKlass org/redisson/api/RStreamAsync
instanceKlass org/redisson/api/RKeys
instanceKlass org/redisson/api/RKeysAsync
instanceKlass org/redisson/api/RScript
instanceKlass org/redisson/api/RScriptAsync
instanceKlass org/redisson/api/RMap
instanceKlass org/redisson/api/RDestroyable
instanceKlass org/redisson/api/RMapAsync
instanceKlass org/redisson/api/RFunction
instanceKlass org/redisson/api/RFunctionAsync
instanceKlass org/redisson/api/options/ObjectParams
instanceKlass org/redisson/api/RQueue
instanceKlass org/redisson/api/RQueueAsync
instanceKlass org/redisson/api/RCollectionAsync
instanceKlass org/redisson/api/RExpirable
instanceKlass org/redisson/api/RExpirableAsync
instanceKlass org/redisson/api/RObject
instanceKlass org/redisson/api/RObjectAsync
instanceKlass org/redisson/command/CommandAsyncExecutor
instanceKlass org/redisson/Redisson
instanceKlass org/redisson/config/DefaultCommandMapper
instanceKlass org/redisson/config/CommandMapper
instanceKlass org/redisson/api/DefaultNameMapper
instanceKlass org/redisson/api/NameMapper
instanceKlass org/redisson/config/Credentials
instanceKlass org/redisson/client/DefaultCredentialsResolver
instanceKlass org/redisson/config/CredentialsResolver
instanceKlass org/redisson/config/BaseConfig
instanceKlass org/redisson/misc/AsyncSemaphore
instanceKlass org/redisson/connection/SequentialDnsAddressResolverFactory
instanceKlass org/redisson/client/DefaultNettyHook
instanceKlass org/redisson/client/codec/Codec
instanceKlass org/redisson/connection/AddressResolverGroupFactory
instanceKlass org/redisson/client/NettyHook
instanceKlass org/redisson/config/Config
instanceKlass org/springdoc/core/models/GroupedOpenApi$Builder
instanceKlass org/springframework/http/client/ClientHttpRequestInitializer
instanceKlass io/micrometer/observation/transport/ResponseContext
instanceKlass org/springframework/core/ParameterizedTypeReference
instanceKlass org/springframework/http/HttpHeaders
instanceKlass org/springframework/web/util/DefaultUriBuilderFactory
instanceKlass org/springframework/web/util/UriBuilderFactory
instanceKlass io/micrometer/observation/SimpleObservationRegistry
instanceKlass io/micrometer/observation/ObservationRegistry$ObservationConfig
instanceKlass io/micrometer/observation/NoopObservationRegistry
instanceKlass io/micrometer/observation/ObservationRegistry
instanceKlass org/springframework/web/client/RestTemplate$HeadersExtractor
instanceKlass org/springframework/web/client/DefaultResponseErrorHandler
instanceKlass org/springframework/http/client/ClientHttpRequest
instanceKlass org/springframework/http/client/SimpleClientHttpRequestFactory
instanceKlass io/micrometer/common/ImmutableKeyValue
instanceKlass io/micrometer/common/KeyValue
instanceKlass io/micrometer/observation/docs/ObservationDocumentation
instanceKlass io/micrometer/observation/Observation$Context
instanceKlass io/micrometer/observation/Observation$ContextView
instanceKlass io/micrometer/common/docs/KeyName
instanceKlass org/springframework/http/client/observation/DefaultClientRequestObservationConvention
instanceKlass org/springframework/web/client/RequestCallback
instanceKlass org/springframework/http/client/observation/ClientRequestObservationConvention
instanceKlass io/micrometer/observation/ObservationConvention
instanceKlass io/micrometer/observation/KeyValuesConvention
instanceKlass org/springframework/web/util/UriTemplateHandler
instanceKlass org/springframework/web/client/ResponseExtractor
instanceKlass org/springframework/web/client/ResponseErrorHandler
instanceKlass org/springframework/http/client/ClientHttpRequestFactory
instanceKlass com/daijia/model/vo/map/DrivingLineVo
instanceKlass com/daijia/model/form/map/CalculateDrivingLineForm
instanceKlass com/daijia/model/vo/order/OrderRewardVo
instanceKlass com/daijia/model/vo/order/OrderBillVo
instanceKlass com/daijia/model/vo/order/OrderPayVo
instanceKlass com/daijia/model/vo/base/PageVo
instanceKlass com/daijia/model/vo/order/OrderProfitsharingVo
instanceKlass com/daijia/model/vo/order/CurrentOrderInfoVo
instanceKlass com/daijia/model/form/order/StartDriveForm
instanceKlass com/daijia/model/form/order/UpdateOrderBillForm
instanceKlass com/daijia/model/form/order/UpdateOrderCartForm
instanceKlass com/daijia/model/form/order/OrderInfoForm
instanceKlass org/springframework/data/repository/core/support/RepositoryFactorySupport$ImplementationMethodExecutionInterceptor
instanceKlass org/springframework/data/util/Pair
instanceKlass org/springframework/data/repository/query/parser/OrderBySource
instanceKlass org/springframework/data/mapping/PropertyPath$Key
instanceKlass org/springframework/data/repository/query/parser/Part
instanceKlass org/springframework/data/repository/query/parser/PartTree$OrPart
instanceKlass org/springframework/data/repository/query/parser/PartTree$Predicate
instanceKlass org/springframework/data/repository/query/parser/PartTree$Subject
instanceKlass org/springframework/data/repository/query/parser/PartTree
instanceKlass org/springframework/data/mongodb/core/ExecutableUpdateOperationSupport$ExecutableUpdateSupport
instanceKlass org/springframework/data/mongodb/core/ExecutableUpdateOperation$FindAndReplaceWithProjection
instanceKlass org/springframework/data/mongodb/core/ExecutableUpdateOperation$FindAndReplaceWithOptions
instanceKlass org/springframework/data/mongodb/core/ExecutableUpdateOperation$ReplaceWithOptions
instanceKlass org/springframework/data/mongodb/core/ExecutableUpdateOperation$TerminatingFindAndReplace
instanceKlass org/springframework/data/mongodb/core/ExecutableUpdateOperation$TerminatingReplace
instanceKlass org/springframework/data/mongodb/core/ExecutableUpdateOperation$TerminatingUpdate
instanceKlass org/springframework/data/mongodb/core/ExecutableUpdateOperation$FindAndModifyWithOptions
instanceKlass org/springframework/data/mongodb/core/ExecutableUpdateOperation$TerminatingFindAndModify
instanceKlass org/springframework/data/mongodb/core/ExecutableUpdateOperationSupport
instanceKlass org/springframework/data/mongodb/core/ExecutableFindOperation$TerminatingDistinct
instanceKlass org/springframework/data/mongodb/core/ExecutableFindOperation$DistinctWithQuery
instanceKlass org/springframework/data/mongodb/core/ExecutableFindOperation$DistinctWithProjection
instanceKlass org/springframework/data/mongodb/core/ExecutableFindOperationSupport$ExecutableFindSupport
instanceKlass org/springframework/data/mongodb/core/query/Meta
instanceKlass org/springframework/data/domain/Limit$Unlimited
instanceKlass org/springframework/data/domain/Sort$Order
instanceKlass org/springframework/data/mongodb/core/ExecutableFindOperationSupport
instanceKlass org/springframework/data/mongodb/repository/query/SimpleMongoEntityMetadata
instanceKlass org/springframework/data/mongodb/repository/query/MongoQueryExecution
instanceKlass org/springframework/data/mongodb/repository/query/MongoParameterAccessor
instanceKlass org/springframework/data/repository/query/ParameterAccessor
instanceKlass org/springframework/data/mongodb/repository/query/AbstractMongoQuery
instanceKlass org/springframework/data/mongodb/repository/Query
instanceKlass org/springframework/data/mongodb/repository/Aggregation
instanceKlass org/springframework/data/mongodb/repository/Update
instanceKlass org/springframework/data/repository/query/QueryMethod$QueryMethodValidator
instanceKlass org/springframework/data/repository/query/ResultProcessor$ProjectingConverter
instanceKlass org/springframework/data/repository/query/ReturnedType$CacheKey
instanceKlass org/springframework/data/repository/query/ReturnedType
instanceKlass org/springframework/data/repository/query/ResultProcessor
instanceKlass org/springframework/data/mongodb/repository/query/QueryUtils
instanceKlass org/springframework/data/domain/Range
instanceKlass org/springframework/data/mongodb/core/query/TextCriteria
instanceKlass org/springframework/data/geo/Distance
instanceKlass org/springframework/data/mongodb/repository/Near
instanceKlass org/springframework/data/repository/query/ParametersSource$1
instanceKlass org/springframework/data/repository/query/ParametersSource
instanceKlass org/springframework/data/repository/query/Parameter
instanceKlass org/springframework/data/repository/util/ReactiveWrapperConverters$RegistryHolder
instanceKlass org/springframework/data/repository/util/ReactiveWrapperConverters$ReactiveTypeWrapper
instanceKlass org/springframework/data/repository/util/ReactiveWrapperConverters
instanceKlass org/springframework/data/repository/query/Param
instanceKlass org/springframework/data/domain/Limit
instanceKlass org/springframework/data/domain/ScrollPosition
instanceKlass org/springframework/data/domain/Chunk
instanceKlass org/springframework/data/geo/GeoResult
instanceKlass org/springframework/data/mongodb/repository/query/MongoEntityMetadata
instanceKlass org/springframework/data/repository/query/Parameters
instanceKlass org/springframework/data/repository/core/support/QueryExecutionResultHandler
instanceKlass org/springframework/data/repository/core/support/RepositoryMethodInvoker
instanceKlass org/springframework/data/repository/core/support/QueryExecutorMethodInterceptor
instanceKlass org/springframework/data/mongodb/repository/support/CachingExpressionParser
instanceKlass org/springframework/data/mongodb/repository/support/MongoRepositoryFactory$MongoQueryLookupStrategy
instanceKlass org/springframework/data/repository/query/QueryLookupStrategy
instanceKlass org/springframework/data/util/AnnotationDetectionMethodCallback
instanceKlass org/springframework/data/domain/DomainEvents
instanceKlass org/springframework/data/repository/core/support/EventPublishingRepositoryProxyPostProcessor$EventPublishingMethod
instanceKlass org/springframework/aop/DynamicIntroductionAdvice
instanceKlass org/springframework/data/annotation/QueryAnnotation
instanceKlass org/springframework/data/mongodb/repository/support/CrudMethodMetadataPostProcessor$CrudMethodMetadataPopulatingMethodInterceptor
instanceKlass org/springframework/aop/TruePointcut
instanceKlass org/springframework/aop/interceptor/ExposeInvocationInterceptor
instanceKlass java/lang/Package$1PackageInfoProxy
instanceKlass org/springframework/lang/NonNullApi
instanceKlass org/springframework/data/util/NullableUtils
instanceKlass org/springframework/data/repository/core/support/MethodInvocationValidator
instanceKlass org/springframework/transaction/interceptor/TransactionalProxy
instanceKlass org/springframework/aop/target/SingletonTargetSource
instanceKlass org/springframework/data/repository/query/ReactiveQueryByExampleExecutor
instanceKlass org/springframework/data/querydsl/ReactiveQuerydslPredicateExecutor
instanceKlass org/springframework/data/querydsl/QuerydslPredicateExecutor
instanceKlass org/springframework/data/repository/core/support/RepositoryFactorySupport$RepositoryValidator
instanceKlass org/springframework/data/repository/core/support/RepositoryFragment$ImplementedRepositoryFragment
instanceKlass org/springframework/aop/framework/JdkDynamicAopProxy$ProxiedInterfacesCache
instanceKlass org/aopalliance/intercept/MethodInvocation
instanceKlass org/aopalliance/intercept/Invocation
instanceKlass org/aopalliance/intercept/Joinpoint
instanceKlass org/springframework/aop/framework/JdkDynamicAopProxy
instanceKlass org/springframework/data/mongodb/repository/support/CrudMethodMetadataPostProcessor$ThreadBoundTargetSource
instanceKlass org/springframework/data/mongodb/repository/support/CrudMethodMetadata
instanceKlass org/springframework/aop/framework/AopProxy
instanceKlass org/springframework/aop/framework/DefaultAopProxyFactory
instanceKlass org/springframework/aop/framework/DefaultAdvisorChainFactory
instanceKlass org/springframework/aop/target/EmptyTargetSource
instanceKlass org/springframework/aop/framework/AopProxyFactory
instanceKlass org/springframework/aop/framework/AdvisorChainFactory
instanceKlass org/springframework/data/repository/core/support/PersistentEntityInformation
instanceKlass org/springframework/data/mongodb/repository/query/MongoEntityInformation
instanceKlass org/springframework/data/mongodb/repository/support/MongoEntityInformationSupport
instanceKlass org/springframework/data/repository/core/support/RepositoryFragment$StructuralRepositoryFragment
instanceKlass org/springframework/data/repository/core/RepositoryInformationSupport
instanceKlass org/springframework/data/mongodb/repository/support/SimpleMongoRepository
instanceKlass org/springframework/data/repository/core/support/RepositoryFactorySupport$RepositoryInformationCacheKey
instanceKlass org/springframework/data/repository/core/support/MethodLookups$RepositoryAwareMethodLookup
instanceKlass org/springframework/data/repository/core/support/MethodLookups
instanceKlass org/springframework/data/repository/core/support/EventPublishingRepositoryProxyPostProcessor
instanceKlass org/springframework/data/mongodb/repository/support/CrudMethodMetadataPostProcessor
instanceKlass org/springframework/data/repository/core/support/RepositoryFactorySupport$QueryCollectingQueryCreationListener
instanceKlass org/springframework/data/repository/util/QueryExecutionConverters$IterableToStreamableConverter
instanceKlass org/springframework/util/concurrent/SuccessCallback
instanceKlass org/springframework/util/concurrent/FailureCallback
instanceKlass org/springframework/scheduling/annotation/AsyncResult
instanceKlass java/util/concurrent/ForkJoinTask
instanceKlass java/util/concurrent/CompletableFuture$AsynchronousCompletionTask
instanceKlass java/util/concurrent/CompletableFuture$AltResult
instanceKlass org/springframework/data/repository/util/QueryExecutionConverters$AbstractWrapperTypeConverter
instanceKlass org/springframework/util/concurrent/ListenableFuture
instanceKlass org/springframework/data/repository/util/QueryExecutionConverters$WrapperType
instanceKlass org/springframework/data/repository/util/QueryExecutionConverters
instanceKlass org/springframework/data/repository/query/ExtensionAwareQueryMethodEvaluationContextProvider
instanceKlass org/springframework/data/mongodb/core/index/MongoPersistentEntityIndexCreator
instanceKlass sun/reflect/misc/Trampoline
instanceKlass sun/reflect/misc/MethodUtil$1
instanceKlass org/springframework/data/mongodb/core/aggregation/AggregationOperation
instanceKlass com/mongodb/client/FindIterable
instanceKlass com/mongodb/client/model/UpdateOptions
instanceKlass com/mongodb/client/model/DeleteOptions
instanceKlass org/springframework/data/mongodb/core/ExecutableAggregationOperation$ExecutableAggregation
instanceKlass org/springframework/data/mongodb/core/ExecutableAggregationOperation$AggregationWithAggregation
instanceKlass org/springframework/data/mongodb/core/ExecutableAggregationOperation$AggregationWithCollection
instanceKlass org/springframework/data/mongodb/core/mapreduce/MapReduceResults
instanceKlass org/springframework/data/mongodb/core/mapreduce/MapReduceOptions
instanceKlass com/mongodb/client/model/Collation
instanceKlass org/springframework/data/mongodb/core/FindAndModifyOptions
instanceKlass org/springframework/data/mongodb/core/query/UpdateDefinition
instanceKlass org/springframework/data/geo/GeoResults
instanceKlass org/springframework/data/mongodb/core/query/NearQuery
instanceKlass org/springframework/data/domain/Window
instanceKlass org/springframework/data/mongodb/core/QueryOperations$AggregationDefinition
instanceKlass org/springframework/data/mongodb/core/ViewOptions
instanceKlass org/springframework/data/mongodb/core/aggregation/AggregationPipeline
instanceKlass com/mongodb/client/model/EstimatedDocumentCountOptions
instanceKlass com/mongodb/client/model/CreateViewOptions
instanceKlass com/mongodb/client/DistinctIterable
instanceKlass org/springframework/data/mongodb/core/MappedDocument
instanceKlass org/springframework/data/mongodb/core/CollectionOptions$ValidationOptions
instanceKlass org/springframework/data/mongodb/core/CollectionOptions$CollectionChangeStreamOptions
instanceKlass org/springframework/data/mongodb/core/validation/Validator
instanceKlass org/springframework/data/mongodb/core/CollectionOptions$TimeSeriesOptions
instanceKlass org/springframework/data/mongodb/core/query/Collation
instanceKlass com/mongodb/client/model/ReplaceOptions
instanceKlass org/springframework/data/mongodb/core/MongoTemplate$ReadDocumentCallback
instanceKlass org/springframework/data/mongodb/core/aggregation/AggregationOptions
instanceKlass com/mongodb/client/model/CreateCollectionOptions
instanceKlass org/springframework/data/mongodb/core/MongoAction
instanceKlass org/springframework/data/mongodb/core/DocumentCallbackHandler
instanceKlass org/springframework/data/mongodb/core/CollectionPreparerSupport
instanceKlass org/springframework/data/mongodb/core/aggregation/AggregationResults
instanceKlass com/mongodb/client/MongoCollection
instanceKlass org/springframework/data/mongodb/core/CollectionOptions
instanceKlass org/springframework/data/mongodb/core/ExecutableFindOperation$ExecutableFind
instanceKlass org/springframework/data/mongodb/core/ExecutableFindOperation$FindWithProjection
instanceKlass org/springframework/data/mongodb/core/ExecutableFindOperation$FindDistinct
instanceKlass org/springframework/data/mongodb/core/ExecutableFindOperation$FindWithCollection
instanceKlass org/springframework/data/mongodb/core/ExecutableFindOperation$FindWithQuery
instanceKlass org/springframework/data/mongodb/core/ExecutableFindOperation$TerminatingFind
instanceKlass org/springframework/data/mongodb/core/DbCallback
instanceKlass org/springframework/data/mongodb/core/QueryOperations$QueryContext
instanceKlass com/mongodb/client/result/UpdateResult
instanceKlass org/springframework/data/mongodb/core/ReplaceOptions
instanceKlass org/springframework/data/mongodb/core/ExecutableInsertOperation$ExecutableInsert
instanceKlass org/springframework/data/mongodb/core/ExecutableInsertOperation$InsertWithBulkMode
instanceKlass org/springframework/data/mongodb/core/ExecutableInsertOperation$InsertWithCollection
instanceKlass org/springframework/data/mongodb/core/ExecutableInsertOperation$TerminatingInsert
instanceKlass org/springframework/data/mongodb/core/ExecutableInsertOperation$TerminatingBulkInsert
instanceKlass org/springframework/data/mongodb/core/ExecutableUpdateOperation$ExecutableUpdate
instanceKlass org/springframework/data/mongodb/core/ExecutableUpdateOperation$UpdateWithQuery
instanceKlass org/springframework/data/mongodb/core/ExecutableUpdateOperation$UpdateWithUpdate
instanceKlass org/springframework/data/mongodb/core/ExecutableUpdateOperation$UpdateWithCollection
instanceKlass org/springframework/data/mongodb/core/ExecutableRemoveOperation$ExecutableRemove
instanceKlass org/springframework/data/mongodb/core/ExecutableRemoveOperation$RemoveWithCollection
instanceKlass org/springframework/data/mongodb/core/ExecutableRemoveOperation$RemoveWithQuery
instanceKlass org/springframework/data/mongodb/core/ExecutableRemoveOperation$TerminatingRemove
instanceKlass com/mongodb/client/result/DeleteResult
instanceKlass org/springframework/data/mongodb/core/EntityLifecycleEventDelegate
instanceKlass org/springframework/data/mongodb/core/AggregationUtil
instanceKlass org/springframework/data/mongodb/core/QueryOperations
instanceKlass org/springframework/data/mongodb/core/PropertyOperations
instanceKlass org/springframework/data/projection/EntityProjectionIntrospector
instanceKlass org/springframework/data/projection/EntityProjectionIntrospector$ProjectionPredicate
instanceKlass org/springframework/data/mongodb/core/EntityOperations$AdaptibleEntity
instanceKlass org/springframework/data/mongodb/core/EntityOperations$Entity
instanceKlass org/springframework/data/mongodb/core/EntityOperations$TypedOperations
instanceKlass org/springframework/data/mongodb/core/EntityOperations
instanceKlass com/mongodb/client/model/CountOptions
instanceKlass org/springframework/data/mongodb/core/MongoTemplate$CountExecution
instanceKlass org/springframework/data/mongodb/core/ScriptOperations
instanceKlass org/springframework/data/mongodb/core/ExecutableMapReduceOperation$ExecutableMapReduce
instanceKlass org/springframework/data/mongodb/core/ExecutableMapReduceOperation$MapReduceWithOptions
instanceKlass org/springframework/data/mongodb/core/ExecutableMapReduceOperation$MapReduceWithProjection
instanceKlass org/springframework/data/mongodb/core/ExecutableMapReduceOperation$MapReduceWithCollection
instanceKlass org/springframework/data/mongodb/core/ExecutableMapReduceOperation$MapReduceWithQuery
instanceKlass org/springframework/data/mongodb/core/ExecutableMapReduceOperation$TerminatingMapReduce
instanceKlass org/springframework/data/mongodb/core/ExecutableMapReduceOperation$MapReduceWithReduceFunction
instanceKlass org/springframework/data/mongodb/core/ExecutableMapReduceOperation$MapReduceWithMapFunction
instanceKlass org/springframework/data/mongodb/core/BulkOperations
instanceKlass org/springframework/data/mongodb/core/query/Query
instanceKlass org/springframework/data/mongodb/core/ReadConcernAware
instanceKlass org/springframework/data/mongodb/core/aggregation/Aggregation
instanceKlass org/springframework/data/mongodb/core/MongoTemplate$DocumentCallback
instanceKlass org/springframework/data/mongodb/core/CursorPreparer
instanceKlass org/springframework/data/mongodb/core/CollectionCallback
instanceKlass org/springframework/data/mongodb/core/CollectionPreparer
instanceKlass org/springframework/data/mongodb/core/WriteConcernResolver
instanceKlass org/springframework/data/mongodb/core/SessionScoped
instanceKlass org/springframework/data/mapping/callback/EntityCallback
instanceKlass org/springframework/data/mapping/callback/EntityCallbackDiscoverer$CallbackRetriever
instanceKlass org/springframework/data/mapping/callback/EntityCallbackDiscoverer
instanceKlass org/springframework/data/mapping/callback/DefaultEntityCallbacks$SimpleEntityCallbackInvoker
instanceKlass org/springframework/data/mapping/callback/EntityCallbackInvoker
instanceKlass org/springframework/data/mapping/callback/DefaultEntityCallbacks
instanceKlass org/springframework/data/mapping/callback/EntityCallbacks
instanceKlass org/springframework/data/mongodb/core/convert/MappingMongoConverter$MongoDbPropertyValueProvider
instanceKlass org/springframework/data/projection/EntityProjection
instanceKlass org/springframework/data/mongodb/core/mapping/DocumentPointer
instanceKlass org/springframework/data/mongodb/core/convert/DocumentPointerFactory
instanceKlass org/springframework/data/mongodb/util/json/ParameterBindingDocumentCodec$1
instanceKlass org/springframework/data/mongodb/util/json/ParameterBindingDocumentCodec
instanceKlass org/springframework/data/mongodb/core/convert/ReferenceLookupDelegate
instanceKlass org/springframework/data/mongodb/core/convert/ObjectPath
instanceKlass org/springframework/data/mongodb/core/convert/ValueResolver
instanceKlass org/springframework/data/mongodb/core/convert/DefaultDbRefProxyHandler
instanceKlass org/springframework/data/mapping/model/SpELContext
instanceKlass org/springframework/data/mongodb/core/convert/MongoJsonSchemaMapper
instanceKlass org/springframework/data/mongodb/core/convert/JsonSchemaMapper
instanceKlass org/springframework/data/mongodb/core/convert/MongoExampleMapper
instanceKlass org/springframework/data/mongodb/core/convert/MappingMongoConverter$NestedDocument
instanceKlass org/springframework/data/mongodb/core/aggregation/AggregationOperationContext
instanceKlass org/springframework/data/mongodb/core/convert/QueryMapper$Field
instanceKlass org/springframework/data/mongodb/core/convert/QueryMapper
instanceKlass org/springframework/data/annotation/TypeAlias
instanceKlass org/springframework/data/mongodb/core/convert/DefaultMongoTypeMapper$DocumentTypeAliasAccessor
instanceKlass org/springframework/data/mongodb/core/convert/DbRefProxyHandler
instanceKlass org/springframework/data/mongodb/core/convert/DocumentAccessor
instanceKlass org/springframework/data/mongodb/core/convert/DbRefResolverCallback
instanceKlass org/springframework/data/mongodb/core/convert/MappingMongoConverter$ConversionContext
instanceKlass org/springframework/data/convert/ValueConversionContext
instanceKlass org/springframework/data/mapping/model/SpELExpressionEvaluator
instanceKlass org/springframework/data/mongodb/core/convert/MongoTypeMapper
instanceKlass org/springframework/data/mongodb/core/convert/LazyLoadingProxyFactory
instanceKlass org/springframework/data/mongodb/core/convert/ReferenceResolver$ReferenceCollection
instanceKlass org/springframework/data/mongodb/core/convert/ReferenceLoader$DocumentReferenceQuery
instanceKlass org/springframework/data/mongodb/core/convert/ReferenceLookupDelegate$LookupFunction
instanceKlass org/springframework/data/mongodb/core/convert/MongoDatabaseFactoryReferenceLoader
instanceKlass org/springframework/data/mongodb/core/convert/ReferenceLoader
instanceKlass org/springframework/data/mongodb/core/convert/DefaultReferenceResolver
instanceKlass org/springframework/data/mapping/SimpleAssociationHandler
instanceKlass org/springframework/data/mapping/SimplePropertyHandler
instanceKlass org/springframework/data/mongodb/core/mapping/Language
instanceKlass org/springframework/data/mongodb/core/mapping/TextScore
instanceKlass org/springframework/data/mongodb/core/mapping/BasicMongoPersistentEntity$PropertyTypeAssertionHandler
instanceKlass org/springframework/data/mongodb/core/mapping/BasicMongoPersistentEntity$AssertFieldNameUniquenessHandler
instanceKlass org/springframework/data/mongodb/core/mapping/MongoField$MongoFieldBuilder
instanceKlass org/springframework/data/annotation/Version
instanceKlass org/springframework/data/annotation/Reference
instanceKlass org/springframework/data/annotation/Transient
instanceKlass org/springframework/data/mongodb/core/mapping/Field
instanceKlass org/springframework/data/mongodb/core/mapping/DocumentReference
instanceKlass org/springframework/data/mongodb/core/mapping/MongoField
instanceKlass org/springframework/data/mongodb/core/mapping/DBRef
instanceKlass org/springframework/data/annotation/Id
instanceKlass org/springframework/data/mapping/context/AbstractMappingContext$PersistentPropertyFilter$PropertyMatch
instanceKlass org/springframework/data/mapping/context/AbstractMappingContext$PersistentPropertyCreator
instanceKlass org/springframework/data/mongodb/core/mapping/ShardKey
instanceKlass org/springframework/data/mongodb/core/mapping/Sharded
instanceKlass org/springframework/expression/ParserContext$1
instanceKlass org/springframework/data/mongodb/MongoCollectionUtils
instanceKlass org/springframework/data/mapping/model/BasicPersistentEntity$AssociationComparator
instanceKlass org/springframework/data/mapping/Parameter
instanceKlass org/springframework/data/mapping/InstanceCreatorMetadataSupport
instanceKlass org/springframework/data/mapping/model/PreferredConstructorDiscoverer
instanceKlass org/springframework/data/annotation/PersistenceCreator
instanceKlass org/springframework/data/mapping/model/InstanceCreatorMetadataDiscoverer
instanceKlass org/springframework/data/mapping/AssociationHandler
instanceKlass org/springframework/data/mapping/PropertyHandler
instanceKlass org/springframework/data/mapping/PersistentPropertyPathAccessor
instanceKlass org/springframework/data/mapping/IdentifierAccessor
instanceKlass org/springframework/data/support/IsNewStrategy
instanceKlass org/springframework/expression/MethodResolver
instanceKlass org/springframework/data/spel/ExtensionAwareEvaluationContextProvider
instanceKlass org/springframework/data/mapping/PropertyPath
instanceKlass org/springframework/data/mapping/PersistentPropertyPaths
instanceKlass org/springframework/data/mapping/model/BasicPersistentEntity
instanceKlass org/springframework/data/mongodb/core/mapping/MongoPersistentEntity
instanceKlass org/springframework/data/mongodb/core/mapping/MongoPersistentProperty
instanceKlass org/springframework/data/mapping/model/FieldNamingStrategy
instanceKlass com/daijia/model/entity/order/OrderMonitorRecord
instanceKlass org/springframework/boot/autoconfigure/domain/EntityScanPackages
instanceKlass org/springframework/boot/autoconfigure/domain/EntityScanner
instanceKlass org/springframework/data/mongodb/core/query/GeoCommand
instanceKlass org/springframework/data/mongodb/core/geo/Sphere
instanceKlass org/springframework/data/geo/Circle
instanceKlass org/springframework/data/geo/Box
instanceKlass org/springframework/data/util/Optionals
instanceKlass org/springframework/data/convert/DefaultConverterBuilder$ConfigurableGenericConverter
instanceKlass org/springframework/data/mongodb/core/script/NamedMongoScript
instanceKlass org/springframework/data/mongodb/core/query/Term
instanceKlass org/springframework/data/mongodb/core/convert/MongoCustomConversions$MongoConverterConfigurationAdapter
instanceKlass com/mongodb/client/model/geojson/Geometry
instanceKlass org/springframework/data/mongodb/core/mapping/MongoSimpleTypes
instanceKlass org/springframework/data/mongodb/core/geo/GeoJsonGeometryCollection
instanceKlass org/springframework/data/mongodb/core/geo/GeoJsonMultiPolygon
instanceKlass org/springframework/data/geo/Polygon
instanceKlass org/springframework/data/geo/Shape
instanceKlass org/springframework/data/mongodb/core/geo/GeoJsonMultiLineString
instanceKlass org/springframework/data/mongodb/core/geo/GeoJsonMultiPoint
instanceKlass jdk/internal/icu/text/ReplaceableString
instanceKlass jdk/internal/icu/text/Replaceable
instanceKlass jdk/internal/icu/text/UCharacterIterator
instanceKlass jdk/internal/icu/text/NormalizerBase
instanceKlass jdk/internal/icu/text/NormalizerBase$Mode
instanceKlass sun/text/CollatorUtilities
instanceKlass java/text/CollationElementIterator
instanceKlass org/springframework/data/geo/Point
instanceKlass org/springframework/data/mongodb/core/geo/GeoJson
instanceKlass com/mongodb/Function
instanceKlass sun/text/ComposedCharIter
instanceKlass java/text/EntryPair
instanceKlass java/text/PatternEntry
instanceKlass java/text/PatternEntry$Parser
instanceKlass java/text/MergeCollation
instanceKlass jdk/internal/icu/lang/UCharacter
instanceKlass jdk/internal/icu/text/UTF16
instanceKlass jdk/internal/icu/impl/NormalizerImpl$UTF16Plus
instanceKlass jdk/internal/icu/util/CodePointTrie$Data
instanceKlass jdk/internal/icu/util/CodePointTrie$1
instanceKlass jdk/internal/icu/util/CodePointMap
instanceKlass jdk/internal/icu/util/VersionInfo
instanceKlass jdk/internal/icu/impl/ICUBinary$1
instanceKlass jdk/internal/icu/impl/ICUBinary
instanceKlass jdk/internal/icu/impl/Norm2AllModes$Norm2AllModesSingleton
instanceKlass jdk/internal/icu/impl/Norm2AllModes$NFCSingleton
instanceKlass jdk/internal/icu/impl/Norm2AllModes
instanceKlass jdk/internal/icu/text/Normalizer2
instanceKlass jdk/internal/icu/impl/NormalizerImpl$IsAcceptable
instanceKlass jdk/internal/icu/impl/ICUBinary$Authenticate
instanceKlass jdk/internal/icu/impl/NormalizerImpl
instanceKlass sun/text/UCompactIntArray
instanceKlass sun/text/IntHashtable
instanceKlass java/text/RBCollationTables$BuildAPI
instanceKlass java/text/RBTableBuilder
instanceKlass java/text/RBCollationTables
instanceKlass sun/util/resources/Bundles$2
instanceKlass sun/util/resources/LocaleData$LocaleDataResourceBundleProvider
instanceKlass java/util/spi/ResourceBundleProvider
instanceKlass com/mongodb/internal/connection/BsonWriterHelper
instanceKlass java/text/Collator
instanceKlass com/mongodb/internal/connection/BsonWriterDecorator
instanceKlass org/springframework/data/mongodb/core/convert/GeoConverters
instanceKlass com/mongodb/internal/connection/ClusterClockAdvancingSessionContext
instanceKlass org/springframework/data/convert/ConverterBuilder$WritingConverterBuilder
instanceKlass com/mongodb/event/ServerHeartbeatStartedEvent
instanceKlass org/springframework/data/convert/ConverterBuilder$ReadingConverterBuilder
instanceKlass com/mongodb/event/ServerDescriptionChangedEvent
instanceKlass com/mongodb/event/ConnectionPoolReadyEvent
instanceKlass com/mongodb/internal/connection/ServerTypeHelper$1
instanceKlass com/mongodb/internal/connection/ServerTypeHelper
instanceKlass java/util/function/LongBinaryOperator
instanceKlass com/mongodb/internal/connection/InternalConnectionInitializationDescription
instanceKlass com/mongodb/Tag
instanceKlass org/bson/codecs/ObjectIdGenerator
instanceKlass com/mongodb/internal/connection/DescriptionHelper
instanceKlass org/bson/codecs/AbstractCollectionCodec
instanceKlass org/bson/BsonElement
instanceKlass org/bson/codecs/CodeWithScopeCodec
instanceKlass com/mongodb/internal/connection/ReplyMessage
instanceKlass org/bson/codecs/DocumentCodec
instanceKlass org/bson/codecs/DecoderContext$Builder
instanceKlass com/mongodb/DBObject
instanceKlass org/bson/codecs/DecoderContext
instanceKlass com/mongodb/DBRef
instanceKlass org/bson/codecs/configuration/MapOfCodecsProvider
instanceKlass org/bson/AbstractBsonReader$1
instanceKlass org/springframework/data/mongodb/core/convert/MongoConverters$DocumentToStringConverter$1
instanceKlass org/bson/BsonBinaryReader$1
instanceKlass org/bson/io/BsonInputMark
instanceKlass org/bson/io/ByteBufferBsonInput
instanceKlass org/bson/BsonReaderMark
instanceKlass org/bson/AbstractBsonReader$Context
instanceKlass org/bson/AbstractBsonReader
instanceKlass org/springframework/data/mongodb/core/convert/MongoConverters
instanceKlass com/mongodb/internal/connection/ProtocolHelper
instanceKlass com/mongodb/internal/connection/ReplyHeader
instanceKlass com/mongodb/internal/connection/ResponseBuffers
instanceKlass com/mongodb/internal/connection/MessageHeader
instanceKlass com/mongodb/internal/ResourceUtil
instanceKlass com/mongodb/internal/connection/NoOpCommandEventSender
instanceKlass com/mongodb/internal/connection/RequestMessage$EncodingMetadata
instanceKlass com/mongodb/internal/connection/ByteBufferBsonOutput$BufferPositionPair
instanceKlass org/springframework/data/mongodb/core/MongoExceptionTranslator
instanceKlass com/mongodb/internal/connection/PowerOfTwoBufferPool$IdleTrackingByteBuffer
instanceKlass org/bson/ByteBufNIO
instanceKlass com/mongodb/ClientSessionOptions
instanceKlass com/mongodb/internal/connection/OperationContext
instanceKlass com/mongodb/internal/IgnorableRequestContext
instanceKlass com/mongodb/internal/connection/MessageSettings$Builder
instanceKlass org/bson/json/StrictCharacterStreamJsonWriter$StrictJsonContext
instanceKlass com/mongodb/internal/connection/MessageSettings
instanceKlass org/bson/json/StrictCharacterStreamJsonWriterSettings$Builder
instanceKlass com/mongodb/internal/validator/NoOpFieldNameValidator
instanceKlass org/bson/json/StrictCharacterStreamJsonWriterSettings
instanceKlass org/bson/json/StrictCharacterStreamJsonWriter
instanceKlass org/bson/json/StrictJsonWriter
instanceKlass com/mongodb/internal/connection/RequestMessage
instanceKlass org/bson/json/JsonJavaScriptConverter
instanceKlass com/mongodb/internal/connection/NoOpSessionContext
instanceKlass org/bson/json/JsonWriterSettings$Builder
instanceKlass org/bson/json/ShellRegularExpressionConverter
instanceKlass com/mongodb/internal/connection/SslHelper
instanceKlass org/bson/json/LegacyExtendedJsonRegularExpressionConverter
instanceKlass org/bson/json/ExtendedJsonRegularExpressionConverter
instanceKlass org/bson/json/ShellTimestampConverter
instanceKlass org/bson/json/ExtendedJsonTimestampConverter
instanceKlass java/net/SocketImplFactory
instanceKlass org/bson/json/ShellObjectIdConverter
instanceKlass org/bson/json/ExtendedJsonObjectIdConverter
instanceKlass com/mongodb/internal/connection/SocketStreamHelper
instanceKlass org/bson/json/ShellDecimal128Converter
instanceKlass org/bson/json/ExtendedJsonDecimal128Converter
instanceKlass org/bson/json/ShellInt64Converter
instanceKlass org/bson/json/RelaxedExtendedJsonInt64Converter
instanceKlass org/bson/json/ExtendedJsonInt64Converter
instanceKlass org/bson/json/ShellBinaryConverter
instanceKlass org/bson/json/LegacyExtendedJsonBinaryConverter
instanceKlass org/bson/json/ExtendedJsonBinaryConverter
instanceKlass org/bson/json/ShellDateTimeConverter
instanceKlass org/bson/json/RelaxedExtendedJsonDateTimeConverter
instanceKlass org/bson/json/ExtendedJsonDateTimeConverter
instanceKlass org/bson/json/LegacyExtendedJsonDateTimeConverter
instanceKlass org/bson/json/ShellUndefinedConverter
instanceKlass org/bson/json/ExtendedJsonUndefinedConverter
instanceKlass org/bson/json/ShellMaxKeyConverter
instanceKlass org/bson/json/ExtendedJsonMaxKeyConverter
instanceKlass org/bson/json/ShellMinKeyConverter
instanceKlass org/bson/json/ExtendedJsonMinKeyConverter
instanceKlass org/bson/json/JsonSymbolConverter
instanceKlass org/bson/json/ExtendedJsonInt32Converter
instanceKlass org/bson/json/JsonInt32Converter
instanceKlass org/bson/json/RelaxedExtendedJsonDoubleConverter
instanceKlass org/bson/json/ExtendedJsonDoubleConverter
instanceKlass org/bson/json/JsonDoubleConverter
instanceKlass org/bson/json/JsonBooleanConverter
instanceKlass com/mongodb/internal/connection/SocketStream
instanceKlass org/bson/json/JsonStringConverter
instanceKlass org/bson/json/JsonNullConverter
instanceKlass org/bson/json/Converter
instanceKlass com/mongodb/spi/dns/InetAddressResolverProvider
instanceKlass com/mongodb/connection/ConnectionId
instanceKlass com/mongodb/internal/binding/ClusterAwareReadWriteBinding
instanceKlass com/mongodb/internal/binding/ReadWriteBinding
instanceKlass com/mongodb/internal/binding/WriteBinding
instanceKlass com/mongodb/connection/ConnectionDescription
instanceKlass com/mongodb/internal/binding/ReadBinding
instanceKlass com/mongodb/client/internal/MongoClientDelegate$DelegateOperationExecutor
instanceKlass com/mongodb/internal/connection/InternalStreamConnectionInitializer
instanceKlass com/mongodb/internal/session/ServerSessionPool$Clock
instanceKlass com/mongodb/internal/connection/CommandHelper
instanceKlass com/mongodb/internal/binding/BindingContext
instanceKlass com/mongodb/RequestContext
instanceKlass com/mongodb/session/ServerSession
instanceKlass com/mongodb/connection/AsyncCompletionHandler
instanceKlass com/mongodb/internal/session/ServerSessionPool
instanceKlass org/bson/io/BsonInput
instanceKlass org/bson/codecs/configuration/OverridableUuidRepresentationCodecProvider
instanceKlass com/mongodb/client/ClientSession
instanceKlass com/mongodb/session/ClientSession
instanceKlass com/mongodb/internal/connection/Compressor
instanceKlass com/mongodb/client/internal/OperationExecutor
instanceKlass com/mongodb/client/internal/MongoClientDelegate
instanceKlass com/mongodb/internal/async/SingleResultCallback
instanceKlass com/mongodb/event/ClusterDescriptionChangedEvent
instanceKlass com/mongodb/internal/connection/EventHelper
instanceKlass com/mongodb/internal/connection/CommandEventSender
instanceKlass com/mongodb/internal/connection/InternalStreamConnection
instanceKlass com/mongodb/event/ServerOpeningEvent
instanceKlass com/mongodb/internal/connection/AsyncConnection
instanceKlass com/mongodb/internal/connection/Connection
instanceKlass com/mongodb/internal/binding/ReferenceCounted
instanceKlass com/mongodb/internal/connection/DefaultConnectionFactory
instanceKlass com/mongodb/internal/connection/ProtocolExecutor
instanceKlass com/mongodb/internal/connection/InternalConnectionFactory$1
instanceKlass com/mongodb/internal/connection/DefaultServer
instanceKlass com/mongodb/connection/TopologyVersion
instanceKlass com/mongodb/internal/connection/TopologyVersionHelper
instanceKlass com/mongodb/internal/connection/Time
instanceKlass com/mongodb/TagSet
instanceKlass com/mongodb/connection/ServerDescription$Builder
instanceKlass com/mongodb/internal/connection/ServerDescriptionHelper
instanceKlass com/mongodb/internal/connection/DefaultSdamServerDescriptionManager
instanceKlass com/mongodb/internal/connection/DefaultConnectionPool$1
instanceKlass java/util/concurrent/locks/StampedLock$ReadWriteLockView
instanceKlass com/mongodb/internal/connection/DefaultConnectionPool$StateAndGeneration
instanceKlass java/util/concurrent/locks/StampedLock$WriteLockView
instanceKlass java/util/concurrent/locks/StampedLock
instanceKlass com/mongodb/internal/connection/DefaultConnectionPool$AsyncWorkManager
instanceKlass com/mongodb/internal/connection/DefaultConnectionPool$OpenConcurrencyLimiter
instanceKlass com/mongodb/event/ConnectionPoolOpenedEvent
instanceKlass com/mongodb/event/ConnectionPoolCreatedEvent
instanceKlass com/mongodb/internal/logging/StructuredLogger$1
instanceKlass com/mongodb/internal/connection/DefaultConnectionPool$BackgroundMaintenanceManager
instanceKlass com/mongodb/internal/connection/ConcurrentPool$StateAndPermits
instanceKlass com/mongodb/internal/connection/ConcurrentPool
instanceKlass com/mongodb/internal/connection/Pool
instanceKlass com/mongodb/internal/connection/DefaultConnectionPool$UsageTrackingInternalConnectionItemFactory
instanceKlass com/mongodb/internal/connection/DefaultConnectionPool$ServiceStateManager
instanceKlass com/mongodb/internal/connection/DefaultConnectionPool$PinnedStatsManager
instanceKlass com/mongodb/internal/logging/StructuredLogger
instanceKlass com/mongodb/internal/connection/ConcurrentPool$ItemFactory
instanceKlass com/mongodb/internal/connection/DefaultConnectionPool
instanceKlass com/mongodb/internal/connection/DefaultServerMonitor$RoundTripTimeRunnable
instanceKlass com/mongodb/internal/session/SessionContext
instanceKlass com/mongodb/internal/connection/DefaultServerMonitor$ServerMonitorRunnable
instanceKlass com/mongodb/internal/connection/ExponentiallyWeightedMovingAverage
instanceKlass com/mongodb/internal/connection/ClientMetadataHelper$1
instanceKlass org/bson/BsonDocument$1
instanceKlass org/bson/codecs/EncoderContext$Builder
instanceKlass org/bson/codecs/EncoderContext
instanceKlass org/bson/NoOpFieldNameValidator
instanceKlass org/bson/BsonBinaryWriterSettings
instanceKlass org/bson/BsonWriterSettings
instanceKlass org/bson/AbstractBsonWriter$Context
instanceKlass org/bson/FieldNameValidator
instanceKlass org/bson/AbstractBsonWriter
instanceKlass org/bson/codecs/BsonArrayCodec
instanceKlass org/bson/internal/LazyCodec
instanceKlass org/bson/codecs/BsonJavaScriptWithScopeCodec
instanceKlass org/bson/codecs/Parameterizable
instanceKlass org/bson/internal/CodecCache$CodecCacheKey
instanceKlass org/bson/internal/ChildCodecRegistry
instanceKlass org/bson/codecs/BsonTypeCodecMap
instanceKlass org/bson/codecs/BsonDocumentCodec
instanceKlass org/bson/BsonReader
instanceKlass org/bson/io/BsonOutput
instanceKlass com/mongodb/internal/connection/ClientMetadataHelper
instanceKlass com/mongodb/internal/connection/SpeculativeAuthenticator
instanceKlass com/mongodb/internal/connection/Authenticator
instanceKlass com/mongodb/internal/connection/InternalConnection
instanceKlass com/mongodb/internal/connection/InternalConnectionInitializer
instanceKlass com/mongodb/internal/connection/ConnectionGenerationSupplier
instanceKlass com/mongodb/internal/connection/InternalStreamConnectionFactory
instanceKlass com/mongodb/internal/connection/DefaultServerMonitor
instanceKlass com/mongodb/internal/inject/SameObjectProvider
instanceKlass com/mongodb/connection/ServerId
instanceKlass com/mongodb/internal/CheckedSupplier
instanceKlass com/mongodb/internal/Locks
instanceKlass com/mongodb/internal/connection/ClusterDescriptionHelper
instanceKlass com/mongodb/connection/ServerDescription
instanceKlass com/mongodb/internal/connection/ClusterDescriptionHelper$Predicate
instanceKlass com/mongodb/connection/ClusterDescription
instanceKlass com/mongodb/event/ClusterOpeningEvent
instanceKlass com/mongodb/internal/connection/ClusterClock
instanceKlass com/mongodb/selector/ServerSelector
instanceKlass com/mongodb/internal/connection/BaseCluster
instanceKlass com/mongodb/internal/connection/ClusterableServer
instanceKlass com/mongodb/internal/connection/Server
instanceKlass com/mongodb/internal/connection/ConnectionFactory
instanceKlass com/mongodb/internal/connection/SdamServerDescriptionManager
instanceKlass com/mongodb/internal/connection/ServerMonitor
instanceKlass com/mongodb/internal/connection/ConnectionPool
instanceKlass com/mongodb/internal/connection/InternalConnectionFactory
instanceKlass com/mongodb/internal/inject/Provider
instanceKlass com/mongodb/internal/inject/OptionalProvider
instanceKlass com/mongodb/internal/connection/DefaultClusterableServerFactory
instanceKlass com/mongodb/internal/connection/DnsSrvRecordMonitor
instanceKlass com/mongodb/internal/dns/DnsResolver
instanceKlass com/mongodb/internal/connection/DefaultDnsSrvRecordMonitorFactory
instanceKlass com/mongodb/connection/ClusterId
instanceKlass com/mongodb/internal/event/EventListenerHelper$4
instanceKlass com/mongodb/internal/event/EventListenerHelper$3
instanceKlass com/mongodb/internal/event/EventListenerHelper$2
instanceKlass com/mongodb/internal/event/EventListenerHelper$1
instanceKlass com/mongodb/event/CommandListener
instanceKlass com/mongodb/event/ConnectionPoolListener
instanceKlass com/mongodb/event/ClusterListener
instanceKlass com/mongodb/event/ServerMonitorListener
instanceKlass com/mongodb/event/ServerListener
instanceKlass com/mongodb/internal/event/EventListenerHelper
instanceKlass com/mongodb/internal/thread/DaemonThreadFactory
instanceKlass com/mongodb/internal/connection/PowerOfTwoBufferPool$BufferPool
instanceKlass org/bson/ByteBuf
instanceKlass com/mongodb/internal/connection/PowerOfTwoBufferPool
instanceKlass javax/net/SocketFactory
instanceKlass com/mongodb/connection/Stream
instanceKlass com/mongodb/connection/BufferProvider
instanceKlass com/mongodb/connection/SocketStreamFactory
instanceKlass com/mongodb/internal/connection/StreamFactoryHelper
instanceKlass com/mongodb/internal/connection/InternalConnectionPoolSettings$Builder
instanceKlass com/mongodb/internal/connection/InternalConnectionPoolSettings
instanceKlass com/mongodb/internal/connection/Cluster
instanceKlass com/mongodb/internal/connection/ClusterableServerFactory
instanceKlass com/mongodb/internal/connection/DnsSrvRecordMonitorFactory
instanceKlass com/mongodb/internal/connection/DefaultClusterFactory
instanceKlass com/mongodb/connection/StreamFactory
instanceKlass com/mongodb/client/ChangeStreamIterable
instanceKlass com/mongodb/client/ListDatabasesIterable
instanceKlass com/mongodb/client/MongoIterable
instanceKlass com/mongodb/client/MongoDatabase
instanceKlass com/mongodb/client/internal/MongoClientImpl
instanceKlass com/mongodb/MongoDriverInformation$Builder
instanceKlass com/mongodb/internal/connection/ServerAddressHelper
instanceKlass com/mongodb/MongoDriverInformation
instanceKlass com/mongodb/client/MongoClients
instanceKlass com/mongodb/MongoNamespace
instanceKlass com/mongodb/internal/diagnostics/logging/SLF4JLogger
instanceKlass com/mongodb/internal/diagnostics/logging/Logger
instanceKlass com/mongodb/internal/diagnostics/logging/Loggers
instanceKlass org/springframework/boot/autoconfigure/mongo/MongoConnectionDetails$GridFs
instanceKlass com/mongodb/ConnectionString
instanceKlass org/springframework/boot/autoconfigure/mongo/MongoClientFactorySupport
instanceKlass com/mongodb/lang/Nullable
instanceKlass com/mongodb/MongoCredential
instanceKlass com/mongodb/ServerApi
instanceKlass com/mongodb/ContextProvider
instanceKlass com/mongodb/spi/dns/DnsClient
instanceKlass com/mongodb/connection/TransportSettings
instanceKlass com/mongodb/spi/dns/InetAddressResolver
instanceKlass com/mongodb/AutoEncryptionSettings
instanceKlass com/mongodb/connection/StreamFactoryFactory
instanceKlass com/mongodb/Block
instanceKlass com/mongodb/connection/SslSettings$Builder
instanceKlass com/mongodb/connection/SslSettings
instanceKlass com/mongodb/connection/ServerSettings$Builder
instanceKlass com/mongodb/connection/ServerSettings
instanceKlass com/mongodb/connection/ConnectionPoolSettings$Builder
instanceKlass com/mongodb/connection/ConnectionPoolSettings
instanceKlass com/mongodb/connection/ProxySettings$Builder
instanceKlass com/mongodb/connection/ProxySettings
instanceKlass com/mongodb/connection/SocketSettings$Builder
instanceKlass com/mongodb/connection/SocketSettings
instanceKlass com/mongodb/ServerAddress
instanceKlass com/mongodb/connection/ClusterSettings$Builder
instanceKlass com/mongodb/connection/ClusterSettings
instanceKlass com/mongodb/LoggerSettings$Builder
instanceKlass com/mongodb/LoggerSettings
instanceKlass com/mongodb/ReadConcern
instanceKlass com/mongodb/WriteConcern
instanceKlass com/mongodb/ReadPreference
instanceKlass com/mongodb/MongoClientSettings$Builder
instanceKlass com/mongodb/KotlinCodecProvider
instanceKlass org/bson/codecs/record/RecordCodecProvider
instanceKlass com/mongodb/Jep395RecordCodecProvider
instanceKlass com/mongodb/client/model/mql/ExpressionCodecProvider
instanceKlass org/bson/codecs/EnumCodecProvider
instanceKlass org/bson/codecs/BsonCodecProvider
instanceKlass org/bson/codecs/JsonObjectCodecProvider
instanceKlass org/bson/codecs/jsr310/DateTimeBasedCodec
instanceKlass org/bson/codecs/jsr310/Jsr310CodecProvider
instanceKlass com/mongodb/client/gridfs/codecs/GridFSFileCodecProvider
instanceKlass com/mongodb/client/model/geojson/codecs/GeoJsonCodecProvider
instanceKlass org/bson/codecs/MapCodecProvider
instanceKlass org/bson/codecs/IterableCodecProvider
instanceKlass org/bson/codecs/CollectionCodecProvider
instanceKlass com/mongodb/DocumentToDBRefTransformer
instanceKlass org/bson/codecs/DocumentCodecProvider
instanceKlass org/bson/assertions/Assertions
instanceKlass org/bson/internal/CodecCache
instanceKlass org/bson/internal/ProvidersCodecRegistry
instanceKlass org/bson/internal/CycleDetectingCodecRegistry
instanceKlass org/bson/codecs/configuration/CodecRegistry
instanceKlass org/bson/codecs/configuration/CodecRegistries
instanceKlass com/mongodb/assertions/Assertions
instanceKlass org/bson/types/BSONTimestamp
instanceKlass org/bson/BsonWriter
instanceKlass org/bson/BSONObject
instanceKlass com/mongodb/DBObjectFactory
instanceKlass org/bson/codecs/IdGenerator
instanceKlass com/mongodb/DBObjectCodec
instanceKlass org/bson/codecs/CollectibleCodec
instanceKlass com/mongodb/DBObjectCodecProvider
instanceKlass com/mongodb/DBRefCodecProvider
instanceKlass org/bson/codecs/BsonUndefinedCodec
instanceKlass org/bson/codecs/BsonTimestampCodec
instanceKlass org/bson/codecs/BsonSymbolCodec
instanceKlass org/bson/codecs/BsonStringCodec
instanceKlass org/bson/codecs/BsonRegularExpressionCodec
instanceKlass org/bson/codecs/BsonObjectIdCodec
instanceKlass org/bson/codecs/BsonJavaScriptCodec
instanceKlass org/bson/codecs/BsonMaxKeyCodec
instanceKlass org/bson/codecs/BsonMinKeyCodec
instanceKlass org/bson/codecs/BsonDecimal128Codec
instanceKlass org/bson/codecs/BsonInt64Codec
instanceKlass org/bson/codecs/BsonInt32Codec
instanceKlass org/bson/codecs/BsonDoubleCodec
instanceKlass org/bson/codecs/BsonDBPointerCodec
instanceKlass org/bson/codecs/BsonDateTimeCodec
instanceKlass org/bson/codecs/BsonBooleanCodec
instanceKlass org/bson/codecs/BsonBinaryCodec
instanceKlass org/bson/codecs/BsonNullCodec
instanceKlass org/bson/Document
instanceKlass org/bson/codecs/BsonTypeClassMap
instanceKlass org/bson/conversions/Bson
instanceKlass org/bson/BsonValue
instanceKlass org/bson/codecs/BsonValueCodecProvider
instanceKlass org/bson/codecs/AtomicLongCodec
instanceKlass org/bson/codecs/AtomicIntegerCodec
instanceKlass org/bson/codecs/AtomicBooleanCodec
instanceKlass org/bson/codecs/FloatCodec
instanceKlass org/bson/codecs/ByteArrayCodec
instanceKlass org/bson/codecs/ShortCodec
instanceKlass org/bson/codecs/PatternCodec
instanceKlass org/bson/codecs/ByteCodec
instanceKlass org/bson/codecs/UuidCodec
instanceKlass org/bson/codecs/OverridableUuidRepresentationCodec
instanceKlass org/bson/types/Symbol
instanceKlass org/bson/codecs/SymbolCodec
instanceKlass org/bson/codecs/StringCodec
instanceKlass org/bson/codecs/RepresentationConfigurable
instanceKlass org/bson/codecs/CharacterCodec
instanceKlass org/bson/types/ObjectId
instanceKlass org/bson/codecs/ObjectIdCodec
instanceKlass org/bson/codecs/BigDecimalCodec
instanceKlass org/bson/codecs/Decimal128Codec
instanceKlass org/bson/types/Code
instanceKlass org/bson/codecs/CodeCodec
instanceKlass org/bson/types/MaxKey
instanceKlass org/bson/codecs/MaxKeyCodec
instanceKlass org/bson/types/MinKey
instanceKlass org/bson/codecs/MinKeyCodec
instanceKlass org/bson/codecs/LongCodec
instanceKlass org/bson/codecs/IntegerCodec
instanceKlass org/bson/codecs/DoubleCodec
instanceKlass org/bson/codecs/DateCodec
instanceKlass org/bson/codecs/BooleanCodec
instanceKlass org/bson/types/Binary
instanceKlass org/bson/codecs/BinaryCodec
instanceKlass org/bson/codecs/Codec
instanceKlass org/bson/codecs/Decoder
instanceKlass org/bson/codecs/Encoder
instanceKlass org/bson/codecs/ValueCodecProvider
instanceKlass org/bson/codecs/configuration/CodecProvider
instanceKlass org/bson/Transformer
instanceKlass org/springframework/data/repository/core/support/MethodLookup$MethodPredicate
instanceKlass org/springframework/data/repository/core/support/MethodLookup
instanceKlass org/springframework/data/repository/core/support/MethodLookup$InvokedMethod
instanceKlass org/springframework/data/repository/query/QueryMethod
instanceKlass com/fasterxml/jackson/databind/jsontype/TypeIdResolver
instanceKlass com/fasterxml/jackson/databind/jsontype/TypeSerializer
instanceKlass com/fasterxml/jackson/databind/jsontype/TypeDeserializer
instanceKlass com/fasterxml/jackson/databind/jsontype/impl/StdTypeResolverBuilder
instanceKlass org/springframework/cache/support/NullValue
instanceKlass org/springframework/data/redis/serializer/GenericJackson2JsonRedisSerializer$TypeResolver
instanceKlass org/springframework/data/redis/serializer/JacksonObjectWriter
instanceKlass org/springframework/data/redis/serializer/JacksonObjectReader
instanceKlass org/springframework/data/redis/serializer/GenericJackson2JsonRedisSerializer
instanceKlass feign/DefaultMethodHandler
instanceKlass feign/ReflectiveFeign$FeignInvocationHandler
instanceKlass feign/SynchronousMethodHandler
instanceKlass feign/RequestTemplateFactoryResolver$BuildTemplateByResolvingArgs
instanceKlass com/daijia/model/vo/driver/DriverLoginVo
instanceKlass com/daijia/model/vo/driver/DriverInfoVo
instanceKlass com/daijia/model/vo/driver/DriverAuthInfoVo
instanceKlass sun/reflect/annotation/AnnotationInvocationHandler$1
instanceKlass org/springframework/web/bind/annotation/RequestBody
instanceKlass com/daijia/model/entity/base/BaseEntity
instanceKlass feign/template/HeaderTemplate
instanceKlass org/springframework/cloud/openfeign/support/SpringMvcContract$SimpleAnnotatedParameterContext
instanceKlass feign/Param$Expander
instanceKlass feign/template/Expression
instanceKlass feign/template/Expressions
instanceKlass feign/template/Literal
instanceKlass feign/template/TemplateChunk
instanceKlass feign/template/Template$ChunkTokenizer
instanceKlass feign/template/Template
instanceKlass feign/template/UriUtils
instanceKlass org/springframework/cloud/openfeign/CollectionFormat
instanceKlass feign/Request$Body
instanceKlass feign/FeignIgnore
instanceKlass com/daijia/model/form/driver/UpdateDriverAuthInfoForm
instanceKlass com/daijia/model/form/driver/DriverFaceModelForm
instanceKlass feign/ReflectiveFeign$TargetSpecificationVerifier
instanceKlass feign/ReflectiveFeign$ParseHandlersByName
instanceKlass feign/AsyncContextSupplier
instanceKlass feign/RequestTemplate$Factory
instanceKlass feign/RequestTemplateFactoryResolver
instanceKlass feign/InvocationHandlerFactory$MethodHandler
instanceKlass feign/SynchronousMethodHandler$Factory
instanceKlass feign/InvocationContext
instanceKlass feign/ResponseHandler
instanceKlass org/springframework/cloud/openfeign/DefaultTargeter
instanceKlass org/springframework/cloud/openfeign/FeignBuilderCustomizer
instanceKlass org/springframework/cloud/openfeign/loadbalancer/FeignBlockingLoadBalancerClient
instanceKlass feign/Request
instanceKlass org/springframework/cloud/client/loadbalancer/DefaultRequest
instanceKlass org/springframework/cloud/client/loadbalancer/LoadBalancerLifecycle
instanceKlass org/springframework/cloud/client/loadbalancer/DefaultResponse
instanceKlass org/springframework/cloud/client/loadbalancer/TimedRequestContext
instanceKlass org/springframework/cloud/client/loadbalancer/Response
instanceKlass org/springframework/cloud/client/loadbalancer/LoadBalancerRequest
instanceKlass org/springframework/cloud/client/loadbalancer/Request
instanceKlass org/springframework/cloud/loadbalancer/blocking/client/BlockingLoadBalancerClient
instanceKlass org/springframework/cloud/client/loadbalancer/reactive/ReactiveLoadBalancer
instanceKlass org/springframework/cloud/loadbalancer/annotation/LoadBalancerClientConfiguration
instanceKlass org/springframework/cloud/client/loadbalancer/LoadBalancerProperties$Retry$Backoff
instanceKlass org/springframework/cloud/client/loadbalancer/LoadBalancerProperties$StickySession
instanceKlass org/springframework/cloud/client/loadbalancer/LoadBalancerProperties$Retry
instanceKlass org/springframework/cloud/client/loadbalancer/LoadBalancerProperties$HealthCheck
instanceKlass org/springframework/cloud/client/loadbalancer/LoadBalancerProperties$XForwarded
instanceKlass org/springframework/cloud/client/loadbalancer/LoadBalancerProperties$Subset
instanceKlass org/springframework/cloud/openfeign/FeignErrorDecoderFactory
instanceKlass feign/Client$Default
instanceKlass feign/InvocationHandlerFactory$Default
instanceKlass feign/Types
instanceKlass feign/Types$WildcardTypeImpl
instanceKlass feign/Types$ParameterizedTypeImpl
instanceKlass feign/Util
instanceKlass feign/codec/ErrorDecoder$RetryAfterDecoder
instanceKlass feign/codec/ErrorDecoder$Default
instanceKlass feign/querymap/FieldQueryMapEncoder
instanceKlass feign/codec/StringDecoder
instanceKlass feign/Retryer$Default
instanceKlass feign/HeaderMap
instanceKlass feign/QueryMap
instanceKlass feign/DeclarativeContract$ParameterAnnotationProcessor
instanceKlass feign/Param
instanceKlass feign/Body
instanceKlass feign/RequestLine
instanceKlass feign/DeclarativeContract$GuardedAnnotationProcessor
instanceKlass feign/DeclarativeContract$AnnotationProcessor
instanceKlass feign/Headers
instanceKlass org/springframework/boot/admin/SpringApplicationAdminMXBeanRegistrar$SpringApplicationAdmin
instanceKlass org/springframework/boot/admin/SpringApplicationAdminMXBean
instanceKlass org/springframework/jmx/export/MBeanExporter$AutodetectCallback
instanceKlass org/springframework/jmx/support/NotificationListenerHolder
instanceKlass org/springframework/jmx/export/MBeanExporterListener
instanceKlass javax/management/Attribute
instanceKlass org/springframework/jmx/support/JmxUtils
instanceKlass org/springframework/jmx/support/MBeanServerFactoryBean
instanceKlass org/springframework/jmx/export/assembler/AutodetectCapableMBeanInfoAssembler
instanceKlass org/springframework/jmx/export/naming/KeyNamingStrategy
instanceKlass javax/management/modelmbean/ModelMBeanInfo
instanceKlass org/springframework/jmx/export/assembler/AbstractMBeanInfoAssembler
instanceKlass javax/management/modelmbean/ModelMBean
instanceKlass javax/management/PersistentMBean
instanceKlass org/springframework/jmx/export/notification/NotificationPublisher
instanceKlass org/springframework/jmx/export/assembler/MBeanInfoAssembler
instanceKlass org/springframework/jmx/export/annotation/AnnotationJmxAttributeSource
instanceKlass org/springframework/web/servlet/resource/ResourceResolverChain
instanceKlass org/springframework/web/servlet/resource/ResourceTransformerChain
instanceKlass org/springdoc/ui/AbstractSwaggerIndexTransformer
instanceKlass com/fasterxml/jackson/core/FormatFeature
instanceKlass com/fasterxml/jackson/dataformat/yaml/util/StringQuotingChecker
instanceKlass io/swagger/v3/core/util/Yaml
instanceKlass io/swagger/v3/core/jackson/mixin/DiscriminatorMixin
instanceKlass io/swagger/v3/oas/models/media/Discriminator
instanceKlass io/swagger/v3/core/jackson/mixin/OpenAPIMixin
instanceKlass io/swagger/v3/core/jackson/mixin/LicenseMixin
instanceKlass io/swagger/v3/oas/models/info/License
instanceKlass io/swagger/v3/core/jackson/mixin/InfoMixin
instanceKlass io/swagger/v3/oas/models/info/Info
instanceKlass io/swagger/v3/core/jackson/mixin/ComponentsMixin
instanceKlass io/swagger/v3/oas/models/Components
instanceKlass io/swagger/v3/core/jackson/mixin/DateSchemaMixin
instanceKlass io/swagger/v3/core/jackson/mixin/SchemaMixin
instanceKlass io/swagger/v3/oas/models/headers/Header
instanceKlass io/swagger/v3/oas/models/parameters/RequestBody
instanceKlass io/swagger/v3/oas/models/responses/ApiResponse
instanceKlass io/swagger/v3/oas/models/media/XML
instanceKlass io/swagger/v3/oas/models/tags/Tag
instanceKlass io/swagger/v3/oas/models/servers/ServerVariable
instanceKlass io/swagger/v3/oas/models/servers/Server
instanceKlass io/swagger/v3/oas/models/PathItem
instanceKlass io/swagger/v3/core/jackson/mixin/OperationMixin
instanceKlass io/swagger/v3/oas/models/Operation
instanceKlass io/swagger/v3/oas/models/security/OAuthFlows
instanceKlass io/swagger/v3/oas/models/security/OAuthFlow
instanceKlass io/swagger/v3/core/jackson/mixin/MediaTypeMixin
instanceKlass io/swagger/v3/oas/models/media/MediaType
instanceKlass io/swagger/v3/oas/models/links/LinkParameter
instanceKlass io/swagger/v3/oas/models/links/Link
instanceKlass io/swagger/v3/oas/models/ExternalDocumentation
instanceKlass io/swagger/v3/core/jackson/mixin/ExampleMixin
instanceKlass io/swagger/v3/oas/models/examples/Example
instanceKlass io/swagger/v3/oas/models/media/EncodingProperty
instanceKlass io/swagger/v3/oas/models/media/Encoding
instanceKlass io/swagger/v3/oas/models/info/Contact
instanceKlass io/swagger/v3/core/jackson/mixin/ExtensionsMixin
instanceKlass io/swagger/v3/oas/models/security/SecurityScheme
instanceKlass io/swagger/v3/oas/models/parameters/Parameter
instanceKlass io/swagger/v3/core/util/Json
instanceKlass org/springframework/web/util/UriComponentsBuilder
instanceKlass org/springframework/web/util/UriBuilder
instanceKlass org/springframework/core/annotation/AnnotatedMethod
instanceKlass org/springframework/web/servlet/mvc/method/annotation/ResponseEntityExceptionHandler
instanceKlass org/springdoc/core/properties/SpringDocConfigProperties$ModelConverters$PolymorphicConverter
instanceKlass org/springdoc/core/properties/SpringDocConfigProperties$ModelConverters$PageableConverter
instanceKlass org/springdoc/core/properties/SpringDocConfigProperties$ModelConverters$DeprecatingConverter
instanceKlass org/springdoc/core/properties/SpringDocConfigProperties$Groups
instanceKlass java/lang/Character$Subset
instanceKlass org/apache/commons/lang3/StringUtils
instanceKlass org/springdoc/core/properties/SwaggerUiConfigProperties$SyntaxHighlight
instanceKlass org/springdoc/core/properties/SwaggerUiConfigProperties$Csrf
instanceKlass org/springdoc/core/properties/AbstractSwaggerUiConfigProperties$SwaggerUrl
instanceKlass org/springdoc/core/providers/ActuatorProvider
instanceKlass org/springframework/web/servlet/config/annotation/ResourceChainRegistration
instanceKlass org/springframework/web/servlet/resource/ResourceResolver
instanceKlass org/springframework/web/servlet/config/annotation/WebMvcConfigurerComposite
instanceKlass org/springframework/boot/autoconfigure/web/WebProperties$Resources$Cache$Cachecontrol
instanceKlass org/springframework/boot/autoconfigure/web/WebProperties$Resources$Cache
instanceKlass org/springframework/boot/autoconfigure/web/WebProperties$Resources$Chain$Strategy$Content
instanceKlass org/springframework/boot/autoconfigure/web/WebProperties$Resources$Chain$Strategy$Fixed
instanceKlass org/springframework/boot/autoconfigure/web/WebProperties$Resources$Chain$Strategy
instanceKlass org/springframework/boot/autoconfigure/web/servlet/WebMvcRegistrations
instanceKlass feign/ResponseInterceptor$Chain
instanceKlass feign/ResponseMapper
instanceKlass feign/InvocationHandlerFactory$MethodHandler$Factory
instanceKlass feign/InvocationHandlerFactory
instanceKlass org/springframework/cloud/openfeign/FeignClientsConfiguration$1
instanceKlass org/springframework/cloud/openfeign/DefaultFeignLoggerFactory
instanceKlass feign/Retryer$1
instanceKlass feign/MethodMetadata
instanceKlass org/springframework/cloud/openfeign/support/SpringMvcContract$ConvertingExpanderFactory
instanceKlass org/springframework/web/bind/annotation/CookieValue
instanceKlass org/springframework/cloud/openfeign/annotation/CookieValueParameterProcessor
instanceKlass org/springframework/web/bind/annotation/RequestPart
instanceKlass org/springframework/cloud/openfeign/annotation/RequestPartParameterProcessor
instanceKlass org/springframework/cloud/openfeign/SpringQueryMap
instanceKlass org/springframework/cloud/openfeign/annotation/QueryMapParameterProcessor
instanceKlass org/springframework/web/bind/annotation/RequestHeader
instanceKlass org/springframework/cloud/openfeign/annotation/RequestHeaderParameterProcessor
instanceKlass org/springframework/web/bind/annotation/RequestParam
instanceKlass org/springframework/cloud/openfeign/annotation/RequestParamParameterProcessor
instanceKlass org/springframework/web/bind/annotation/PathVariable
instanceKlass org/springframework/cloud/openfeign/annotation/PathVariableParameterProcessor
instanceKlass org/springframework/web/bind/annotation/MatrixVariable
instanceKlass org/springframework/cloud/openfeign/annotation/MatrixVariableParameterProcessor
instanceKlass org/springframework/cloud/openfeign/AnnotatedParameterProcessor$AnnotatedParameterContext
instanceKlass feign/Contract$BaseContract
instanceKlass feign/querymap/BeanQueryMapEncoder$ObjectParamMetadata
instanceKlass feign/querymap/BeanQueryMapEncoder
instanceKlass feign/RequestTemplate
instanceKlass feign/form/UrlencodedFormContentProcessor
instanceKlass feign/form/MultipartFormContentProcessor
instanceKlass feign/form/ContentProcessor
instanceKlass feign/codec/Encoder$Default
instanceKlass org/springframework/cloud/openfeign/support/SpringEncoder
instanceKlass org/springframework/cloud/openfeign/support/PageableSpringEncoder
instanceKlass feign/form/multipart/AbstractWriter
instanceKlass feign/Response
instanceKlass org/springframework/cloud/openfeign/support/SpringDecoder
instanceKlass org/springframework/cloud/openfeign/support/ResponseEntityDecoder
instanceKlass feign/optionals/OptionalDecoder
instanceKlass org/springframework/cloud/openfeign/support/HttpMessageConverterCustomizer
instanceKlass feign/ResponseInterceptor
instanceKlass feign/RequestInterceptor
instanceKlass feign/codec/ErrorDecoder
instanceKlass org/springframework/cloud/openfeign/FeignClientProperties$MicrometerProperties
instanceKlass org/springframework/cloud/openfeign/FeignClientProperties$FeignClientConfiguration
instanceKlass org/springframework/cloud/openfeign/FeignFormatterRegistrar
instanceKlass org/springframework/cloud/openfeign/AnnotatedParameterProcessor
instanceKlass feign/Logger
instanceKlass feign/QueryMapEncoder
instanceKlass feign/Contract
instanceKlass feign/codec/Decoder
instanceKlass org/springframework/cloud/openfeign/clientconfig/FeignClientConfigurer
instanceKlass feign/BaseBuilder
instanceKlass feign/Retryer
instanceKlass feign/form/multipart/Writer
instanceKlass org/springframework/cloud/openfeign/FeignClientMicrometerEnabledCondition
instanceKlass org/springframework/cloud/openfeign/FeignClientsConfiguration$DefaultFeignBuilderConfiguration
instanceKlass org/springframework/cloud/openfeign/FeignClientsConfiguration$CircuitBreakerPresentFeignBuilderConfiguration
instanceKlass org/springframework/cloud/openfeign/FeignClientsConfiguration$MicrometerConfiguration
instanceKlass feign/form/FormEncoder
instanceKlass feign/codec/Encoder
instanceKlass org/springframework/cloud/openfeign/FeignLoggerFactory
instanceKlass org/springframework/cloud/openfeign/FeignClientsConfiguration
instanceKlass sun/reflect/generics/reflectiveObjects/GenericArrayTypeImpl
instanceKlass org/springframework/data/redis/core/BoundValueOperations
instanceKlass org/springframework/data/redis/core/BoundZSetOperations
instanceKlass org/springframework/data/redis/core/BoundStreamOperations
instanceKlass org/springframework/data/redis/core/BoundGeoOperations
instanceKlass org/springframework/data/redis/core/BoundListOperations
instanceKlass org/springframework/data/redis/core/BoundHashOperations
instanceKlass org/springframework/data/redis/core/BoundSetOperations
instanceKlass org/springframework/data/redis/core/BoundKeyOperations
instanceKlass org/springframework/data/redis/connection/SortParameters
instanceKlass org/springframework/data/redis/core/BulkMapper
instanceKlass org/springframework/data/redis/core/query/SortQuery
instanceKlass org/springframework/data/redis/core/SessionCallback
instanceKlass org/springframework/data/redis/core/script/RedisScript
instanceKlass org/springframework/data/redis/core/script/DefaultScriptExecutor
instanceKlass org/springframework/data/redis/util/RedisAssertions
instanceKlass org/springframework/core/serializer/DefaultDeserializer
instanceKlass org/springframework/core/serializer/Deserializer
instanceKlass org/springframework/core/serializer/support/DeserializingConverter
instanceKlass org/springframework/core/serializer/DefaultSerializer
instanceKlass org/springframework/core/serializer/Serializer
instanceKlass org/springframework/core/serializer/support/SerializingConverter
instanceKlass org/springframework/data/redis/serializer/JdkSerializationRedisSerializer
instanceKlass org/springframework/data/redis/core/StreamObjectMapper$1
instanceKlass org/springframework/data/mapping/Alias
instanceKlass org/springframework/data/convert/MappingContextTypeInformationMapper
instanceKlass org/springframework/data/convert/SimpleTypeInformationMapper
instanceKlass org/springframework/data/convert/TypeInformationMapper
instanceKlass org/springframework/data/util/CustomCollections$SearchableTypes
instanceKlass org/springframework/data/util/CustomCollections$EclipseCollections
instanceKlass org/springframework/data/util/CustomCollections$VavrCollections
instanceKlass org/springframework/data/util/CustomCollectionRegistrar
instanceKlass org/springframework/data/util/CustomCollections
instanceKlass org/springframework/data/redis/core/convert/DefaultRedisTypeMapper$BucketTypeAliasAccessor
instanceKlass org/springframework/data/convert/TypeAliasAccessor
instanceKlass org/springframework/data/convert/DefaultTypeMapper
instanceKlass org/springframework/util/comparator/NullSafeComparator
instanceKlass org/springframework/data/redis/hash/ObjectHashMapper$NoOpReferenceResolver
instanceKlass org/springframework/data/redis/hash/ObjectHashMapper$NoOpIndexResolver
instanceKlass org/springframework/data/redis/core/mapping/RedisMappingContext$ConfigAwareTimeToLiveAccessor
instanceKlass org/springframework/data/redis/core/mapping/RedisMappingContext$ConfigAwareKeySpaceResolver
instanceKlass org/springframework/data/mapping/model/InstantiationAwarePropertyAccessorFactory
instanceKlass org/springframework/data/mapping/model/ClassGeneratingPropertyAccessorFactory
instanceKlass org/springframework/data/mapping/model/ClassGeneratingEntityInstantiator$ObjectInstantiator
instanceKlass org/springframework/data/mapping/model/ClassGeneratingEntityInstantiator$ObjectInstantiatorClassGenerator
instanceKlass org/springframework/data/mapping/InstanceCreatorMetadata
instanceKlass org/springframework/data/mapping/model/ClassGeneratingEntityInstantiator
instanceKlass org/springframework/data/mapping/model/EntityInstantiator
instanceKlass org/springframework/data/mapping/PersistentPropertyPath
instanceKlass org/springframework/data/mapping/context/PersistentPropertyPathFactory
instanceKlass java/util/WeakHashMap$HashIterator
instanceKlass org/springframework/data/convert/ConverterBuilder$ConverterAware
instanceKlass org/springframework/data/convert/ConverterBuilder$WritingConverterAware
instanceKlass org/springframework/data/convert/ConverterBuilder$ReadingConverterAware
instanceKlass org/springframework/data/convert/ConverterBuilder
instanceKlass org/springframework/data/convert/ReadingConverter
instanceKlass org/springframework/data/convert/WritingConverter
instanceKlass org/springframework/data/convert/CustomConversions$ConverterRegistration
instanceKlass org/springframework/data/convert/CustomConversions$ConverterRegistrationIntent
instanceKlass org/springframework/data/convert/CustomConversions$ConversionTargetsCache
instanceKlass org/springframework/data/convert/PropertyValueConverterFactories$CachingPropertyValueConverterFactory$Cache
instanceKlass org/springframework/data/convert/PropertyValueConverterFactories$CachingPropertyValueConverterFactory
instanceKlass org/springframework/data/convert/PropertyValueConverterFactories$SimplePropertyConverterFactory
instanceKlass org/springframework/data/convert/PropertyValueConverterFactory
instanceKlass org/springframework/data/convert/SimplePropertyValueConverterRegistry
instanceKlass org/springframework/data/convert/ValueConverterRegistry
instanceKlass org/springframework/data/convert/SimplePropertyValueConversions
instanceKlass org/springframework/data/convert/PropertyValueConversions
instanceKlass org/springframework/data/convert/PropertyValueConverterRegistrar
instanceKlass org/springframework/data/util/Predicates
instanceKlass org/springframework/data/convert/CustomConversions$ConverterConfiguration
instanceKlass org/springframework/data/convert/CustomConversions$StoreConversions
instanceKlass org/springframework/data/redis/core/convert/Jsr310Converters
instanceKlass org/springframework/data/redis/core/convert/BinaryConverters$BytesToEnumConverterFactory
instanceKlass org/springframework/data/redis/core/convert/BinaryConverters$BytesToNumberConverterFactory
instanceKlass org/springframework/data/redis/core/convert/BinaryConverters$StringBasedConverter
instanceKlass org/springframework/data/redis/core/convert/BinaryConverters
instanceKlass org/springframework/data/convert/JMoleculesConverters
instanceKlass org/springframework/data/redis/hash/ObjectHashMapper
instanceKlass org/springframework/data/redis/connection/stream/MapRecord
instanceKlass org/springframework/data/redis/core/StreamObjectMapper
instanceKlass org/springframework/data/redis/connection/stream/Record
instanceKlass org/springframework/data/redis/core/ZSetOperations$TypedTuple
instanceKlass org/springframework/data/redis/core/AbstractOperations
instanceKlass org/springframework/data/redis/core/BoundOperationsProxyFactory
instanceKlass org/springframework/data/redis/serializer/StringRedisSerializer
instanceKlass org/springframework/data/redis/core/HashOperations
instanceKlass org/springframework/data/redis/core/script/ScriptExecutor
instanceKlass org/springframework/data/redis/core/Cursor
instanceKlass org/springframework/data/redis/core/ClusterOperations
instanceKlass org/springframework/data/redis/core/HyperLogLogOperations
instanceKlass org/springframework/data/redis/core/GeoOperations
instanceKlass org/springframework/data/redis/core/ZSetOperations
instanceKlass org/springframework/data/redis/core/StreamOperations
instanceKlass org/springframework/data/redis/core/HashMapperProvider
instanceKlass org/springframework/data/redis/hash/HashMapper
instanceKlass org/springframework/data/redis/core/SetOperations
instanceKlass org/springframework/data/redis/core/ListOperations
instanceKlass org/springframework/data/redis/core/ValueOperations
instanceKlass org/springframework/data/redis/connection/ReactiveNumberCommands
instanceKlass io/lettuce/core/cluster/api/reactive/RedisClusterReactiveCommands
instanceKlass io/lettuce/core/api/reactive/RedisStringReactiveCommands
instanceKlass io/lettuce/core/api/reactive/RedisStreamReactiveCommands
instanceKlass io/lettuce/core/api/reactive/RedisSortedSetReactiveCommands
instanceKlass io/netty/util/internal/shaded/org/jctools/queues/LinkedArrayQueueUtil
instanceKlass io/lettuce/core/api/reactive/RedisSetReactiveCommands
instanceKlass io/lettuce/core/api/reactive/RedisServerReactiveCommands
instanceKlass io/lettuce/core/api/reactive/RedisScriptingReactiveCommands
instanceKlass io/lettuce/core/api/reactive/RedisListReactiveCommands
instanceKlass io/lettuce/core/api/reactive/RedisKeyReactiveCommands
instanceKlass io/lettuce/core/api/reactive/RedisHLLReactiveCommands
instanceKlass io/lettuce/core/api/reactive/RedisHashReactiveCommands
instanceKlass io/lettuce/core/api/reactive/RedisGeoReactiveCommands
instanceKlass io/lettuce/core/api/reactive/RedisFunctionReactiveCommands
instanceKlass io/lettuce/core/api/reactive/RedisAclReactiveCommands
instanceKlass io/lettuce/core/api/reactive/BaseRedisReactiveCommands
instanceKlass org/springframework/data/redis/connection/ReactiveZSetCommands
instanceKlass org/springframework/data/redis/connection/ReactiveStreamCommands
instanceKlass org/springframework/data/redis/connection/ReactiveSetCommands
instanceKlass org/springframework/data/redis/connection/ReactiveStringCommands
instanceKlass org/springframework/data/redis/connection/ReactiveScriptingCommands
instanceKlass org/springframework/data/redis/connection/ReactiveGeoCommands
instanceKlass org/springframework/data/redis/connection/ReactiveHashCommands
instanceKlass org/springframework/data/redis/connection/ReactiveServerCommands
instanceKlass org/springframework/data/redis/connection/ReactiveListCommands
instanceKlass org/springframework/data/redis/connection/ReactiveHyperLogLogCommands
instanceKlass org/springframework/data/redis/connection/ReactivePubSubCommands
instanceKlass org/springframework/data/redis/connection/ReactiveKeyCommands
instanceKlass org/springframework/data/redis/connection/lettuce/LettucePoolingClientConfiguration
instanceKlass org/springframework/data/redis/connection/lettuce/StandaloneConnectionProvider$1
instanceKlass io/lettuce/core/output/StreamingOutput
instanceKlass io/lettuce/core/output/CommandOutput
instanceKlass org/springframework/data/redis/connection/lettuce/LettuceConnection$TypeHints
instanceKlass io/lettuce/core/codec/ByteArrayCodec
instanceKlass io/lettuce/core/codec/ToByteBufEncoder
instanceKlass org/springframework/data/redis/connection/Subscription
instanceKlass io/lettuce/core/cluster/api/async/RedisClusterAsyncCommands
instanceKlass io/lettuce/core/api/async/RedisStringAsyncCommands
instanceKlass io/lettuce/core/api/async/RedisStreamAsyncCommands
instanceKlass io/lettuce/core/api/async/RedisSortedSetAsyncCommands
instanceKlass io/lettuce/core/api/async/RedisSetAsyncCommands
instanceKlass io/lettuce/core/api/async/RedisServerAsyncCommands
instanceKlass io/lettuce/core/api/async/RedisScriptingAsyncCommands
instanceKlass io/lettuce/core/api/async/RedisListAsyncCommands
instanceKlass io/lettuce/core/api/async/RedisKeyAsyncCommands
instanceKlass io/lettuce/core/api/async/RedisHLLAsyncCommands
instanceKlass io/lettuce/core/api/async/RedisHashAsyncCommands
instanceKlass io/lettuce/core/api/async/RedisGeoAsyncCommands
instanceKlass io/lettuce/core/api/async/RedisFunctionAsyncCommands
instanceKlass io/lettuce/core/api/async/RedisAclAsyncCommands
instanceKlass io/lettuce/core/api/async/BaseRedisAsyncCommands
instanceKlass org/springframework/data/redis/connection/FutureResult
instanceKlass io/lettuce/core/cluster/api/sync/RedisClusterCommands
instanceKlass io/lettuce/core/api/sync/RedisStringCommands
instanceKlass io/lettuce/core/api/sync/RedisStreamCommands
instanceKlass io/lettuce/core/api/sync/RedisSortedSetCommands
instanceKlass io/lettuce/core/api/sync/RedisSetCommands
instanceKlass io/lettuce/core/api/sync/RedisServerCommands
instanceKlass io/lettuce/core/api/sync/RedisScriptingCommands
instanceKlass io/lettuce/core/api/sync/RedisListCommands
instanceKlass io/lettuce/core/api/sync/RedisKeyCommands
instanceKlass io/lettuce/core/api/sync/RedisHLLCommands
instanceKlass io/lettuce/core/api/sync/RedisHashCommands
instanceKlass io/lettuce/core/api/sync/RedisGeoCommands
instanceKlass io/lettuce/core/api/sync/RedisFunctionCommands
instanceKlass io/lettuce/core/api/sync/RedisAclCommands
instanceKlass io/lettuce/core/api/sync/BaseRedisCommands
instanceKlass org/springframework/data/redis/core/ScanOptions
instanceKlass org/springframework/data/redis/connection/lettuce/LettuceConnectionFactory$ExceptionTranslatingConnectionProvider
instanceKlass io/netty/channel/group/VoidChannelGroupFuture
instanceKlass io/netty/channel/group/DefaultChannelGroup$1
instanceKlass io/netty/channel/group/ChannelGroupFuture
instanceKlass io/netty/channel/ChannelFutureListener
instanceKlass io/lettuce/core/ConnectionEvents
instanceKlass io/lettuce/core/protocol/HasQueuedCommands
instanceKlass io/lettuce/core/sentinel/api/StatefulRedisSentinelConnection
instanceKlass io/lettuce/core/pubsub/StatefulRedisPubSubConnection
instanceKlass io/lettuce/core/protocol/Endpoint
instanceKlass io/lettuce/core/protocol/PushHandler
instanceKlass io/lettuce/core/RedisChannelWriter
instanceKlass io/lettuce/core/protocol/ConnectionInitializer
instanceKlass io/lettuce/core/RedisChannelHandler
instanceKlass io/lettuce/core/protocol/ConnectionFacade
instanceKlass io/lettuce/core/ConnectionBuilder
instanceKlass io/lettuce/core/ConnectionFuture
instanceKlass io/netty/channel/group/ChannelGroup
instanceKlass io/lettuce/core/LettuceVersion
instanceKlass java/util/function/LongFunction
instanceKlass io/lettuce/core/internal/LettuceStrings
instanceKlass java/util/function/IntSupplier
instanceKlass org/springframework/data/redis/connection/RedisConfiguration$StaticMasterReplicaConfiguration
instanceKlass org/springframework/data/redis/connection/lettuce/RedisCredentialsProviderFactory
instanceKlass org/springframework/data/redis/connection/RedisNode
instanceKlass org/springframework/data/redis/connection/NamedNode
instanceKlass io/lettuce/core/RedisCredentialsProvider
instanceKlass io/lettuce/core/RedisURI$Builder
instanceKlass org/springframework/data/redis/connection/lettuce/StandaloneConnectionProvider
instanceKlass org/springframework/data/redis/connection/lettuce/LettuceConnectionProvider$TargetAware
instanceKlass org/springframework/data/redis/connection/RedisSocketConfiguration
instanceKlass org/springframework/data/redis/connection/RedisConfiguration$DomainSocketConfiguration
instanceKlass org/springframework/data/redis/connection/RedisConfiguration$WithDomainSocket
instanceKlass org/springframework/data/redis/connection/lettuce/ClusterConnectionProvider
instanceKlass org/springframework/data/redis/connection/lettuce/RedisClientProvider
instanceKlass io/lettuce/core/api/StatefulRedisConnection
instanceKlass org/springframework/data/redis/connection/ClusterCommandExecutor
instanceKlass org/springframework/data/redis/connection/lettuce/LettuceConnectionFactory$MutableLettuceClientConfiguration
instanceKlass io/lettuce/core/cluster/api/StatefulRedisClusterConnection
instanceKlass io/lettuce/core/api/StatefulConnection
instanceKlass io/lettuce/core/api/AsyncCloseable
instanceKlass io/lettuce/core/internal/AsyncCloseable
instanceKlass io/lettuce/core/RedisURI
instanceKlass io/lettuce/core/ConnectionPoint
instanceKlass org/springframework/data/redis/connection/lettuce/StaticMasterReplicaConnectionProvider
instanceKlass io/lettuce/core/codec/RedisCodec
instanceKlass org/springframework/data/redis/connection/lettuce/LettuceConnectionFactory$SharedConnection
instanceKlass org/springframework/data/redis/connection/lettuce/LettuceConnection$PipeliningFlushState
instanceKlass org/springframework/data/redis/connection/lettuce/LettuceConnection$PipeliningFlushPolicy
instanceKlass org/springframework/boot/autoconfigure/data/redis/RedisConnectionDetails$Standalone$1
instanceKlass org/springframework/data/redis/connection/RedisPassword
instanceKlass org/springframework/data/redis/connection/lettuce/LettuceExceptionConverter
instanceKlass org/springframework/data/redis/PassThroughExceptionTranslationStrategy
instanceKlass org/springframework/data/redis/connection/RedisClusterConnection
instanceKlass org/springframework/data/redis/connection/DefaultedRedisClusterConnection
instanceKlass org/springframework/data/redis/connection/RedisClusterCommandsProvider
instanceKlass org/springframework/data/redis/connection/RedisClusterServerCommands
instanceKlass org/springframework/data/redis/connection/RedisClusterCommands
instanceKlass org/springframework/data/redis/connection/RedisSentinelConnection
instanceKlass org/springframework/data/redis/connection/RedisSentinelCommands
instanceKlass org/springframework/data/redis/connection/lettuce/LettuceReactiveRedisConnection
instanceKlass org/springframework/data/redis/connection/ReactiveRedisClusterConnection
instanceKlass org/springframework/data/redis/connection/ReactiveClusterCommands
instanceKlass org/springframework/data/redis/connection/ReactiveRedisConnection
instanceKlass org/springframework/data/redis/connection/ClusterTopologyProvider
instanceKlass org/springframework/data/redis/connection/ClusterNodeResourceProvider
instanceKlass org/springframework/data/redis/connection/lettuce/LettuceConnectionProvider
instanceKlass org/springframework/data/redis/ExceptionTranslationStrategy
instanceKlass org/springframework/data/redis/connection/lettuce/DefaultLettuceClientConfiguration
instanceKlass io/lettuce/core/protocol/RatioDecodeBufferPolicy
instanceKlass io/lettuce/core/protocol/DecodeBufferPolicies$2
instanceKlass io/lettuce/core/protocol/DecodeBufferPolicies$1
instanceKlass io/lettuce/core/protocol/DecodeBufferPolicy
instanceKlass io/lettuce/core/protocol/DecodeBufferPolicies
instanceKlass io/lettuce/core/TimeoutOptions$TimeoutSource
instanceKlass io/lettuce/core/TimeoutOptions$Builder
instanceKlass io/lettuce/core/TimeoutOptions
instanceKlass io/lettuce/core/SslOptions$KeystoreAction
instanceKlass javax/net/ssl/SSLParameters
instanceKlass io/netty/handler/ssl/SslContextBuilder
instanceKlass io/lettuce/core/SslOptions$Builder
instanceKlass io/lettuce/core/SslOptions
instanceKlass io/lettuce/core/SocketOptions$TcpUserTimeoutOptions$Builder
instanceKlass io/lettuce/core/SocketOptions$TcpUserTimeoutOptions
instanceKlass io/lettuce/core/SocketOptions$KeepAliveOptions$Builder
instanceKlass io/lettuce/core/SocketOptions$KeepAliveOptions
instanceKlass io/lettuce/core/SocketOptions$Builder
instanceKlass io/lettuce/core/SocketOptions
instanceKlass io/lettuce/core/protocol/RedisCommand
instanceKlass io/lettuce/core/protocol/ReadOnlyCommands$ReadOnlyPredicate
instanceKlass io/lettuce/core/protocol/ReadOnlyCommands
instanceKlass io/lettuce/core/resource/SocketAddressResolver
instanceKlass io/netty/util/internal/ThreadExecutorMap$2
instanceKlass io/netty/util/concurrent/SingleThreadEventExecutor$4
instanceKlass io/lettuce/core/event/Event
instanceKlass io/lettuce/core/event/metrics/DefaultCommandLatencyEventPublisher
instanceKlass io/lettuce/core/protocol/ProtocolKeyword
instanceKlass io/lettuce/core/metrics/DefaultCommandLatencyCollector$DefaultPauseDetectorWrapper
instanceKlass org/HdrHistogram/EncodableHistogram
instanceKlass org/HdrHistogram/ValueRecorder
instanceKlass org/LatencyUtils/PauseDetector
instanceKlass io/lettuce/core/metrics/DefaultCommandLatencyCollector$PauseDetectorWrapper
instanceKlass io/lettuce/core/metrics/DefaultCommandLatencyCollector$Latencies
instanceKlass io/lettuce/core/metrics/DefaultCommandLatencyCollector
instanceKlass io/lettuce/core/metrics/CommandLatencyCollector
instanceKlass io/lettuce/core/metrics/MetricCollector
instanceKlass reactor/core/publisher/SinksSpecs$AbstractSerializedSink
instanceKlass reactor/core/publisher/InnerProducer
instanceKlass reactor/core/publisher/DirectInnerContainer
instanceKlass reactor/core/publisher/InternalManySink
instanceKlass reactor/core/publisher/ContextHolder
instanceKlass reactor/core/publisher/SinksSpecs$DefaultSinksSpecs
instanceKlass reactor/core/publisher/SinksSpecs$UnicastSpecImpl
instanceKlass reactor/core/publisher/Sinks$ManyWithUpstream
instanceKlass reactor/core/publisher/Sinks$One
instanceKlass reactor/core/publisher/Sinks$Empty
instanceKlass reactor/core/publisher/Sinks$Many
instanceKlass reactor/core/publisher/Sinks$UnicastSpec
instanceKlass reactor/core/publisher/SinksSpecs$UnsafeSpecImpl
instanceKlass reactor/core/publisher/Sinks$MulticastReplaySpec
instanceKlass reactor/core/publisher/Sinks$MulticastSpec
instanceKlass reactor/core/publisher/Sinks$ManyWithUpstreamUnsafeSpec
instanceKlass reactor/core/publisher/Sinks$ManySpec
instanceKlass reactor/core/publisher/Sinks$RootSpec
instanceKlass reactor/core/publisher/SinksSpecs
instanceKlass reactor/core/publisher/Sinks
instanceKlass io/lettuce/core/event/jfr/JfrEventRecorder
instanceKlass io/lettuce/core/event/jfr/EventRecorder$RecordableEvent
instanceKlass io/lettuce/core/event/jfr/EventRecorderHolder
instanceKlass io/lettuce/core/event/jfr/EventRecorder
instanceKlass reactor/core/scheduler/SchedulerState
instanceKlass reactor/core/scheduler/Scheduler$Worker
instanceKlass reactor/core/scheduler/DelegateServiceScheduler
instanceKlass reactor/core/scheduler/SchedulerState$DisposeAwaiter
instanceKlass reactor/core/scheduler/Schedulers$1
instanceKlass reactor/util/Loggers$Slf4JLogger
instanceKlass reactor/util/Logger
instanceKlass reactor/util/Loggers$Slf4JLoggerFactory
instanceKlass reactor/util/Loggers
instanceKlass reactor/core/scheduler/BoundedElasticSchedulerSupplier
instanceKlass reactor/core/scheduler/Scheduler
instanceKlass reactor/core/scheduler/Schedulers$Factory
instanceKlass reactor/core/scheduler/Schedulers
instanceKlass io/lettuce/core/event/DefaultEventBus
instanceKlass io/netty/util/concurrent/FastThreadLocalRunnable
instanceKlass io/netty/util/internal/shaded/org/jctools/util/UnsafeRefArrayAccess
instanceKlass io/netty/util/internal/shaded/org/jctools/util/Pow2
instanceKlass io/netty/util/internal/shaded/org/jctools/util/RangeUtil
instanceKlass io/netty/util/internal/shaded/org/jctools/util/UnsafeAccess
instanceKlass io/netty/util/internal/PlatformDependent$Mpsc$1
instanceKlass io/netty/util/internal/PlatformDependent$Mpsc
instanceKlass io/netty/util/concurrent/ImmediateExecutor
instanceKlass io/netty/util/HashedWheelTimer$HashedWheelBucket
instanceKlass io/netty/util/HashedWheelTimer$Worker
instanceKlass io/netty/util/ResourceLeakTracker
instanceKlass io/netty/util/ResourceLeak
instanceKlass io/netty/util/ResourceLeakDetector
instanceKlass io/netty/util/ResourceLeakDetectorFactory
instanceKlass io/netty/util/Timeout
instanceKlass io/netty/util/HashedWheelTimer
instanceKlass io/netty/util/concurrent/MultithreadEventExecutorGroup$1
instanceKlass io/netty/util/concurrent/DefaultEventExecutorChooserFactory$PowerOfTwoEventExecutorChooser
instanceKlass io/netty/util/internal/ThreadExecutorMap$1
instanceKlass io/netty/util/internal/ThreadExecutorMap$3
instanceKlass io/netty/util/internal/ThreadExecutorMap
instanceKlass io/netty/util/internal/StringUtil
instanceKlass io/netty/util/concurrent/GlobalEventExecutor$TaskRunner
instanceKlass io/netty/util/concurrent/GlobalEventExecutor$1
instanceKlass io/netty/util/concurrent/PromiseTask$SentinelRunnable
instanceKlass io/netty/util/internal/PriorityQueueNode
instanceKlass io/netty/util/internal/ThrowableUtil
instanceKlass io/netty/util/concurrent/DefaultFutureListeners
instanceKlass io/netty/util/concurrent/DefaultPromise$CauseHolder
instanceKlass io/netty/util/concurrent/AbstractFuture
instanceKlass io/netty/util/concurrent/EventExecutorChooserFactory$EventExecutorChooser
instanceKlass io/netty/util/concurrent/DefaultEventExecutorChooserFactory
instanceKlass io/netty/util/concurrent/ThreadPerTaskExecutor
instanceKlass io/netty/util/concurrent/RejectedExecutionHandlers$1
instanceKlass io/netty/util/concurrent/RejectedExecutionHandlers
instanceKlass io/netty/util/concurrent/RejectedExecutionHandler
instanceKlass io/netty/util/concurrent/SingleThreadEventExecutor$1
instanceKlass io/netty/util/concurrent/AbstractScheduledEventExecutor$2
instanceKlass io/netty/util/concurrent/AbstractScheduledEventExecutor$1
instanceKlass io/netty/util/concurrent/ThreadProperties
instanceKlass io/netty/util/internal/PriorityQueue
instanceKlass io/netty/util/concurrent/ScheduledFuture
instanceKlass io/netty/util/concurrent/ProgressivePromise
instanceKlass io/netty/util/concurrent/ProgressiveFuture
instanceKlass io/netty/util/concurrent/DefaultThreadFactory
instanceKlass io/netty/util/concurrent/EventExecutorChooserFactory
instanceKlass io/netty/util/concurrent/FutureListener
instanceKlass io/netty/util/concurrent/AbstractEventExecutorGroup
instanceKlass io/lettuce/core/resource/DefaultEventLoopGroupProvider
instanceKlass io/lettuce/core/tracing/NoOpTracing$1
instanceKlass io/lettuce/core/tracing/Tracing$Endpoint
instanceKlass io/lettuce/core/tracing/TracerProvider
instanceKlass io/lettuce/core/tracing/TraceContextProvider
instanceKlass io/lettuce/core/tracing/Tracing
instanceKlass io/lettuce/core/internal/LettuceAssert
instanceKlass io/lettuce/core/event/DefaultEventPublisherOptions$Builder
instanceKlass io/lettuce/core/event/DefaultEventPublisherOptions
instanceKlass io/lettuce/core/metrics/DefaultCommandLatencyCollectorOptions$Builder
instanceKlass io/lettuce/core/metrics/CommandLatencyCollectorOptions$Builder
instanceKlass io/lettuce/core/metrics/DefaultCommandLatencyCollectorOptions
instanceKlass io/lettuce/core/resource/ThreadFactoryProvider
instanceKlass io/lettuce/core/event/EventPublisherOptions
instanceKlass io/lettuce/core/metrics/CommandLatencyCollectorOptions
instanceKlass io/netty/resolver/dns/DnsCacheEntry
instanceKlass io/netty/resolver/dns/DefaultDnsCache
instanceKlass io/netty/resolver/dns/Cache$1
instanceKlass io/netty/resolver/dns/Cache
instanceKlass io/netty/resolver/dns/DefaultDnsCnameCache
instanceKlass io/netty/channel/socket/SocketChannelConfig
instanceKlass io/netty/channel/socket/DuplexChannelConfig
instanceKlass io/netty/channel/socket/SocketChannel
instanceKlass io/netty/channel/socket/DuplexChannel
instanceKlass io/netty/channel/socket/DatagramChannelConfig
instanceKlass io/netty/channel/ChannelConfig
instanceKlass io/netty/channel/nio/AbstractNioChannel$NioUnsafe
instanceKlass io/netty/channel/AbstractChannel$AbstractUnsafe
instanceKlass io/netty/channel/EventLoop
instanceKlass io/netty/util/concurrent/OrderedEventExecutor
instanceKlass io/netty/channel/ChannelId
instanceKlass io/netty/channel/ChannelFuture
instanceKlass io/netty/channel/ChannelPipeline
instanceKlass io/netty/channel/ChannelInboundInvoker
instanceKlass io/netty/channel/Channel$Unsafe
instanceKlass io/netty/util/Attribute
instanceKlass io/netty/channel/ReflectiveChannelFactory
instanceKlass io/netty/util/DefaultAttributeMap
instanceKlass io/netty/channel/socket/DatagramChannel
instanceKlass io/netty/channel/Channel
instanceKlass io/netty/channel/ChannelOutboundInvoker
instanceKlass io/netty/util/AttributeMap
instanceKlass io/lettuce/core/resource/EpollProvider
instanceKlass io/lettuce/core/resource/IOUringProvider
instanceKlass io/lettuce/core/resource/EventLoopResourcesWrapper
instanceKlass io/lettuce/core/resource/EventLoopResources
instanceKlass io/lettuce/core/resource/KqueueProvider
instanceKlass io/lettuce/core/resource/Transports$NativeTransports
instanceKlass io/lettuce/core/resource/Transports
instanceKlass io/netty/resolver/dns/NoopDnsQueryLifecycleObserverFactory
instanceKlass io/netty/resolver/dns/SingletonDnsServerAddresses$1
instanceKlass io/netty/resolver/dns/DnsServerAddresses
instanceKlass io/netty/util/internal/SocketUtils$10
instanceKlass com/sun/jndi/dns/CT
instanceKlass com/sun/jndi/dns/DnsName
instanceKlass com/sun/jndi/dns/NameNode
instanceKlass com/sun/jndi/dns/DnsNameParser
instanceKlass javax/naming/NameImpl
instanceKlass javax/naming/CompositeName
instanceKlass javax/naming/directory/Attributes
instanceKlass javax/naming/directory/Attribute
instanceKlass javax/naming/Name
instanceKlass javax/naming/NameParser
instanceKlass sun/net/dns/ResolverConfiguration$Options
instanceKlass sun/net/dns/ResolverConfiguration
instanceKlass com/sun/jndi/toolkit/url/Uri$1
instanceKlass com/sun/jndi/toolkit/ctx/PartialCompositeContext
instanceKlass javax/naming/spi/Resolver
instanceKlass com/sun/jndi/toolkit/url/Uri
instanceKlass com/sun/jndi/dns/DnsContextFactory
instanceKlass javax/naming/spi/InitialContextFactory
instanceKlass io/netty/resolver/dns/DirContextUtils
instanceKlass io/netty/resolver/dns/DefaultDnsServerAddressStreamProvider
instanceKlass io/netty/resolver/dns/DnsServerAddressStreamProviders$DefaultProviderHolder$1
instanceKlass io/netty/resolver/dns/DnsServerAddressStreamProviders$DefaultProviderHolder
instanceKlass io/netty/resolver/dns/DnsServerAddressStreamProviders
instanceKlass io/netty/util/CharsetUtil
instanceKlass io/netty/resolver/HostsFileEntriesProvider$ParserImpl
instanceKlass io/netty/resolver/HostsFileEntriesProvider$Parser
instanceKlass io/netty/resolver/HostsFileEntriesProvider
instanceKlass io/netty/resolver/DefaultHostsFileEntriesResolver
instanceKlass io/netty/resolver/HostsFileEntriesResolver
instanceKlass io/netty/handler/codec/dns/DnsQueryEncoder
instanceKlass io/netty/handler/codec/dns/DnsQuery
instanceKlass io/netty/handler/codec/dns/DefaultDnsRecordEncoder
instanceKlass io/netty/handler/codec/dns/DnsRecordEncoder
instanceKlass io/netty/channel/ChannelOutboundHandler
instanceKlass io/netty/handler/codec/dns/DnsResponse
instanceKlass io/netty/handler/codec/dns/DnsMessage
instanceKlass io/netty/channel/DefaultAddressedEnvelope
instanceKlass io/netty/channel/AddressedEnvelope
instanceKlass io/netty/buffer/ByteBufHolder
instanceKlass io/netty/util/ReferenceCounted
instanceKlass io/netty/util/internal/UnpaddedInternalThreadLocalMap
instanceKlass io/netty/util/internal/TypeParameterMatcher
instanceKlass io/netty/handler/codec/dns/DnsQuestion
instanceKlass io/netty/handler/codec/dns/DefaultDnsRecordDecoder
instanceKlass io/netty/handler/codec/dns/DnsRecordDecoder
instanceKlass io/netty/handler/codec/dns/DnsResponseDecoder
instanceKlass io/netty/resolver/dns/UnixResolverOptions$Builder
instanceKlass io/netty/resolver/dns/UnixResolverOptions
instanceKlass io/netty/resolver/dns/UnixResolverDnsServerAddressStreamProvider
instanceKlass io/netty/resolver/dns/DnsServerAddressStreamProvider
instanceKlass io/netty/util/AsciiString
instanceKlass io/netty/util/internal/EmptyArrays
instanceKlass io/netty/util/NetUtil$SoMaxConnAction
instanceKlass io/netty/util/NetUtilInitializations$NetworkIfaceAndInetAddress
instanceKlass io/netty/util/internal/SocketUtils$11
instanceKlass io/netty/util/internal/SocketUtils
instanceKlass io/netty/util/NetUtilInitializations
instanceKlass io/netty/util/NetUtil
instanceKlass io/netty/util/internal/MathUtil
instanceKlass io/netty/util/collection/IntObjectHashMap$1
instanceKlass io/netty/util/collection/IntObjectHashMap
instanceKlass io/netty/util/collection/IntObjectMap
instanceKlass io/netty/handler/codec/dns/DnsRecordType
instanceKlass io/netty/handler/codec/dns/DnsRecord
instanceKlass io/netty/util/internal/PlatformDependent$4
instanceKlass io/netty/util/internal/CleanerJava9$1
instanceKlass io/netty/util/internal/CleanerJava9
instanceKlass io/netty/util/internal/PlatformDependent$2
instanceKlass io/netty/util/internal/PlatformDependent$1
instanceKlass io/netty/util/internal/PlatformDependent0$9
instanceKlass io/netty/util/internal/PlatformDependent0$7
instanceKlass io/netty/util/internal/PlatformDependent0$6
instanceKlass io/netty/util/internal/PlatformDependent0$5
instanceKlass io/netty/util/internal/PlatformDependent0$4
instanceKlass io/netty/util/internal/PlatformDependent0$3
instanceKlass io/netty/util/internal/PlatformDependent0$2
instanceKlass io/netty/util/internal/ReflectionUtil
instanceKlass io/netty/util/internal/PlatformDependent0$1
instanceKlass io/netty/util/internal/SystemPropertyUtil
instanceKlass io/netty/util/internal/PlatformDependent0
instanceKlass io/netty/util/internal/shaded/org/jctools/queues/SupportsIterator
instanceKlass io/netty/util/internal/shaded/org/jctools/queues/QueueProgressIndicators
instanceKlass io/netty/util/internal/shaded/org/jctools/queues/IndexedQueueSizeUtil$IndexedQueue
instanceKlass io/netty/util/internal/shaded/org/jctools/queues/MessagePassingQueue
instanceKlass io/netty/util/internal/LongCounter
instanceKlass io/netty/util/internal/PlatformDependent$ThreadLocalRandomProvider
instanceKlass io/netty/util/internal/Cleaner
instanceKlass io/netty/util/internal/PlatformDependent
instanceKlass io/netty/util/ConstantPool
instanceKlass io/netty/util/AbstractConstant
instanceKlass io/netty/util/Constant
instanceKlass io/netty/resolver/dns/DnsQueryContext
instanceKlass io/netty/resolver/dns/DnsServerAddressStream
instanceKlass io/netty/resolver/dns/DnsQueryLifecycleObserver
instanceKlass io/netty/channel/ChannelHandlerAdapter
instanceKlass io/netty/channel/ChannelInboundHandler
instanceKlass io/netty/channel/RecvByteBufAllocator
instanceKlass io/netty/channel/ChannelHandler
instanceKlass io/netty/channel/EventLoopGroup
instanceKlass io/netty/util/concurrent/FastThreadLocal
instanceKlass io/netty/resolver/SimpleNameResolver
instanceKlass io/netty/resolver/dns/AuthoritativeDnsServerCache
instanceKlass io/netty/channel/ChannelFactory
instanceKlass io/netty/bootstrap/ChannelFactory
instanceKlass io/netty/resolver/dns/DnsQueryLifecycleObserverFactory
instanceKlass io/netty/resolver/dns/DnsNameResolverBuilder
instanceKlass io/netty/resolver/AddressResolver
instanceKlass io/netty/resolver/NameResolver
instanceKlass io/netty/util/concurrent/GenericFutureListener
instanceKlass io/netty/resolver/dns/DnsCache
instanceKlass io/netty/resolver/dns/DnsCnameCache
instanceKlass io/lettuce/core/resource/AddressResolverGroupProvider$DefaultDnsAddressResolverGroupWrapper
instanceKlass io/lettuce/core/internal/LettuceClassUtils
instanceKlass io/netty/resolver/AddressResolverGroup
instanceKlass io/lettuce/core/resource/AddressResolverGroupProvider
instanceKlass io/lettuce/core/resource/Delay$StatefulDelay
instanceKlass io/lettuce/core/resource/Delay
instanceKlass io/netty/util/internal/ObjectUtil
instanceKlass io/netty/util/internal/logging/Slf4JLoggerFactory$NopInstanceHolder
instanceKlass io/netty/util/internal/logging/AbstractInternalLogger
instanceKlass io/netty/util/internal/logging/InternalLogger
instanceKlass io/netty/util/internal/logging/InternalLoggerFactory
instanceKlass io/netty/util/concurrent/Promise
instanceKlass io/netty/util/concurrent/Future
instanceKlass io/netty/util/concurrent/EventExecutor
instanceKlass io/netty/util/concurrent/EventExecutorGroup
instanceKlass io/lettuce/core/resource/NettyCustomizer
instanceKlass io/lettuce/core/resource/DnsResolver
instanceKlass io/lettuce/core/event/metrics/MetricEventPublisher
instanceKlass io/lettuce/core/metrics/CommandLatencyRecorder
instanceKlass io/lettuce/core/event/EventBus
instanceKlass io/netty/util/Timer
instanceKlass io/lettuce/core/resource/EventLoopGroupProvider
instanceKlass org/springframework/boot/autoconfigure/data/redis/RedisConnectionDetails$Standalone
instanceKlass java/time/Duration$1
instanceKlass org/springframework/boot/convert/DurationUnit
instanceKlass org/springframework/boot/convert/DurationFormat
instanceKlass org/springframework/boot/autoconfigure/data/redis/RedisProperties$Lettuce$Cluster$Refresh
instanceKlass org/springframework/boot/autoconfigure/data/redis/RedisProperties$Lettuce$Cluster
instanceKlass com/daijia/model/vo/map/OrderServiceLastLocationVo
instanceKlass com/daijia/model/vo/map/OrderLocationVo
instanceKlass com/daijia/model/form/map/OrderServiceLocationForm
instanceKlass org/springframework/data/geo/Metric
instanceKlass org/springframework/data/mongodb/core/query/CriteriaDefinition
instanceKlass com/daijia/model/form/map/SearchNearByDriverForm
instanceKlass com/daijia/model/form/map/UpdateOrderLocationForm
instanceKlass com/daijia/model/form/map/UpdateDriverLocationForm
instanceKlass com/daijia/common/result/Result
instanceKlass org/springframework/boot/web/servlet/context/WebServerStartStopLifecycle
instanceKlass org/springframework/boot/web/context/WebServerGracefulShutdownLifecycle
instanceKlass org/apache/naming/ContextAccessController
instanceKlass org/apache/naming/StringManager
instanceKlass org/apache/naming/ContextBindings
instanceKlass org/apache/catalina/mapper/WrapperMappingInfo
instanceKlass org/apache/catalina/core/ContainerBase$ContainerBackgroundProcessor
instanceKlass org/apache/catalina/mapper/Mapper$ContextList
instanceKlass org/apache/tomcat/util/threads/Constants
instanceKlass org/apache/tomcat/util/threads/TaskThread$WrappingRunnable
instanceKlass org/apache/catalina/core/ContainerBase$ContainerBackgroundProcessorMonitor
instanceKlass jdk/internal/vm/annotation/IntrinsicCandidate
instanceKlass org/apache/catalina/util/Introspection
instanceKlass org/apache/catalina/core/ApplicationFilterConfig
instanceKlass jakarta/servlet/HttpConstraintElement
instanceKlass org/apache/catalina/core/StandardContext$NoPluggabilityServletContext
instanceKlass org/apache/tomcat/websocket/server/WsContextListener
instanceKlass org/apache/tomcat/websocket/server/WsSessionListener
instanceKlass jakarta/servlet/GenericFilter
instanceKlass java/nio/channels/CompletionHandler
instanceKlass jakarta/websocket/SendHandler
instanceKlass org/apache/tomcat/websocket/server/WsWriteTimeout
instanceKlass org/apache/tomcat/websocket/WsExtension
instanceKlass jakarta/websocket/Extension
instanceKlass org/apache/tomcat/websocket/Constants
instanceKlass jakarta/websocket/CloseReason
instanceKlass jakarta/websocket/HandshakeResponse
instanceKlass jakarta/websocket/Session
instanceKlass jakarta/websocket/EndpointConfig
instanceKlass org/apache/tomcat/websocket/WsRemoteEndpointImplBase
instanceKlass jakarta/websocket/RemoteEndpoint
instanceKlass org/apache/tomcat/websocket/AsyncChannelWrapper
instanceKlass org/apache/tomcat/websocket/ClientEndpointHolder
instanceKlass jakarta/websocket/CloseReason$CloseCode
instanceKlass org/apache/tomcat/websocket/WsWebSocketContainer
instanceKlass org/apache/tomcat/websocket/BackgroundProcess
instanceKlass org/apache/catalina/core/ApplicationFilterRegistration
instanceKlass org/apache/tomcat/util/descriptor/web/Constants
instanceKlass org/apache/catalina/core/ApplicationServletRegistration
instanceKlass org/apache/tomcat/util/modeler/Util
instanceKlass org/apache/catalina/core/StandardWrapperFacade
instanceKlass org/springframework/boot/web/servlet/ServletContextInitializerBeans$ServletListenerRegistrationBeanAdapter
instanceKlass jakarta/servlet/ServletContextListener
instanceKlass jakarta/servlet/http/HttpSessionListener
instanceKlass jakarta/servlet/http/HttpSessionIdListener
instanceKlass jakarta/servlet/http/HttpSessionAttributeListener
instanceKlass jakarta/servlet/ServletRequestAttributeListener
instanceKlass jakarta/servlet/ServletContextAttributeListener
instanceKlass org/apache/catalina/loader/WebappClassLoaderBase$CombinedEnumeration
instanceKlass jakarta/servlet/FilterChain
instanceKlass jakarta/servlet/FilterConfig
instanceKlass org/springframework/boot/web/servlet/ServletContextInitializerBeans$FilterRegistrationBeanAdapter
instanceKlass org/springframework/boot/web/servlet/ServletContextInitializerBeans$ServletRegistrationBeanAdapter
instanceKlass org/springframework/boot/web/servlet/ServletContextInitializerBeans$RegistrationBeanAdapter
instanceKlass org/springframework/web/context/support/ServletContextScope
instanceKlass org/apache/tomcat/InstanceManagerBindings
instanceKlass org/apache/catalina/core/DefaultInstanceManager$AnnotationCacheEntry
instanceKlass org/apache/catalina/core/DefaultInstanceManager
instanceKlass org/apache/catalina/Session
instanceKlass org/apache/tomcat/util/buf/UriUtil
instanceKlass java/security/CodeSigner
instanceKlass java/util/jar/JarVerifier
instanceKlass org/apache/catalina/webresources/StandardRoot$1
instanceKlass org/apache/catalina/webresources/StandardRoot$BaseLocation
instanceKlass org/apache/tomcat/util/descriptor/web/FilterDef
instanceKlass org/apache/catalina/startup/WebAnnotationSet
instanceKlass org/apache/catalina/webresources/EmptyResource
instanceKlass org/apache/tomcat/util/compat/JrePlatform
instanceKlass org/apache/catalina/webresources/CachedResource
instanceKlass org/apache/catalina/security/SecurityUtil
instanceKlass org/apache/tomcat/util/http/RequestUtil
instanceKlass org/apache/catalina/webresources/TomcatURLStreamHandlerFactory
instanceKlass org/apache/catalina/WebResource
instanceKlass org/apache/catalina/webresources/Cache
instanceKlass org/apache/catalina/core/ApplicationSessionCookieConfig
instanceKlass org/apache/catalina/core/ApplicationContextFacade
instanceKlass jakarta/servlet/FilterRegistration$Dynamic
instanceKlass jakarta/servlet/RequestDispatcher
instanceKlass jakarta/servlet/FilterRegistration
instanceKlass jakarta/servlet/SessionCookieConfig
instanceKlass org/apache/catalina/core/ApplicationContext
instanceKlass org/apache/catalina/util/ContextName
instanceKlass org/apache/catalina/core/ContainerBase$StartChild
instanceKlass org/apache/catalina/realm/X509SubjectDnRetriever
instanceKlass org/apache/tomcat/util/threads/ScheduledThreadPoolExecutor
instanceKlass org/apache/tomcat/util/threads/TaskThreadFactory
instanceKlass org/apache/catalina/util/ServerInfo
instanceKlass org/apache/catalina/connector/CoyoteAdapter
instanceKlass org/apache/catalina/Executor
instanceKlass org/apache/catalina/mbeans/MBeanUtils
instanceKlass org/apache/catalina/mbeans/MBeanFactory
instanceKlass org/apache/tomcat/util/buf/StringCache
instanceKlass org/apache/tomcat/util/net/SocketWrapperBase
instanceKlass org/apache/tomcat/util/net/SSLImplementation
instanceKlass org/springframework/boot/web/embedded/tomcat/DisableReferenceClearingContextCustomizer
instanceKlass org/springframework/boot/web/embedded/tomcat/TomcatServletWebServerFactory$DisablePersistSessionListener
instanceKlass org/apache/tomcat/util/buf/UDecoder
instanceKlass org/springframework/boot/web/embedded/tomcat/TomcatStarter
instanceKlass org/apache/catalina/core/StandardHost$MemoryLeakTrackingListener
instanceKlass org/springframework/boot/web/servlet/server/AbstractServletWebServerFactory$SessionConfiguringInitializer
instanceKlass org/apache/catalina/WebResourceSet
instanceKlass org/springframework/boot/web/embedded/tomcat/TomcatServletWebServerFactory$StaticResourceConfigurer
instanceKlass org/apache/tomcat/util/scan/StandardJarScanner
instanceKlass org/apache/tomcat/util/scan/StandardJarScanFilter
instanceKlass org/apache/catalina/util/CharsetMapper
instanceKlass org/apache/catalina/startup/Tomcat$FixContextListener
instanceKlass org/apache/catalina/util/URLEncoder
instanceKlass org/apache/catalina/core/StandardContext$ContextFilterMaps
instanceKlass org/apache/catalina/util/ErrorPageSupport
instanceKlass org/apache/tomcat/util/descriptor/web/XmlEncodingBase
instanceKlass org/apache/tomcat/util/descriptor/web/ApplicationParameter
instanceKlass org/apache/catalina/core/StandardContext$1
instanceKlass org/apache/tomcat/InstanceManager
instanceKlass org/apache/tomcat/JarScanner
instanceKlass org/apache/catalina/ThreadBindingListener
instanceKlass org/apache/catalina/Globals
instanceKlass org/apache/catalina/realm/RealmBase$AllRolesMode
instanceKlass org/apache/catalina/realm/DigestCredentialHandlerBase
instanceKlass org/apache/catalina/realm/X509UsernameRetriever
instanceKlass org/apache/catalina/CredentialHandler
instanceKlass org/apache/catalina/AccessLog
instanceKlass org/apache/catalina/Pipeline
instanceKlass org/apache/tomcat/util/threads/LimitLatch
instanceKlass org/springframework/boot/web/embedded/tomcat/CompressionConnectorCustomizer
instanceKlass org/apache/tomcat/util/buf/CharsetUtil
instanceKlass org/apache/tomcat/util/buf/CharsetCache
instanceKlass org/apache/tomcat/util/buf/B2CConverter
instanceKlass org/apache/coyote/Response
instanceKlass org/apache/coyote/Request
instanceKlass org/apache/tomcat/util/net/SSLHostConfig
instanceKlass org/apache/tomcat/util/XReflectionIntrospectionUtils
instanceKlass org/apache/tomcat/util/IntrospectionUtils
instanceKlass org/apache/catalina/ContainerListener
instanceKlass org/apache/catalina/mapper/Mapper$MapElement
instanceKlass org/apache/catalina/mapper/Mapper
instanceKlass org/apache/tomcat/util/file/ConfigFileLoader
instanceKlass org/apache/tomcat/util/file/ConfigurationSource$1
instanceKlass org/apache/catalina/startup/CatalinaBaseConfigurationSource
instanceKlass org/apache/tomcat/util/descriptor/web/ResourceBase
instanceKlass org/apache/tomcat/util/descriptor/web/Injectable
instanceKlass org/apache/tomcat/util/descriptor/web/NamingResources
instanceKlass java/beans/PropertyChangeListener
instanceKlass java/beans/ChangeListenerMap
instanceKlass java/beans/PropertyChangeSupport
instanceKlass org/apache/coyote/CompressionConfig
instanceKlass org/apache/tomcat/util/collections/SynchronizedStack
instanceKlass org/apache/tomcat/util/modeler/BaseModelMBean
instanceKlass javax/management/modelmbean/ModelMBeanNotificationBroadcaster
instanceKlass org/apache/coyote/AbstractProtocol$ConnectionHandler
instanceKlass org/apache/tomcat/util/net/SocketProperties
instanceKlass org/apache/tomcat/util/net/NioChannel
instanceKlass org/apache/tomcat/util/net/SocketProcessorBase
instanceKlass org/apache/tomcat/util/net/AbstractEndpoint
instanceKlass org/apache/coyote/Adapter
instanceKlass java/io/DeleteOnExitHook$1
instanceKlass java/io/DeleteOnExitHook
instanceKlass sun/nio/fs/WindowsPath$1
instanceKlass java/nio/file/TempFileHelper
instanceKlass org/apache/tomcat/util/ExceptionUtils
instanceKlass org/apache/tomcat/util/compat/JreCompat
instanceKlass org/apache/catalina/Realm
instanceKlass org/apache/catalina/Wrapper
instanceKlass org/apache/catalina/Service
instanceKlass org/apache/tomcat/util/file/ConfigurationSource
instanceKlass org/apache/catalina/Server
instanceKlass org/apache/tomcat/util/modeler/FeatureInfo
instanceKlass org/apache/tomcat/util/modeler/NoDescriptorRegistry$NoJmxMBeanServer
instanceKlass org/apache/tomcat/util/modeler/ManagedBean
instanceKlass org/apache/tomcat/util/modeler/Registry
instanceKlass org/apache/tomcat/util/modeler/RegistryMBean
instanceKlass jakarta/servlet/ServletRegistration$Dynamic
instanceKlass org/springframework/boot/web/servlet/MultipartConfigFactory
instanceKlass org/springframework/boot/context/properties/source/UnboundElementsSourceFilter
instanceKlass jakarta/servlet/Registration$Dynamic
instanceKlass org/springframework/web/context/request/async/WebAsyncManager
instanceKlass org/springframework/web/context/request/AbstractRequestAttributes
instanceKlass org/springframework/web/servlet/ModelAndView
instanceKlass org/springframework/web/servlet/HandlerExecutionChain
instanceKlass org/springframework/web/context/request/async/CallableProcessingInterceptor
instanceKlass org/springframework/context/i18n/LocaleContext
instanceKlass jakarta/servlet/AsyncListener
instanceKlass org/apache/coyote/Processor
instanceKlass org/apache/tomcat/util/net/AbstractEndpoint$Handler
instanceKlass org/springframework/boot/context/properties/PropertyMapper$NullPointerExceptionSafeSupplier
instanceKlass org/springframework/util/function/SingletonSupplier
instanceKlass org/springframework/boot/context/properties/PropertyMapper$Source
instanceKlass org/springframework/boot/context/properties/PropertyMapper$SourceOperator
instanceKlass org/springframework/boot/context/properties/PropertyMapper
instanceKlass org/springframework/boot/util/LambdaSafe$InvocationResult
instanceKlass org/springframework/boot/util/LambdaSafe$GenericTypeFilter
instanceKlass org/springframework/boot/util/LambdaSafe$Filter
instanceKlass org/springframework/boot/util/LambdaSafe$LambdaSafeCallback
instanceKlass org/springframework/boot/util/LambdaSafe
instanceKlass java/util/function/ObjIntConsumer
instanceKlass org/springframework/boot/ssl/DefaultSslBundleRegistry$RegisteredSslBundle
instanceKlass org/springframework/boot/ssl/SslStoreBundle
instanceKlass org/springframework/boot/autoconfigure/ssl/PropertiesSslBundle
instanceKlass org/springframework/boot/autoconfigure/ssl/SslBundleProperties
instanceKlass org/springframework/boot/autoconfigure/ssl/SslProperties$Bundles$Watch$File
instanceKlass org/springframework/boot/autoconfigure/ssl/SslProperties$Bundles$Watch
instanceKlass org/springframework/boot/context/properties/bind/Nested
instanceKlass org/springframework/boot/context/properties/NestedConfigurationProperty
instanceKlass org/springframework/boot/autoconfigure/web/ServerProperties$Undertow$Options
instanceKlass org/springframework/boot/autoconfigure/web/ServerProperties$Undertow$Threads
instanceKlass org/springframework/boot/autoconfigure/web/ServerProperties$Undertow$Accesslog
instanceKlass org/springframework/boot/autoconfigure/web/ServerProperties$Jetty$Threads
instanceKlass org/springframework/boot/autoconfigure/web/ServerProperties$Jetty$Accesslog
instanceKlass org/springframework/boot/autoconfigure/web/ServerProperties$Tomcat$Remoteip
instanceKlass org/springframework/boot/autoconfigure/web/ServerProperties$Tomcat$Mbeanregistry
instanceKlass org/springframework/boot/autoconfigure/web/ServerProperties$Tomcat$Resource
instanceKlass org/springframework/boot/autoconfigure/web/ServerProperties$Tomcat$Threads
instanceKlass org/springframework/boot/autoconfigure/web/ServerProperties$Tomcat$Accesslog
instanceKlass org/springframework/boot/autoconfigure/web/ServerProperties$Reactive$Session
instanceKlass org/springframework/boot/web/servlet/server/Encoding
instanceKlass org/springframework/boot/autoconfigure/web/ErrorProperties$Whitelabel
instanceKlass org/springframework/boot/web/servlet/WebListenerRegistrar
instanceKlass org/springframework/boot/ssl/SslBundle
instanceKlass org/springframework/boot/web/servlet/server/CookieSameSiteSupplier
instanceKlass org/springframework/boot/web/server/ErrorPage
instanceKlass org/springframework/boot/web/server/SslStoreProvider
instanceKlass org/apache/catalina/Host
instanceKlass org/apache/coyote/AbstractProtocol
instanceKlass org/apache/coyote/ProtocolHandler
instanceKlass org/springframework/boot/web/embedded/tomcat/TomcatWebServer
instanceKlass org/apache/catalina/Engine
instanceKlass org/springframework/beans/factory/support/DefaultListableBeanFactory$FactoryAwareOrderSourceProvider
instanceKlass org/springframework/boot/web/embedded/tomcat/TldPatterns
instanceKlass java/util/logging/LogRecord
instanceKlass org/apache/tomcat/jni/Sockaddr
instanceKlass org/apache/tomcat/jni/FileInfo
instanceKlass org/apache/tomcat/jni/Library
instanceKlass org/apache/catalina/core/AprStatus
instanceKlass org/apache/catalina/core/AprLifecycleListener
instanceKlass org/springframework/boot/web/servlet/server/StaticResourceJars
instanceKlass org/springframework/boot/web/servlet/server/DocumentRoot
instanceKlass org/springframework/boot/web/servlet/server/Jsp
instanceKlass org/springframework/boot/web/server/MimeMappings$Mapping
instanceKlass org/springframework/boot/web/server/MimeMappings
instanceKlass org/springframework/boot/web/servlet/server/SessionStoreDirectory
instanceKlass org/springframework/boot/web/server/Cookie
instanceKlass org/springframework/boot/web/servlet/server/Session
instanceKlass org/apache/tomcat/JarScanFilter
instanceKlass org/apache/catalina/Context
instanceKlass org/apache/tomcat/ContextBind
instanceKlass org/apache/catalina/Loader
instanceKlass org/apache/tomcat/util/security/PermissionCheck
instanceKlass org/apache/juli/WebappProperties
instanceKlass org/apache/tomcat/InstrumentableClassLoader
instanceKlass org/apache/catalina/WebResourceRoot
instanceKlass org/springframework/boot/web/server/WebServer
instanceKlass org/apache/catalina/LifecycleListener
instanceKlass org/apache/catalina/Manager
instanceKlass org/springframework/boot/web/embedded/tomcat/TomcatProtocolHandlerCustomizer
instanceKlass org/springframework/boot/web/embedded/tomcat/TomcatContextCustomizer
instanceKlass org/springframework/boot/web/embedded/tomcat/TomcatConnectorCustomizer
instanceKlass org/springframework/ui/context/Theme
instanceKlass org/springframework/ui/context/support/ResourceBundleThemeSource
instanceKlass org/springframework/ui/context/HierarchicalThemeSource
instanceKlass org/springframework/ui/context/support/UiApplicationContextUtils
instanceKlass org/springframework/web/reactive/function/client/ExchangeFunction
instanceKlass org/springframework/web/reactive/function/client/ClientRequest
instanceKlass org/springframework/http/client/ClientHttpResponse
instanceKlass org/springframework/http/HttpInputMessage
instanceKlass org/springframework/http/client/ClientHttpRequestExecution
instanceKlass org/springframework/http/HttpRequest
instanceKlass org/springframework/aop/IntroductionAdvisor
instanceKlass org/springframework/aop/IntroductionInfo
instanceKlass org/springframework/aop/aspectj/AspectJProxyUtils
instanceKlass org/springframework/aop/framework/autoproxy/ProxyCreationContext
instanceKlass org/springframework/data/projection/MethodInterceptorFactory
instanceKlass org/springframework/data/projection/DefaultMethodInvokingMethodInterceptor
instanceKlass org/springframework/data/util/NullableWrapper
instanceKlass org/springframework/data/util/NullableWrapperConverters$WrapperType
instanceKlass org/springframework/data/util/NullableWrapperConverters$AbstractWrapperTypeConverter
instanceKlass org/springframework/data/util/NullableWrapperConverters
instanceKlass org/springframework/data/convert/Jsr310Converters
instanceKlass org/springframework/data/projection/ProjectionInformation
instanceKlass org/springframework/data/projection/ProxyProjectionFactory
instanceKlass org/springframework/data/projection/ProjectionFactory
instanceKlass org/springframework/validation/BindingResult
instanceKlass org/springframework/web/ErrorResponse
instanceKlass org/springframework/web/method/annotation/ModelAttributeMethodProcessor
instanceKlass org/springframework/web/method/support/HandlerMethodReturnValueHandler
instanceKlass org/springframework/beans/factory/support/DefaultListableBeanFactory$DependencyObjectProvider
instanceKlass com/mongodb/annotations/Immutable
instanceKlass org/aspectj/lang/annotation/Aspect
instanceKlass org/springframework/aop/TrueMethodMatcher
instanceKlass org/springframework/aop/support/annotation/AnnotationClassFilter
instanceKlass org/springframework/aop/MethodMatcher
instanceKlass org/springframework/aop/ClassFilter
instanceKlass org/springframework/aop/support/annotation/AnnotationMatchingPointcut
instanceKlass org/springframework/dao/support/PersistenceExceptionTranslationInterceptor
instanceKlass org/springframework/aop/Advisor$1
instanceKlass org/springframework/aop/Pointcut
instanceKlass org/springframework/aop/support/AbstractPointcutAdvisor
instanceKlass org/springframework/aop/PointcutAdvisor
instanceKlass org/springframework/data/repository/core/support/RepositoryFactoryCustomizer
instanceKlass org/springframework/data/repository/core/RepositoryInformation
instanceKlass org/springframework/data/repository/core/EntityInformation
instanceKlass org/springframework/data/repository/core/EntityMetadata
instanceKlass org/springframework/data/repository/query/QueryMethodEvaluationContextProvider
instanceKlass org/springframework/data/mongodb/core/index/IndexOperations
instanceKlass org/springframework/data/repository/core/support/QueryCreationListener
instanceKlass org/springframework/data/repository/core/support/RepositoryProxyPostProcessor
instanceKlass org/springframework/data/repository/core/support/RepositoryComposition
instanceKlass org/springframework/data/repository/core/support/RepositoryInvocationMulticaster
instanceKlass org/springframework/aop/aspectj/annotation/AbstractAspectJAdvisorFactory$AspectJAnnotationParameterNameDiscoverer
instanceKlass org/springframework/util/comparator/Comparators
instanceKlass org/springframework/util/comparator/InstanceComparator
instanceKlass org/springframework/core/convert/converter/ConvertingComparator
instanceKlass org/aspectj/lang/annotation/AfterThrowing
instanceKlass org/aspectj/lang/annotation/AfterReturning
instanceKlass org/aspectj/lang/annotation/After
instanceKlass org/aspectj/lang/annotation/Before
instanceKlass org/aspectj/lang/annotation/Around
instanceKlass org/aspectj/lang/annotation/Pointcut
instanceKlass org/springframework/aop/AfterReturningAdvice
instanceKlass org/springframework/aop/AfterAdvice
instanceKlass org/springframework/aop/MethodBeforeAdvice
instanceKlass org/springframework/aop/BeforeAdvice
instanceKlass org/springframework/aop/aspectj/AbstractAspectJAdvice
instanceKlass org/springframework/aop/aspectj/AspectJPrecedenceInformation
instanceKlass org/springframework/aop/aspectj/annotation/MetadataAwareAspectInstanceFactory
instanceKlass org/springframework/aop/aspectj/AspectInstanceFactory
instanceKlass org/springframework/aop/aspectj/annotation/AbstractAspectJAdvisorFactory
instanceKlass org/springframework/core/convert/support/NumberToNumberConverterFactory$NumberToNumber
instanceKlass org/springframework/aop/framework/adapter/ThrowsAdviceAdapter
instanceKlass org/springframework/aop/framework/adapter/AfterReturningAdviceAdapter
instanceKlass org/springframework/aop/framework/adapter/MethodBeforeAdviceAdapter
instanceKlass org/springframework/aop/framework/adapter/AdvisorAdapter
instanceKlass org/springframework/aop/framework/adapter/DefaultAdvisorAdapterRegistry
instanceKlass org/springframework/aop/framework/adapter/GlobalAdvisorAdapterRegistry
instanceKlass org/springframework/aop/aspectj/autoproxy/AspectJPrecedenceComparator
instanceKlass org/springframework/aop/framework/autoproxy/TargetSourceCreator
instanceKlass org/springframework/aop/framework/adapter/AdvisorAdapterRegistry
instanceKlass org/springframework/aop/Advisor
instanceKlass org/springframework/aop/aspectj/annotation/BeanFactoryAspectJAdvisorsBuilder
instanceKlass org/springframework/aop/aspectj/annotation/AspectJAdvisorFactory
instanceKlass org/springframework/aop/framework/autoproxy/BeanFactoryAdvisorRetrievalHelper
instanceKlass org/springdoc/core/properties/SpringDocConfigProperties$GroupConfig
instanceKlass org/springdoc/core/properties/SpringDocConfigProperties$SortConverter
instanceKlass org/springdoc/core/properties/SpringDocConfigProperties$ModelConverters
instanceKlass org/springdoc/core/properties/SpringDocConfigProperties$Cache
instanceKlass org/springdoc/core/properties/SpringDocConfigProperties$ApiDocs
instanceKlass org/springdoc/core/properties/SpringDocConfigProperties$Webjars
instanceKlass org/springdoc/core/configurer/SpringdocBeanFactoryConfigurer
instanceKlass org/springframework/http/HttpEntity
instanceKlass org/springdoc/core/converters/ConverterUtils
instanceKlass org/springframework/web/context/request/async/DeferredResult
instanceKlass com/fasterxml/jackson/core/type/TypeReference
instanceKlass org/springdoc/core/utils/SpringDocUtils
instanceKlass org/springframework/boot/autoconfigure/flyway/FlywayMigrationInitializer
instanceKlass org/springframework/boot/sql/init/AbstractScriptDatabaseInitializer
instanceKlass org/springframework/boot/sql/init/dependency/BeansOfTypeDetector
instanceKlass org/springframework/boot/sql/init/dependency/DatabaseInitializationDependencyConfigurer$DependsOnDatabaseInitializationPostProcessor$InitializerBeanNames
instanceKlass org/springframework/boot/sql/init/dependency/AbstractBeansOfTypeDatabaseInitializerDetector
instanceKlass org/springframework/boot/sql/init/dependency/DatabaseInitializerDetector
instanceKlass org/springframework/cglib/proxy/Enhancer$EnhancerFactoryData
instanceKlass org/springframework/cglib/reflect/FastClassEmitter$2
instanceKlass org/springframework/cglib/core/Block
instanceKlass org/springframework/cglib/core/EmitUtils$7
instanceKlass org/springframework/cglib/core/EmitUtils$6
instanceKlass org/springframework/cglib/core/EmitUtils$ParameterTyper
instanceKlass org/springframework/cglib/reflect/FastClassEmitter$GetIndexCallback
instanceKlass org/springframework/cglib/reflect/FastClassEmitter$1
instanceKlass org/springframework/cglib/reflect/FastClass
instanceKlass org/springframework/cglib/proxy/MethodProxy$FastClassInfo
instanceKlass org/springframework/cglib/proxy/MethodProxy$CreateInfo
instanceKlass org/springframework/cglib/proxy/MethodProxy
instanceKlass org/springframework/cglib/core/ClassNameReader
instanceKlass org/springframework/asm/Handler
instanceKlass org/springframework/cglib/core/Local
instanceKlass org/springframework/cglib/core/EmitUtils$3
instanceKlass java/util/DualPivotQuicksort
instanceKlass org/springframework/cglib/proxy/MethodInterceptorGenerator$1
instanceKlass org/springframework/asm/Edge
instanceKlass org/springframework/cglib/core/EmitUtils$ArrayDelimiters
instanceKlass org/springframework/cglib/core/ProcessArrayCallback
instanceKlass org/springframework/cglib/core/EmitUtils
instanceKlass org/springframework/cglib/proxy/Enhancer$4
instanceKlass org/springframework/cglib/core/LocalVariablesSorter$State
instanceKlass org/springframework/asm/Label
instanceKlass org/springframework/asm/Frame
instanceKlass org/springframework/cglib/proxy/BridgeMethodResolver
instanceKlass org/springframework/cglib/core/ClassEmitter$FieldInfo
instanceKlass org/springframework/cglib/core/MethodInfoTransformer
instanceKlass java/util/AbstractList$SubList$1
instanceKlass org/springframework/cglib/core/DuplicatesPredicate
instanceKlass org/springframework/cglib/core/RejectModifierPredicate
instanceKlass org/springframework/cglib/core/MethodWrapper
instanceKlass org/springframework/cglib/proxy/Factory
instanceKlass org/springframework/cglib/core/VisibilityPredicate
instanceKlass org/springframework/cglib/transform/TransformingClassGenerator
instanceKlass org/springframework/asm/ByteVector
instanceKlass org/springframework/asm/Symbol
instanceKlass org/springframework/asm/SymbolTable
instanceKlass org/springframework/asm/RecordComponentVisitor
instanceKlass org/springframework/asm/ModuleVisitor
instanceKlass org/springframework/asm/FieldVisitor
instanceKlass java/lang/invoke/DirectMethodHandle$1
instanceKlass java/lang/runtime/ObjectMethods$1
instanceKlass sun/invoke/util/ValueConversions$WrapperCache
instanceKlass java/lang/invoke/MethodHandleImpl$Makers$2
instanceKlass java/lang/invoke/MethodHandleImpl$Makers$1
instanceKlass java/lang/invoke/MethodHandleImpl$Makers
instanceKlass java/lang/runtime/ObjectMethods
instanceKlass org/springframework/cglib/core/internal/LoadingCache
instanceKlass org/springframework/cglib/core/AbstractClassGenerator$ClassLoaderData
instanceKlass org/springframework/cglib/core/MethodInfo
instanceKlass org/springframework/cglib/core/ClassInfo
instanceKlass org/springframework/cglib/core/ReflectUtils
instanceKlass org/springframework/cglib/proxy/ProxyRefDispatcher
instanceKlass org/springframework/cglib/proxy/FixedValueGenerator
instanceKlass org/springframework/cglib/proxy/FixedValue
instanceKlass org/springframework/cglib/proxy/DispatcherGenerator
instanceKlass org/springframework/cglib/proxy/Dispatcher
instanceKlass org/springframework/cglib/proxy/LazyLoaderGenerator
instanceKlass org/springframework/cglib/proxy/LazyLoader
instanceKlass org/springframework/cglib/proxy/InvocationHandlerGenerator
instanceKlass org/springframework/cglib/proxy/InvocationHandler
instanceKlass org/springframework/cglib/proxy/MethodInterceptorGenerator
instanceKlass org/springframework/cglib/proxy/NoOpGenerator
instanceKlass org/springframework/cglib/proxy/CallbackGenerator
instanceKlass org/springframework/cglib/proxy/CallbackInfo
instanceKlass org/springframework/cglib/core/SpringNamingPolicy
instanceKlass org/springframework/cglib/core/DefaultNamingPolicy
instanceKlass org/springframework/cglib/core/DefaultGeneratorStrategy
instanceKlass org/springframework/cglib/core/AsmApi
instanceKlass org/springframework/cglib/core/Constants
instanceKlass org/springframework/cglib/core/Signature
instanceKlass org/springframework/cglib/core/CollectionUtils
instanceKlass org/springframework/cglib/core/TypeUtils
instanceKlass org/springframework/cglib/core/AbstractClassGenerator$Source
instanceKlass org/springframework/cglib/core/ObjectSwitchCallback
instanceKlass org/springframework/cglib/core/Transformer
instanceKlass org/springframework/cglib/core/ProcessSwitchCallback
instanceKlass org/springframework/cglib/proxy/CallbackGenerator$Context
instanceKlass org/springframework/cglib/core/Predicate
instanceKlass org/springframework/cglib/core/AbstractClassGenerator
instanceKlass org/springframework/cglib/core/ClassGenerator
instanceKlass org/springframework/objenesis/instantiator/ObjectInstantiator
instanceKlass org/springframework/objenesis/strategy/BaseInstantiatorStrategy
instanceKlass org/springframework/objenesis/strategy/InstantiatorStrategy
instanceKlass org/springframework/objenesis/SpringObjenesis
instanceKlass org/springframework/objenesis/Objenesis
instanceKlass org/springframework/context/annotation/ConfigurationClassEnhancer$ConditionalCallbackFilter
instanceKlass org/springframework/cglib/proxy/NoOp$1
instanceKlass org/springframework/cglib/proxy/NoOp
instanceKlass org/springframework/context/annotation/ConfigurationClassEnhancer$BeanFactoryAwareMethodInterceptor
instanceKlass org/springframework/context/annotation/ConfigurationClassEnhancer$BeanMethodInterceptor
instanceKlass org/springframework/context/annotation/ConfigurationClassEnhancer$ConditionalCallback
instanceKlass org/springframework/cglib/proxy/MethodInterceptor
instanceKlass org/springframework/cglib/proxy/Callback
instanceKlass org/springframework/cglib/proxy/CallbackFilter
instanceKlass org/springframework/cglib/core/GeneratorStrategy
instanceKlass org/springframework/cglib/core/NamingPolicy
instanceKlass org/springframework/context/annotation/ConfigurationClassEnhancer
instanceKlass org/slf4j/helpers/BasicMarker
instanceKlass org/slf4j/MarkerFactory
instanceKlass org/apache/ibatis/logging/slf4j/Slf4jLocationAwareLoggerImpl
instanceKlass org/apache/ibatis/logging/slf4j/Slf4jImpl
instanceKlass org/apache/ibatis/logging/Log
instanceKlass org/apache/ibatis/logging/LogFactory
instanceKlass org/mybatis/logging/Logger
instanceKlass org/mybatis/logging/LoggerFactory
instanceKlass org/mybatis/spring/SqlSessionTemplate
instanceKlass org/apache/ibatis/session/SqlSession
instanceKlass org/springframework/cloud/context/scope/StandardScopeCache
instanceKlass org/springframework/cloud/context/scope/GenericScope$BeanLifecycleWrapperCache
instanceKlass org/springframework/cloud/context/scope/ScopeCache
instanceKlass org/springframework/boot/jdbc/DataSourceBuilder
instanceKlass org/springframework/aot/hint/RuntimeHints
instanceKlass org/springframework/aot/hint/annotation/ReflectiveRuntimeHintsRegistrar
instanceKlass org/springframework/data/repository/config/RepositoryRegistrationAotContribution
instanceKlass org/springframework/data/keyvalue/core/KeyValueCallback
instanceKlass org/springframework/data/keyvalue/core/IdentifierGenerator
instanceKlass org/springframework/data/redis/listener/RedisMessageListenerContainer
instanceKlass org/springframework/data/redis/core/TimeToLive
instanceKlass org/springframework/data/redis/core/RedisKeyValueAdapter$RedisUpdateObject
instanceKlass org/springframework/data/util/CloseableIterator
instanceKlass org/springframework/data/redis/core/RedisCallback
instanceKlass org/springframework/data/keyvalue/core/QueryEngine
instanceKlass org/springframework/data/redis/core/PartialUpdate$PropertyUpdate
instanceKlass org/springframework/data/redis/core/PartialUpdate
instanceKlass org/springframework/data/mapping/Association
instanceKlass org/springframework/data/mapping/model/EntityInstantiators
instanceKlass org/springframework/data/mapping/PersistentPropertyAccessor
instanceKlass org/springframework/data/redis/core/convert/Bucket
instanceKlass org/springframework/data/redis/core/convert/RedisData
instanceKlass org/springframework/data/mapping/model/ParameterValueProvider
instanceKlass org/springframework/data/mapping/model/PropertyValueProvider
instanceKlass org/springframework/data/redis/core/convert/IndexResolver
instanceKlass org/springframework/data/redis/core/convert/RedisTypeMapper
instanceKlass org/springframework/data/convert/TypeMapper
instanceKlass org/springframework/data/mapping/model/Property
instanceKlass org/springframework/data/redis/core/mapping/RedisPersistentEntity
instanceKlass org/springframework/data/mapping/model/AbstractPersistentProperty
instanceKlass org/springframework/data/redis/core/TimeToLiveAccessor
instanceKlass org/springframework/data/keyvalue/core/mapping/KeySpaceResolver
instanceKlass org/springframework/data/keyvalue/core/mapping/KeyValuePersistentEntity
instanceKlass org/springframework/data/mapping/model/MutablePersistentEntity
instanceKlass org/springframework/data/mapping/PersistentProperty
instanceKlass org/springframework/data/mapping/model/SimpleTypeHolder
instanceKlass org/springframework/data/spel/EvaluationContextProvider
instanceKlass org/springframework/data/mapping/PersistentEntity
instanceKlass org/springframework/data/mapping/model/PersistentPropertyAccessorFactory
instanceKlass org/springframework/data/redis/core/convert/KeyspaceConfiguration$KeyspaceSettings
instanceKlass org/springframework/data/redis/core/index/IndexDefinition
instanceKlass org/springframework/data/repository/config/AotRepositoryContext
instanceKlass org/springframework/data/aot/AotContext
instanceKlass org/springframework/aot/generate/GenerationContext
instanceKlass org/springframework/lang/NonNull
instanceKlass org/springframework/data/repository/core/support/RepositoryFragment
instanceKlass org/springframework/transaction/support/AbstractPlatformTransactionManager
instanceKlass org/springframework/transaction/ConfigurableTransactionManager
instanceKlass org/springframework/cloud/client/actuator/HasFeatures
instanceKlass org/springframework/cloud/openfeign/aot/FeignChildContextInitializer
instanceKlass org/springframework/cloud/openfeign/aot/FeignClientBeanFactoryInitializationAotProcessor
instanceKlass feign/Capability
instanceKlass org/aopalliance/intercept/MethodInterceptor
instanceKlass org/aopalliance/intercept/Interceptor
instanceKlass org/aopalliance/aop/Advice
instanceKlass org/springframework/cloud/openfeign/support/FeignEncoderProperties
instanceKlass org/springframework/cloud/openfeign/FeignClientProperties
instanceKlass org/springframework/cloud/openfeign/FeignAutoConfiguration$FeignJacksonConfiguration
instanceKlass org/springframework/cloud/openfeign/FeignAutoConfiguration$DefaultFeignTargeterConfiguration
instanceKlass org/springframework/cloud/openfeign/Targeter
instanceKlass org/springframework/cloud/openfeign/support/FeignHttpClientProperties$Http2Properties
instanceKlass org/springframework/cloud/openfeign/support/FeignHttpClientProperties$OkHttp
instanceKlass org/springframework/cloud/openfeign/support/FeignHttpClientProperties$Hc5Properties
instanceKlass org/springframework/cloud/openfeign/loadbalancer/XForwardedHeadersTransformer
instanceKlass org/springframework/cloud/openfeign/loadbalancer/LoadBalancerFeignRequestTransformer
instanceKlass org/springframework/cloud/openfeign/loadbalancer/FeignLoadBalancerAutoConfiguration
instanceKlass org/springframework/cloud/openfeign/loadbalancer/Http2ClientFeignLoadBalancerConfiguration
instanceKlass org/springframework/cloud/openfeign/loadbalancer/HttpClient5FeignLoadBalancerConfiguration
instanceKlass org/springframework/cloud/openfeign/loadbalancer/OkHttpFeignLoadBalancerConfiguration
instanceKlass org/springframework/cloud/openfeign/support/FeignHttpClientProperties
instanceKlass org/springframework/cloud/openfeign/FeignAutoConfiguration
instanceKlass org/springframework/cloud/openfeign/loadbalancer/DefaultFeignLoadBalancerConfiguration
instanceKlass org/springframework/cloud/client/loadbalancer/LoadBalancedRetryFactory
instanceKlass org/springframework/cloud/loadbalancer/config/LoadBalancerCacheAutoConfiguration
instanceKlass org/springframework/cloud/loadbalancer/config/LoadBalancerCacheAutoConfiguration$LoadBalancerCaffeineWarnLogger
instanceKlass org/springframework/cloud/loadbalancer/config/LoadBalancerCacheAutoConfiguration$LoadBalancerCacheManagerWarnConfiguration
instanceKlass org/springframework/cloud/loadbalancer/cache/LoadBalancerCacheProperties$Caffeine
instanceKlass org/springframework/cloud/loadbalancer/cache/LoadBalancerCacheProperties
instanceKlass org/springframework/cloud/loadbalancer/config/LoadBalancerCacheAutoConfiguration$DefaultLoadBalancerCacheManagerConfiguration
instanceKlass org/springframework/cloud/configuration/SpringBootVersionVerifier
instanceKlass org/springframework/cloud/configuration/SleuthPresentVerifier
instanceKlass org/springframework/cloud/configuration/CompatibilityVerifier
instanceKlass org/springframework/cloud/configuration/CompositeCompatibilityVerifier
instanceKlass org/springframework/cloud/configuration/CompatibilityVerifierAutoConfiguration
instanceKlass org/springframework/cloud/loadbalancer/cache/LoadBalancerCacheManager
instanceKlass org/springframework/cloud/configuration/CompatibilityVerifierProperties
instanceKlass org/springframework/cloud/commons/util/UtilAutoConfiguration
instanceKlass org/springframework/cloud/commons/security/ResourceServerTokenRelayAutoConfiguration
instanceKlass org/springframework/cloud/commons/security/ResourceServerTokenRelayAutoConfiguration$ResourceServerTokenRelayRegistrationAutoConfiguration
instanceKlass org/springframework/cloud/commons/config/DefaultsBindHandlerAdvisor
instanceKlass org/springframework/cloud/commons/config/CommonsConfigAutoConfiguration
instanceKlass org/springframework/cloud/client/serviceregistry/ServiceRegistryAutoConfiguration
instanceKlass org/springframework/cloud/client/loadbalancer/reactive/RetryableLoadBalancerExchangeFilterFunction
instanceKlass org/springframework/cloud/client/loadbalancer/reactive/LoadBalancerRetryPolicy$Factory
instanceKlass org/springframework/cglib/core/internal/Function
instanceKlass org/springframework/cloud/client/loadbalancer/reactive/ReactorLoadBalancerExchangeFilterFunction
instanceKlass org/springframework/cloud/client/loadbalancer/reactive/LoadBalancerWebClientBuilderBeanPostProcessor
instanceKlass org/springframework/cloud/client/loadbalancer/reactive/LoadBalancedExchangeFilterFunction
instanceKlass org/springframework/cloud/client/loadbalancer/reactive/DeferringLoadBalancerExchangeFilterFunction
instanceKlass org/springframework/web/reactive/function/client/ExchangeFilterFunction
instanceKlass org/springframework/cloud/client/loadbalancer/reactive/LoadBalancerBeanPostProcessorAutoConfiguration$ReactorDeferringLoadBalancerFilterConfig
instanceKlass org/springframework/cloud/commons/config/DefaultsBindHandlerAdvisor$MappingsProvider
instanceKlass org/springframework/cloud/client/loadbalancer/LoadBalancerDefaultMappingsProviderAutoConfiguration
instanceKlass org/springframework/cloud/client/loadbalancer/LoadBalancerRestClientBuilderBeanPostProcessor
instanceKlass org/springframework/cloud/client/loadbalancer/LoadBalancerAutoConfiguration$DeferringLoadBalancerInterceptorConfig
instanceKlass org/springframework/cloud/client/loadbalancer/DeferringLoadBalancerInterceptor
instanceKlass org/springframework/cloud/client/loadbalancer/LoadBalancerInterceptor
instanceKlass org/springframework/cloud/client/loadbalancer/BlockingLoadBalancerInterceptor
instanceKlass org/springframework/http/client/ClientHttpRequestInterceptor
instanceKlass org/springframework/cloud/client/loadbalancer/LoadBalancerRequestFactory
instanceKlass org/springframework/cloud/client/loadbalancer/LoadBalancerAutoConfiguration$LoadBalancerInterceptorConfig
instanceKlass org/springframework/cloud/client/loadbalancer/RestTemplateCustomizer
instanceKlass org/springframework/cloud/loadbalancer/core/LoadBalancerServiceInstanceCookieTransformer
instanceKlass org/springframework/cloud/loadbalancer/blocking/XForwardedHeadersTransformer
instanceKlass org/springframework/cloud/client/loadbalancer/LoadBalancerRequestTransformer
instanceKlass org/springframework/cloud/loadbalancer/config/BlockingLoadBalancerClientAutoConfiguration
instanceKlass org/springframework/cloud/client/loadbalancer/LoadBalancerAutoConfiguration
instanceKlass org/springframework/cloud/loadbalancer/annotation/LoadBalancerClientSpecification
instanceKlass org/springframework/cloud/loadbalancer/support/LoadBalancerEagerContextInitializer
instanceKlass org/springframework/cloud/loadbalancer/aot/LoadBalancerChildContextInitializer
instanceKlass org/springframework/cloud/loadbalancer/config/LoadBalancerAutoConfiguration
instanceKlass org/springframework/cloud/client/discovery/simple/reactive/SimpleReactiveDiscoveryClient
instanceKlass org/springframework/cloud/client/discovery/simple/reactive/SimpleReactiveDiscoveryProperties
instanceKlass org/springframework/cloud/client/discovery/simple/reactive/SimpleReactiveDiscoveryClientAutoConfiguration
instanceKlass org/springframework/cloud/loadbalancer/config/LoadBalancerZoneConfig
instanceKlass org/springframework/cloud/client/loadbalancer/reactive/LoadBalancerBeanPostProcessorAutoConfiguration
instanceKlass org/springframework/cloud/client/loadbalancer/reactive/ReactorLoadBalancerClientAutoConfiguration
instanceKlass org/springframework/cloud/client/loadbalancer/LoadBalancerEagerLoadProperties
instanceKlass org/springframework/cloud/client/loadbalancer/LoadBalancerProperties
instanceKlass org/springframework/cloud/client/discovery/health/DiscoveryClientHealthIndicatorProperties
instanceKlass org/springframework/cloud/client/discovery/composite/CompositeDiscoveryClient
instanceKlass org/springframework/cloud/client/discovery/composite/CompositeDiscoveryClientAutoConfiguration
instanceKlass org/springframework/cloud/client/discovery/simple/SimpleDiscoveryProperties
instanceKlass org/springframework/cloud/autoconfigure/LifecycleMvcEndpointAutoConfiguration
instanceKlass org/springframework/cloud/context/environment/EnvironmentManager
instanceKlass org/springframework/boot/autoconfigure/web/servlet/MultipartAutoConfiguration
instanceKlass org/springframework/boot/autoconfigure/web/servlet/HttpEncodingAutoConfiguration$LocaleCharsetMappingsCustomizer
instanceKlass org/springframework/boot/autoconfigure/web/servlet/MultipartProperties
instanceKlass org/springframework/boot/autoconfigure/web/servlet/HttpEncodingAutoConfiguration
instanceKlass org/springframework/boot/autoconfigure/web/reactive/function/client/AutoConfiguredWebClientSsl
instanceKlass org/springframework/boot/autoconfigure/web/reactive/function/client/WebClientSsl
instanceKlass org/springframework/boot/autoconfigure/web/reactive/function/client/WebClientAutoConfiguration
instanceKlass org/springframework/boot/autoconfigure/web/reactive/function/client/WebClientAutoConfiguration$WebClientCodecsConfiguration
instanceKlass org/springframework/boot/autoconfigure/web/reactive/function/client/WebClientCodecCustomizer
instanceKlass org/springframework/web/reactive/function/client/WebClient$Builder
instanceKlass org/springframework/boot/web/reactive/function/client/WebClientCustomizer
instanceKlass org/springframework/boot/autoconfigure/web/reactive/function/client/ClientHttpConnectorAutoConfiguration
instanceKlass org/springframework/boot/autoconfigure/web/reactive/function/client/JdkClientHttpConnectorFactory
instanceKlass org/springframework/http/client/reactive/ClientHttpConnector
instanceKlass org/springframework/boot/autoconfigure/web/reactive/function/client/ClientHttpConnectorFactoryConfiguration$JdkClient
instanceKlass org/springframework/boot/autoconfigure/web/reactive/function/client/ClientHttpConnectorFactoryConfiguration$HttpClient5
instanceKlass org/springframework/boot/autoconfigure/web/reactive/function/client/ClientHttpConnectorFactoryConfiguration$ReactorNetty
instanceKlass org/springframework/boot/autoconfigure/web/embedded/EmbeddedWebServerFactoryCustomizerAutoConfiguration
instanceKlass org/springframework/boot/autoconfigure/web/embedded/TomcatVirtualThreadsWebServerFactoryCustomizer
instanceKlass org/springframework/boot/autoconfigure/web/embedded/TomcatWebServerFactoryCustomizer
instanceKlass org/springframework/boot/autoconfigure/web/embedded/EmbeddedWebServerFactoryCustomizerAutoConfiguration$TomcatWebServerFactoryCustomizerConfiguration
instanceKlass org/springframework/boot/autoconfigure/web/reactive/function/client/ClientHttpConnectorFactory
instanceKlass org/springframework/boot/autoconfigure/web/client/RestTemplateBuilderConfigurer
instanceKlass org/springframework/boot/autoconfigure/web/client/RestTemplateAutoConfiguration
instanceKlass org/springframework/boot/web/client/RestTemplateBuilder
instanceKlass org/springframework/boot/autoconfigure/web/client/AutoConfiguredRestClientSsl
instanceKlass org/springframework/boot/autoconfigure/web/client/RestClientSsl
instanceKlass org/springframework/web/client/RestClient$Builder
instanceKlass org/springframework/boot/autoconfigure/web/client/RestClientBuilderConfigurer
instanceKlass org/springframework/boot/autoconfigure/web/client/RestClientAutoConfiguration
instanceKlass org/springframework/boot/autoconfigure/web/client/HttpMessageConvertersRestClientCustomizer
instanceKlass org/springframework/boot/web/client/RestClientCustomizer
instanceKlass org/springframework/transaction/ReactiveTransactionManager
instanceKlass org/springframework/boot/autoconfigure/jdbc/DataSourceTransactionManagerAutoConfiguration
instanceKlass org/springframework/boot/autoconfigure/jdbc/DataSourceProperties$Xa
instanceKlass org/springframework/boot/autoconfigure/jdbc/DataSourceProperties
instanceKlass org/springframework/boot/autoconfigure/task/TaskSchedulingAutoConfiguration
instanceKlass org/springframework/boot/autoconfigure/task/TaskSchedulingProperties$Shutdown
instanceKlass org/springframework/boot/autoconfigure/task/TaskSchedulingProperties$Simple
instanceKlass org/springframework/boot/autoconfigure/task/TaskSchedulingProperties$Pool
instanceKlass org/springframework/boot/autoconfigure/task/TaskSchedulingConfigurations$TaskSchedulerConfiguration
instanceKlass org/springframework/boot/autoconfigure/task/TaskSchedulingConfigurations$SimpleAsyncTaskSchedulerBuilderConfiguration
instanceKlass org/springframework/boot/task/SimpleAsyncTaskSchedulerBuilder
instanceKlass org/springframework/boot/autoconfigure/task/TaskSchedulingConfigurations$TaskSchedulerBuilderConfiguration
instanceKlass org/springframework/boot/autoconfigure/task/TaskSchedulingProperties
instanceKlass org/springframework/boot/task/ThreadPoolTaskSchedulerCustomizer
instanceKlass org/springframework/boot/task/TaskSchedulerCustomizer
instanceKlass org/springframework/boot/task/ThreadPoolTaskSchedulerBuilder
instanceKlass org/springframework/boot/autoconfigure/task/TaskSchedulingConfigurations$ThreadPoolTaskSchedulerBuilderConfiguration
instanceKlass org/springframework/boot/autoconfigure/sql/init/SqlInitializationAutoConfiguration
instanceKlass org/springframework/boot/task/TaskSchedulerBuilder
instanceKlass org/springframework/boot/sql/init/dependency/DatabaseInitializationDependencyConfigurer$DependsOnDatabaseInitializationPostProcessor
instanceKlass org/springframework/boot/autoconfigure/sql/init/DataSourceInitializationConfiguration
instanceKlass org/springframework/boot/autoconfigure/sql/init/R2dbcInitializationConfiguration
instanceKlass org/springframework/boot/autoconfigure/sql/init/SqlInitializationProperties
instanceKlass org/springframework/boot/autoconfigure/reactor/ReactorAutoConfiguration
instanceKlass org/springframework/boot/autoconfigure/netty/NettyAutoConfiguration
instanceKlass org/springframework/boot/autoconfigure/reactor/ReactorProperties
instanceKlass org/springframework/boot/autoconfigure/netty/NettyProperties
instanceKlass org/springframework/boot/autoconfigure/info/ProjectInfoAutoConfiguration
instanceKlass org/springframework/boot/autoconfigure/info/ProjectInfoProperties$Git
instanceKlass org/springframework/boot/autoconfigure/info/ProjectInfoProperties$Build
instanceKlass org/springframework/boot/autoconfigure/info/ProjectInfoProperties
instanceKlass org/springframework/boot/autoconfigure/data/web/SpringDataWebProperties$Sort
instanceKlass org/springframework/boot/autoconfigure/data/web/SpringDataWebProperties$Pageable
instanceKlass org/springframework/boot/autoconfigure/data/web/SpringDataWebAutoConfiguration
instanceKlass org/springframework/data/web/config/SpringDataJacksonConfiguration
instanceKlass org/springframework/data/mongodb/config/GeoJsonConfiguration
instanceKlass org/springframework/data/web/OffsetScrollPositionHandlerMethodArgumentResolverSupport
instanceKlass org/springframework/data/web/OffsetScrollPositionArgumentResolver
instanceKlass org/springframework/data/web/config/SortHandlerMethodArgumentResolverCustomizer
instanceKlass org/springframework/data/web/config/OffsetScrollPositionHandlerMethodArgumentResolverCustomizer
instanceKlass org/springframework/data/web/SortHandlerMethodArgumentResolverSupport
instanceKlass org/springframework/data/web/SortArgumentResolver
instanceKlass org/springframework/data/web/config/ProjectingArgumentResolverRegistrar$ProjectingArgumentResolverBeanPostProcessor
instanceKlass org/springframework/data/web/config/PageableHandlerMethodArgumentResolverCustomizer
instanceKlass org/springframework/boot/autoconfigure/data/rest/RepositoryRestMvcAutoConfiguration
instanceKlass org/springframework/boot/autoconfigure/http/HttpMessageConvertersAutoConfiguration
instanceKlass org/springframework/boot/context/properties/bind/BindableRuntimeHintsRegistrar
instanceKlass org/springframework/boot/autoconfigure/http/JsonbHttpMessageConvertersConfiguration
instanceKlass org/springframework/boot/autoconfigure/http/GsonHttpMessageConvertersConfiguration
instanceKlass org/springframework/boot/autoconfigure/http/JacksonHttpMessageConvertersConfiguration
instanceKlass org/springframework/boot/autoconfigure/jsonb/JsonbAutoConfiguration
instanceKlass org/springframework/boot/autoconfigure/gson/GsonAutoConfiguration
instanceKlass org/springframework/boot/autoconfigure/http/JacksonHttpMessageConvertersConfiguration$MappingJackson2HttpMessageConverterConfiguration
instanceKlass org/springframework/boot/autoconfigure/http/HttpMessageConvertersAutoConfiguration$StringHttpMessageConverterConfiguration
instanceKlass org/springframework/data/redis/core/convert/ReferenceResolverImpl
instanceKlass org/springframework/data/redis/core/convert/ReferenceResolver
instanceKlass org/springframework/boot/autoconfigure/data/redis/RedisRepositoriesAutoConfiguration
instanceKlass org/springframework/data/redis/core/RedisHash
instanceKlass org/springframework/data/keyvalue/repository/KeyValueRepository
instanceKlass org/springframework/data/keyvalue/core/KeyValueTemplate
instanceKlass org/springframework/data/keyvalue/core/KeyValueOperations
instanceKlass org/springframework/data/keyvalue/core/AbstractKeyValueAdapter
instanceKlass org/springframework/data/keyvalue/core/KeyValueAdapter
instanceKlass org/springframework/data/redis/core/convert/MappingRedisConverter
instanceKlass org/springframework/data/redis/core/convert/RedisConverter
instanceKlass org/springframework/data/redis/core/convert/MappingConfiguration
instanceKlass org/springframework/data/repository/query/parser/AbstractQueryCreator
instanceKlass org/springframework/data/keyvalue/repository/query/KeyValuePartTreeQuery
instanceKlass org/springframework/data/repository/query/RepositoryQuery
instanceKlass org/springframework/data/keyvalue/repository/config/QueryCreatorType
instanceKlass org/springframework/data/redis/core/convert/KeyspaceConfiguration
instanceKlass org/springframework/data/redis/core/index/IndexConfiguration
instanceKlass org/springframework/data/redis/core/index/ConfigurableIndexDefinitionProvider
instanceKlass org/springframework/data/redis/core/index/IndexDefinitionRegistry
instanceKlass org/springframework/data/redis/core/index/IndexDefinitionProvider
instanceKlass org/springframework/boot/autoconfigure/data/redis/RedisRepositoriesRegistrar$EnableRedisRepositoriesConfiguration
instanceKlass org/springframework/boot/autoconfigure/data/redis/RedisReactiveAutoConfiguration
instanceKlass org/springframework/data/repository/core/support/RepositoryComposition$RepositoryFragments
instanceKlass org/springframework/data/repository/core/support/PropertiesBasedNamedQueries
instanceKlass org/springframework/data/repository/core/NamedQueries
instanceKlass org/springframework/boot/autoconfigure/data/mongo/MongoRepositoriesAutoConfiguration
instanceKlass org/springframework/data/repository/config/RepositoryRegistrationAotProcessor
instanceKlass org/springframework/util/StopWatch$TaskInfo
instanceKlass org/springframework/beans/factory/parsing/ComponentDefinition
instanceKlass org/springframework/data/repository/config/RepositoryConfigurationAdapter
instanceKlass org/springframework/data/repository/config/RepositoryFragmentConfigurationProvider
instanceKlass org/springframework/data/repository/config/RepositoryFragmentConfiguration
instanceKlass org/springframework/data/repository/core/support/RepositoryFragmentsFactoryBean
instanceKlass org/springframework/data/repository/config/SelectionSet
instanceKlass org/springframework/data/util/StreamUtils
instanceKlass org/springframework/data/repository/config/DefaultImplementationLookupConfiguration
instanceKlass org/springframework/data/repository/config/NamedQueriesBeanDefinitionBuilder
instanceKlass io/reactivex/rxjava3/core/CompletableObserver
instanceKlass io/reactivex/rxjava3/internal/fuseable/FuseToMaybe
instanceKlass io/reactivex/rxjava3/core/MaybeObserver
instanceKlass io/reactivex/rxjava3/internal/fuseable/HasUpstreamSingleSource
instanceKlass io/reactivex/rxjava3/core/SingleObserver
instanceKlass io/reactivex/rxjava3/internal/fuseable/FuseToObservable
instanceKlass io/reactivex/rxjava3/internal/fuseable/HasUpstreamObservableSource
instanceKlass io/reactivex/rxjava3/core/Observer
instanceKlass io/reactivex/rxjava3/core/Observable
instanceKlass io/reactivex/rxjava3/core/ObservableSource
instanceKlass io/reactivex/rxjava3/internal/fuseable/HasUpstreamMaybeSource
instanceKlass io/reactivex/rxjava3/internal/fuseable/HasUpstreamCompletableSource
instanceKlass io/reactivex/rxjava3/operators/ScalarSupplier
instanceKlass io/reactivex/rxjava3/functions/Consumer
instanceKlass io/reactivex/rxjava3/disposables/Disposable
instanceKlass io/reactivex/rxjava3/functions/Supplier
instanceKlass io/reactivex/rxjava3/core/Completable
instanceKlass io/reactivex/rxjava3/core/CompletableSource
instanceKlass io/reactivex/rxjava3/core/Maybe
instanceKlass io/reactivex/rxjava3/core/MaybeSource
instanceKlass io/reactivex/rxjava3/internal/fuseable/FuseToFlowable
instanceKlass io/reactivex/rxjava3/core/Single
instanceKlass io/reactivex/rxjava3/core/SingleSource
instanceKlass io/reactivex/rxjava3/internal/fuseable/HasUpstreamPublisher
instanceKlass io/reactivex/rxjava3/core/FlowableSubscriber
instanceKlass org/springframework/core/ReactiveAdapterRegistry$RxJava3Registrar
instanceKlass org/springframework/core/ReactiveTypeDescriptor
instanceKlass reactor/adapter/JdkFlowAdapter$PublisherAsFlowPublisher
instanceKlass java/util/concurrent/Flow$Publisher
instanceKlass reactor/adapter/JdkFlowAdapter
instanceKlass reactor/util/function/Tuple2
instanceKlass reactor/util/function/Tuples
instanceKlass reactor/core/observability/SignalListenerFactory
instanceKlass org/reactivestreams/Subscription
instanceKlass org/reactivestreams/Processor
instanceKlass reactor/core/Disposable
instanceKlass reactor/util/context/ContextView
instanceKlass reactor/core/CoreSubscriber
instanceKlass org/reactivestreams/Subscriber
instanceKlass reactor/core/publisher/AssemblyOp
instanceKlass reactor/core/publisher/FluxOnAssembly$AssemblySnapshot
instanceKlass reactor/core/publisher/SourceProducer
instanceKlass reactor/core/Fuseable$ScalarCallable
instanceKlass reactor/core/publisher/SignalPeek
instanceKlass reactor/core/publisher/OptimizableOperator
instanceKlass reactor/core/Scannable
instanceKlass reactor/core/Fuseable
instanceKlass org/springframework/core/ReactiveAdapterRegistry$ReactorRegistrar
instanceKlass org/springframework/core/ReactiveAdapter
instanceKlass org/springframework/core/ReactiveAdapterRegistry
instanceKlass org/springframework/data/util/ReactiveWrappers$RegistryHolder
instanceKlass org/springframework/data/util/ProxyUtils$ProxyDetector
instanceKlass org/springframework/data/util/ProxyUtils
instanceKlass java/util/stream/Streams$2
instanceKlass java/util/stream/Streams$ConcatSpliterator
instanceKlass org/springframework/data/util/ReflectionUtils$DescribedFieldFilter
instanceKlass org/springframework/data/util/ReflectionUtils
instanceKlass org/springframework/data/domain/Example
instanceKlass org/springframework/data/util/ReactiveWrappers$1
instanceKlass io/reactivex/rxjava3/core/Flowable
instanceKlass org/springframework/data/util/ReactiveWrappers
instanceKlass com/daijia/model/entity/map/OrderServiceLocation
instanceKlass org/springframework/util/ConcurrentLruCache$AddTask
instanceKlass org/springframework/util/ConcurrentLruCache$WriteOperations
instanceKlass org/springframework/util/ConcurrentLruCache$ReadOperations
instanceKlass org/springframework/util/ConcurrentLruCache$EvictionQueue
instanceKlass org/springframework/util/ConcurrentLruCache
instanceKlass org/springframework/data/util/TypeDiscoverer
instanceKlass org/springframework/data/util/TypeInformation
instanceKlass org/springframework/data/repository/core/CrudMethods
instanceKlass org/springframework/data/repository/core/support/AbstractRepositoryMetadata
instanceKlass org/springframework/data/repository/core/RepositoryMetadata
instanceKlass com/daijia/map/repository/OrderServiceLocationRepository
instanceKlass org/springframework/data/repository/config/DefaultRepositoryConfiguration
instanceKlass org/springframework/data/repository/util/ClassUtils
instanceKlass org/springframework/data/repository/NoRepositoryBean
instanceKlass org/springframework/data/repository/RepositoryDefinition
instanceKlass org/springframework/data/util/LazyStreamable
instanceKlass org/springframework/util/StopWatch
instanceKlass org/springframework/data/util/Lazy
instanceKlass org/springframework/data/repository/config/ImplementationLookupConfiguration
instanceKlass org/springframework/data/repository/config/RepositoryConfigurationSourceSupport$SpringImplementationDetectionConfiguration
instanceKlass org/springframework/data/repository/config/CustomRepositoryImplementationDetector
instanceKlass org/springframework/data/repository/config/FragmentMetadata
instanceKlass org/springframework/data/repository/config/RepositoryBeanDefinitionBuilder
instanceKlass org/springframework/data/repository/config/RepositoryConfiguration
instanceKlass org/springframework/data/repository/core/support/RepositoryFactorySupport
instanceKlass org/springframework/data/repository/config/RepositoryBeanDefinitionRegistrarSupport
instanceKlass org/springframework/data/repository/config/RepositoryBeanNameGenerator
instanceKlass org/springframework/data/config/ConfigurationUtils
instanceKlass org/springframework/data/repository/config/ImplementationDetectionConfiguration
instanceKlass org/springframework/data/repository/config/DefaultRepositoryBaseClass
instanceKlass org/springframework/data/mongodb/repository/config/EnableMongoRepositories
instanceKlass org/springframework/boot/autoconfigure/data/mongo/MongoRepositoriesRegistrar$EnableMongoRepositoriesConfiguration
instanceKlass org/springframework/data/repository/config/RepositoryConfigurationDelegate
instanceKlass org/springframework/data/repository/config/RepositoryConfigurationExtensionSupport
instanceKlass org/springframework/data/repository/core/support/RepositoryFactoryBeanSupport
instanceKlass org/springframework/data/repository/core/support/RepositoryFactoryInformation
instanceKlass org/springframework/boot/autoconfigure/data/mongo/MongoDataAutoConfiguration
instanceKlass org/springframework/data/mongodb/core/convert/AbstractMongoConverter
instanceKlass org/springframework/data/mongodb/gridfs/GridFsOperationsSupport
instanceKlass org/springframework/data/mongodb/gridfs/GridFsOperations
instanceKlass org/springframework/data/mongodb/core/convert/DbRefResolver
instanceKlass org/springframework/data/mongodb/core/convert/ReferenceResolver
instanceKlass org/springframework/data/mongodb/core/convert/MongoConverter
instanceKlass org/springframework/data/mongodb/core/convert/MongoWriter
instanceKlass org/springframework/data/convert/EntityConverter
instanceKlass org/springframework/data/convert/EntityWriter
instanceKlass org/springframework/data/convert/EntityReader
instanceKlass org/springframework/boot/autoconfigure/data/mongo/MongoDatabaseFactoryDependentConfiguration
instanceKlass org/springframework/data/mongodb/core/MongoDatabaseFactorySupport
instanceKlass org/springframework/boot/autoconfigure/data/mongo/MongoDatabaseFactoryConfiguration
instanceKlass org/springframework/data/convert/CustomConversions
instanceKlass org/springframework/data/mapping/context/AbstractMappingContext
instanceKlass org/springframework/data/mapping/context/MappingContext
instanceKlass org/springframework/boot/autoconfigure/data/mongo/MongoDataConfiguration
instanceKlass org/springframework/data/mongodb/MongoManagedTypes
instanceKlass org/springframework/data/domain/ManagedTypes
instanceKlass org/springframework/boot/autoconfigure/mongo/MongoProperties$Ssl
instanceKlass org/springframework/boot/autoconfigure/mongo/MongoProperties$Gridfs
instanceKlass org/springframework/boot/autoconfigure/mongo/PropertiesMongoConnectionDetails
instanceKlass org/springframework/boot/autoconfigure/mongo/MongoAutoConfiguration
instanceKlass org/springframework/boot/autoconfigure/mongo/StandardMongoClientSettingsBuilderCustomizer
instanceKlass org/springframework/boot/autoconfigure/mongo/MongoClientSettingsBuilderCustomizer
instanceKlass org/springframework/boot/autoconfigure/mongo/MongoAutoConfiguration$MongoClientSettingsConfiguration
instanceKlass org/springframework/boot/autoconfigure/mongo/MongoConnectionDetails
instanceKlass org/springframework/boot/autoconfigure/mongo/MongoProperties
instanceKlass com/mongodb/MongoClientSettings
instanceKlass org/springframework/boot/autoconfigure/dao/PersistenceExceptionTranslationAutoConfiguration
instanceKlass org/springframework/boot/autoconfigure/context/LifecycleAutoConfiguration
instanceKlass org/springframework/boot/autoconfigure/context/ConfigurationPropertiesAutoConfiguration
instanceKlass org/springframework/boot/autoconfigure/context/LifecycleProperties
instanceKlass org/springframework/cloud/endpoint/event/RefreshEventListener
instanceKlass org/springframework/cloud/context/refresh/RefreshScopeLifecycle
instanceKlass org/springframework/cloud/context/refresh/ContextRefresher
instanceKlass org/springframework/cloud/autoconfigure/RefreshAutoConfiguration
instanceKlass org/springframework/cloud/autoconfigure/RefreshAutoConfiguration$RefreshScopeBeanDefinitionEnhancer
instanceKlass org/springframework/boot/autoconfigure/transaction/ExecutionListenersTransactionManagerCustomizer
instanceKlass org/springframework/cloud/autoconfigure/RefreshAutoConfiguration$RefreshProperties
instanceKlass org/springframework/boot/autoconfigure/orm/jpa/HibernateJpaAutoConfiguration
instanceKlass org/springframework/boot/autoconfigure/transaction/TransactionManagerCustomizationAutoConfiguration
instanceKlass org/springframework/boot/autoconfigure/transaction/TransactionManagerCustomizers
instanceKlass org/springframework/boot/autoconfigure/transaction/TransactionProperties
instanceKlass org/springframework/boot/autoconfigure/transaction/TransactionManagerCustomizer
instanceKlass org/springframework/boot/autoconfigure/transaction/TransactionAutoConfiguration
instanceKlass org/springframework/boot/autoconfigure/data/redis/RedisProperties$Lettuce
instanceKlass org/springframework/boot/autoconfigure/data/redis/RedisProperties$Jedis
instanceKlass org/springframework/boot/autoconfigure/data/redis/RedisProperties$Ssl
instanceKlass org/springframework/boot/autoconfigure/data/redis/RedisProperties$Cluster
instanceKlass org/springframework/boot/autoconfigure/data/redis/RedisProperties$Sentinel
instanceKlass org/springframework/boot/autoconfigure/data/redis/PropertiesRedisConnectionDetails
instanceKlass org/springframework/boot/autoconfigure/data/redis/RedisAutoConfiguration
instanceKlass org/springframework/boot/autoconfigure/data/redis/RedisConnectionDetails
instanceKlass org/springframework/boot/autoconfigure/service/connection/ConnectionDetails
instanceKlass org/springframework/data/redis/connection/RedisStandaloneConfiguration
instanceKlass org/springframework/data/redis/connection/RedisConfiguration$WithHostAndPort
instanceKlass org/springframework/data/redis/connection/RedisClusterConfiguration
instanceKlass org/springframework/data/redis/connection/RedisConfiguration$ClusterConfiguration
instanceKlass org/springframework/boot/autoconfigure/data/redis/RedisConnectionConfiguration$ConnectionInfo
instanceKlass org/springframework/boot/autoconfigure/data/redis/RedisConnectionDetails$Cluster
instanceKlass org/springframework/boot/autoconfigure/data/redis/RedisConnectionDetails$Sentinel
instanceKlass org/springframework/data/redis/connection/RedisSentinelConfiguration
instanceKlass org/springframework/data/redis/connection/RedisConfiguration$SentinelConfiguration
instanceKlass org/springframework/data/redis/connection/RedisConfiguration$WithPassword
instanceKlass org/springframework/data/redis/connection/RedisConfiguration$WithAuthentication
instanceKlass org/springframework/data/redis/connection/RedisConfiguration$WithDatabaseIndex
instanceKlass org/springframework/data/redis/connection/RedisConfiguration
instanceKlass org/springframework/boot/autoconfigure/data/redis/RedisProperties
instanceKlass io/lettuce/core/ClientOptions
instanceKlass org/springframework/boot/autoconfigure/data/redis/ClientResourcesBuilderCustomizer
instanceKlass io/lettuce/core/resource/DefaultClientResources$Builder
instanceKlass io/lettuce/core/resource/DefaultClientResources
instanceKlass org/springframework/data/redis/connection/lettuce/LettuceClientConfiguration
instanceKlass org/springframework/boot/autoconfigure/data/redis/RedisProperties$Pool
instanceKlass org/springframework/boot/autoconfigure/data/redis/LettuceClientConfigurationBuilderCustomizer
instanceKlass org/springframework/data/redis/connection/lettuce/LettuceClientConfiguration$LettuceClientConfigurationBuilder
instanceKlass org/springframework/data/redis/connection/lettuce/LettuceConnectionFactory
instanceKlass io/lettuce/core/ClientOptions$Builder
instanceKlass io/lettuce/core/resource/ClientResources$Builder
instanceKlass org/springframework/boot/autoconfigure/data/redis/RedisConnectionConfiguration
instanceKlass org/springframework/boot/availability/ApplicationAvailabilityBean
instanceKlass io/lettuce/core/resource/ClientResources
instanceKlass org/springframework/boot/autoconfigure/availability/ApplicationAvailabilityAutoConfiguration
instanceKlass org/springframework/boot/autoconfigure/aop/AopAutoConfiguration
instanceKlass org/springframework/boot/autoconfigure/aop/AopAutoConfiguration$AspectJAutoProxyingConfiguration
instanceKlass org/springframework/boot/autoconfigure/aop/AopAutoConfiguration$AspectJAutoProxyingConfiguration$CglibAutoProxyConfiguration
instanceKlass org/springframework/boot/availability/ApplicationAvailability
instanceKlass org/springframework/aop/config/AopConfigUtils
instanceKlass org/springframework/boot/autoconfigure/admin/SpringApplicationAdminJmxAutoConfiguration
instanceKlass org/springframework/boot/admin/SpringApplicationAdminMXBeanRegistrar
instanceKlass org/springframework/jmx/export/naming/MetadataNamingStrategy
instanceKlass org/springframework/jmx/export/metadata/JmxAttributeSource
instanceKlass org/springframework/jmx/export/naming/ObjectNamingStrategy
instanceKlass org/springframework/boot/autoconfigure/jmx/JmxAutoConfiguration
instanceKlass org/springframework/boot/autoconfigure/jmx/JmxProperties
instanceKlass org/springdoc/webmvc/ui/SwaggerWebMvcConfigurer
instanceKlass org/springdoc/webmvc/ui/SwaggerConfigResource
instanceKlass org/springdoc/webmvc/ui/SwaggerUiHome
instanceKlass org/springdoc/webmvc/ui/SwaggerIndexTransformer
instanceKlass org/springframework/web/servlet/resource/ResourceTransformer
instanceKlass org/springdoc/webmvc/ui/SwaggerConfig
instanceKlass org/springdoc/ui/AbstractSwaggerWelcome
instanceKlass org/springdoc/core/providers/SpringWebProvider
instanceKlass org/springdoc/webmvc/core/configuration/SpringDocWebMvcConfiguration
instanceKlass io/swagger/v3/core/filter/SpecFilter
instanceKlass org/springdoc/webmvc/core/configuration/SpringDocWebMvcConfiguration$SpringDocWebMvcRouterConfiguration
instanceKlass org/springdoc/webmvc/core/providers/RouterFunctionWebMvcProvider
instanceKlass org/springdoc/core/providers/RouterFunctionProvider
instanceKlass org/springdoc/core/service/GenericResponseService
instanceKlass org/springdoc/core/service/AbstractRequestService
instanceKlass org/springdoc/webmvc/core/configuration/MultipleOpenApiSupportConfiguration
instanceKlass org/springdoc/webmvc/api/MultipleOpenApiResource
instanceKlass org/springdoc/core/properties/SwaggerUiOAuthProperties
instanceKlass org/springdoc/core/properties/AbstractSwaggerUiConfigProperties
instanceKlass org/springdoc/core/configuration/SpringDocSortConfiguration
instanceKlass org/springdoc/core/converters/SortOpenAPIConverter
instanceKlass org/springdoc/core/customizers/DelegatingMethodParameterCustomizer
instanceKlass org/springdoc/core/configuration/SpringDocPageableConfiguration
instanceKlass org/springdoc/core/converters/PageableOpenAPIConverter
instanceKlass org/springdoc/core/service/OperationService
instanceKlass org/springdoc/core/service/RequestBodyService
instanceKlass org/springdoc/core/service/GenericParameterService
instanceKlass org/springdoc/core/service/SecurityService
instanceKlass org/springdoc/core/providers/SpringDocProviders
instanceKlass org/springdoc/core/converters/ModelConverterRegistrar
instanceKlass org/springdoc/core/converters/ResponseSupportConverter
instanceKlass org/springdoc/core/converters/FileSupportConverter
instanceKlass org/springdoc/core/converters/AdditionalModelsConverter
instanceKlass org/springdoc/core/customizers/SpringDocCustomizers
instanceKlass org/springdoc/core/converters/PolymorphicModelConverter
instanceKlass org/springdoc/core/customizers/GlobalOpenApiCustomizer
instanceKlass org/springdoc/core/customizers/OpenApiCustomizer
instanceKlass org/springdoc/core/service/OpenAPIService
instanceKlass org/springdoc/core/converters/SchemaPropertyDeprecatingConverter
instanceKlass org/springdoc/core/utils/PropertyResolverUtils
instanceKlass org/springdoc/core/converters/PropertyCustomizingConverter
instanceKlass org/springdoc/core/properties/SpringDocConfigProperties
instanceKlass org/springdoc/core/parsers/ReturnTypeParser
instanceKlass io/swagger/v3/oas/models/media/Schema
instanceKlass org/springdoc/core/customizers/PropertyCustomizer
instanceKlass org/springdoc/core/configuration/SpringDocConfiguration
instanceKlass org/springdoc/core/providers/WebConversionServiceProvider
instanceKlass org/springdoc/core/configuration/SpringDocConfiguration$WebConversionServiceConfiguration
instanceKlass org/springdoc/core/configuration/SpringDocConfiguration$SpringDocSpringDataWebPropertiesProvider
instanceKlass io/swagger/v3/core/util/ObjectMapperFactory
instanceKlass org/springdoc/core/providers/SpringDataWebPropertiesProvider
instanceKlass org/springdoc/core/configuration/SpringDocConfiguration$SpringDocWebFluxSupportConfiguration
instanceKlass org/springdoc/core/configuration/SpringDocConfiguration$OpenApiResourceAdvice
instanceKlass org/springdoc/core/converters/WebFluxSupportConverter
instanceKlass io/swagger/v3/core/converter/ModelConverter
instanceKlass com/baomidou/mybatisplus/autoconfigure/MybatisPlusLanguageDriverAutoConfiguration
instanceKlass com/baomidou/mybatisplus/autoconfigure/DdlAutoConfiguration
instanceKlass com/alibaba/cloud/nacos/util/UtilIPv6AutoConfiguration
instanceKlass com/alibaba/cloud/nacos/util/InetIPv6Utils
instanceKlass org/springframework/cloud/client/serviceregistry/AbstractAutoServiceRegistration
instanceKlass org/springframework/cloud/client/serviceregistry/AutoServiceRegistration
instanceKlass com/alibaba/cloud/nacos/registry/NacosRegistration
instanceKlass org/springframework/cloud/client/serviceregistry/Registration
instanceKlass org/springframework/cloud/client/ServiceInstance
instanceKlass com/alibaba/cloud/nacos/registry/NacosServiceRegistry
instanceKlass org/springframework/cloud/client/serviceregistry/ServiceRegistry
instanceKlass com/alibaba/cloud/nacos/registry/NacosServiceRegistryAutoConfiguration
instanceKlass org/springframework/cloud/client/serviceregistry/AutoServiceRegistrationAutoConfiguration
instanceKlass com/alibaba/cloud/nacos/discovery/reactive/NacosReactiveDiscoveryClientConfiguration
instanceKlass org/springframework/cloud/client/discovery/composite/reactive/ReactiveCompositeDiscoveryClient
instanceKlass com/alibaba/cloud/nacos/discovery/NacosDiscoveryHeartBeatConfiguration
instanceKlass com/alibaba/cloud/nacos/discovery/NacosWatch
instanceKlass org/springframework/cloud/client/discovery/DiscoveryClient
instanceKlass com/alibaba/cloud/nacos/discovery/NacosDiscoveryClientConfiguration
instanceKlass com/alibaba/cloud/nacos/discovery/reactive/NacosReactiveDiscoveryClient
instanceKlass org/springframework/cloud/client/discovery/ReactiveDiscoveryClient
instanceKlass org/springframework/cloud/client/ReactiveCommonsClientAutoConfiguration
instanceKlass org/springframework/cloud/client/discovery/composite/reactive/ReactiveCompositeDiscoveryClientAutoConfiguration
instanceKlass org/springframework/cloud/client/CommonsClientAutoConfiguration
instanceKlass org/springframework/cloud/client/discovery/simple/SimpleDiscoveryClientAutoConfiguration
instanceKlass com/alibaba/cloud/nacos/discovery/NacosServiceDiscovery
instanceKlass com/alibaba/cloud/nacos/discovery/NacosDiscoveryAutoConfiguration
instanceKlass com/alibaba/cloud/nacos/NacosServiceManager
instanceKlass com/alibaba/cloud/nacos/NacosServiceAutoConfiguration
instanceKlass com/alibaba/cloud/nacos/refresh/NacosRefreshHistory
instanceKlass com/alibaba/cloud/nacos/NacosConfigAutoConfiguration
instanceKlass org/springframework/boot/autoconfigure/web/servlet/WebMvcAutoConfiguration$ResourceChainResourceHandlerRegistrationCustomizer
instanceKlass org/springframework/boot/autoconfigure/web/servlet/WebMvcAutoConfiguration$ResourceHandlerRegistrationCustomizer
instanceKlass org/springframework/boot/autoconfigure/web/servlet/WebMvcAutoConfiguration$ResourceChainCustomizerConfiguration
instanceKlass org/springframework/boot/autoconfigure/web/WebResourcesRuntimeHints
instanceKlass org/springframework/aot/hint/RuntimeHintsRegistrar
instanceKlass org/springframework/boot/autoconfigure/validation/ValidationAutoConfiguration
instanceKlass org/springframework/web/context/request/RequestContextListener
instanceKlass jakarta/servlet/ServletRequestListener
instanceKlass org/springframework/boot/autoconfigure/http/HttpMessageConverters
instanceKlass org/springframework/web/servlet/config/annotation/ResourceHandlerRegistration
instanceKlass org/springframework/boot/web/servlet/filter/OrderedFilter
instanceKlass org/springframework/boot/autoconfigure/web/servlet/WebMvcAutoConfiguration$WebMvcAutoConfigurationAdapter
instanceKlass jakarta/servlet/ServletContext
instanceKlass org/springframework/web/util/UrlPathHelper
instanceKlass org/springframework/web/util/pattern/PathPatternParser
instanceKlass org/springframework/web/servlet/mvc/SimpleControllerHandlerAdapter
instanceKlass org/springframework/web/servlet/function/support/HandlerFunctionAdapter
instanceKlass org/springframework/web/servlet/mvc/HttpRequestHandlerAdapter
instanceKlass org/springframework/web/method/support/CompositeUriComponentsContributor
instanceKlass org/springframework/web/method/support/UriComponentsContributor
instanceKlass org/springframework/web/servlet/handler/HandlerMappingIntrospector
instanceKlass org/springframework/web/cors/CorsConfigurationSource
instanceKlass org/springframework/web/servlet/config/annotation/ViewControllerRegistry
instanceKlass org/springframework/web/servlet/config/annotation/InterceptorRegistry
instanceKlass org/springframework/web/servlet/config/annotation/PathMatchConfigurer
instanceKlass org/springframework/web/servlet/config/annotation/CorsRegistry
instanceKlass org/springframework/web/servlet/config/annotation/AsyncSupportConfigurer
instanceKlass org/springframework/web/servlet/config/annotation/DefaultServletHandlerConfigurer
instanceKlass org/springframework/web/servlet/config/annotation/ContentNegotiationConfigurer
instanceKlass org/springframework/web/servlet/config/annotation/ResourceHandlerRegistry
instanceKlass org/springframework/web/servlet/config/annotation/ViewResolverRegistry
instanceKlass org/springframework/validation/MessageCodesResolver
instanceKlass org/springframework/web/bind/support/ConfigurableWebBindingInitializer
instanceKlass org/springframework/web/servlet/handler/AbstractHandlerExceptionResolver
instanceKlass org/springframework/web/accept/ContentNegotiationManager
instanceKlass org/springframework/web/accept/MediaTypeFileExtensionResolver
instanceKlass org/springframework/web/accept/ContentNegotiationStrategy
instanceKlass org/springframework/web/servlet/HandlerAdapter
instanceKlass org/springframework/boot/autoconfigure/web/servlet/WebMvcAutoConfiguration$WelcomePageHandlerMappingFactory
instanceKlass org/springframework/web/servlet/resource/ResourceUrlProvider
instanceKlass org/springframework/web/servlet/FlashMapManager
instanceKlass org/springframework/web/servlet/RequestToViewNameTranslator
instanceKlass org/springframework/web/servlet/ThemeResolver
instanceKlass org/springframework/web/servlet/LocaleResolver
instanceKlass org/springframework/web/servlet/HandlerInterceptor
instanceKlass org/springframework/web/bind/support/WebBindingInitializer
instanceKlass org/springframework/web/servlet/handler/MatchableHandlerMapping
instanceKlass org/springframework/web/servlet/HandlerMapping
instanceKlass org/springframework/web/servlet/config/annotation/WebMvcConfigurationSupport
instanceKlass org/springframework/boot/autoconfigure/web/servlet/error/ErrorMvcAutoConfiguration$PreserveErrorControllerTargetClassPostProcessor
instanceKlass org/springframework/boot/web/servlet/error/DefaultErrorAttributes
instanceKlass org/springframework/web/servlet/HandlerExceptionResolver
instanceKlass org/springframework/boot/autoconfigure/web/servlet/error/ErrorMvcAutoConfiguration$ErrorPageCustomizer
instanceKlass org/springframework/boot/web/server/ErrorPageRegistrar
instanceKlass org/springframework/boot/autoconfigure/web/servlet/error/AbstractErrorController
instanceKlass org/springframework/boot/web/servlet/error/ErrorController
instanceKlass org/springframework/boot/autoconfigure/web/servlet/error/ErrorMvcAutoConfiguration
instanceKlass org/springframework/boot/autoconfigure/web/servlet/error/DefaultErrorViewResolver
instanceKlass org/springframework/boot/web/servlet/error/ErrorAttributes
instanceKlass org/springframework/boot/autoconfigure/web/servlet/WebMvcAutoConfiguration
instanceKlass org/springframework/boot/autoconfigure/web/WebProperties$Resources
instanceKlass org/springframework/boot/autoconfigure/web/servlet/error/ErrorViewResolver
instanceKlass org/springframework/boot/autoconfigure/web/servlet/error/ErrorMvcAutoConfiguration$DefaultErrorViewResolverConfiguration
instanceKlass org/springframework/boot/autoconfigure/web/WebProperties
instanceKlass org/springframework/web/servlet/View
instanceKlass org/springframework/boot/autoconfigure/web/servlet/error/ErrorMvcAutoConfiguration$WhitelabelErrorViewConfiguration
instanceKlass org/springframework/boot/autoconfigure/task/TaskExecutionAutoConfiguration
instanceKlass org/springframework/context/support/ApplicationObjectSupport
instanceKlass org/springframework/web/servlet/ViewResolver
instanceKlass org/springframework/boot/autoconfigure/task/TaskExecutionProperties$Shutdown
instanceKlass org/springframework/boot/autoconfigure/task/TaskExecutionProperties$Simple
instanceKlass org/springframework/boot/autoconfigure/task/TaskExecutionProperties$Pool
instanceKlass org/springframework/boot/autoconfigure/task/TaskExecutorConfigurations$TaskExecutorConfiguration
instanceKlass org/springframework/boot/autoconfigure/task/TaskExecutorConfigurations$SimpleAsyncTaskExecutorBuilderConfiguration
instanceKlass org/springframework/boot/task/SimpleAsyncTaskExecutorBuilder
instanceKlass org/springframework/boot/autoconfigure/task/TaskExecutorConfigurations$TaskExecutorBuilderConfiguration
instanceKlass org/springframework/boot/autoconfigure/task/TaskExecutionProperties
instanceKlass org/springframework/boot/task/ThreadPoolTaskExecutorCustomizer
instanceKlass org/springframework/boot/task/TaskExecutorCustomizer
instanceKlass org/springframework/boot/task/ThreadPoolTaskExecutorBuilder
instanceKlass org/springframework/boot/autoconfigure/task/TaskExecutorConfigurations$ThreadPoolTaskExecutorBuilderConfiguration
instanceKlass org/springframework/boot/autoconfigure/http/codec/CodecsAutoConfiguration
instanceKlass org/springframework/core/codec/Encoder
instanceKlass org/springframework/core/codec/Decoder
instanceKlass org/springframework/boot/task/TaskExecutorBuilder
instanceKlass org/springframework/boot/autoconfigure/http/codec/CodecsAutoConfiguration$JacksonCodecConfiguration
instanceKlass org/springframework/boot/autoconfigure/codec/CodecProperties
instanceKlass org/springframework/boot/autoconfigure/http/codec/CodecsAutoConfiguration$DefaultCodecsConfiguration
instanceKlass org/springframework/boot/autoconfigure/jackson/JacksonAutoConfiguration
instanceKlass org/springframework/boot/jackson/JsonMixinModuleEntries
instanceKlass org/springframework/boot/autoconfigure/jackson/JacksonAutoConfiguration$JacksonMixinConfiguration
instanceKlass org/springframework/boot/autoconfigure/jackson/JacksonAutoConfiguration$JacksonObjectMapperConfiguration
instanceKlass org/springframework/boot/autoconfigure/jackson/JacksonAutoConfiguration$ParameterNamesModuleConfiguration
instanceKlass org/springframework/boot/autoconfigure/jackson/JacksonAutoConfiguration$JacksonObjectMapperBuilderConfiguration
instanceKlass org/springframework/boot/autoconfigure/jackson/JacksonAutoConfiguration$Jackson2ObjectMapperBuilderCustomizerConfiguration$StandardJackson2ObjectMapperBuilderCustomizer
instanceKlass org/springframework/boot/autoconfigure/jackson/Jackson2ObjectMapperBuilderCustomizer
instanceKlass org/springframework/boot/autoconfigure/jackson/JacksonAutoConfiguration$Jackson2ObjectMapperBuilderCustomizerConfiguration
instanceKlass org/springframework/boot/autoconfigure/web/servlet/DispatcherServletAutoConfiguration
instanceKlass org/springframework/boot/autoconfigure/web/servlet/DispatcherServletPath
instanceKlass org/springframework/boot/autoconfigure/jackson/JacksonProperties$Datatype
instanceKlass org/springframework/boot/autoconfigure/jackson/JacksonProperties
instanceKlass org/springframework/boot/autoconfigure/web/servlet/DispatcherServletAutoConfiguration$DispatcherServletRegistrationConfiguration
instanceKlass org/springframework/boot/autoconfigure/web/servlet/WebMvcProperties$Problemdetails
instanceKlass org/springframework/boot/autoconfigure/web/servlet/WebMvcProperties$Pathmatch
instanceKlass org/springframework/boot/autoconfigure/web/servlet/WebMvcProperties$Contentnegotiation
instanceKlass org/springframework/boot/autoconfigure/web/servlet/WebMvcProperties$View
instanceKlass org/springframework/boot/autoconfigure/web/servlet/WebMvcProperties$Servlet
instanceKlass org/springframework/boot/autoconfigure/web/servlet/WebMvcProperties$Async
instanceKlass org/springframework/boot/autoconfigure/web/servlet/WebMvcProperties$Format
instanceKlass org/springframework/validation/MessageCodeFormatter
instanceKlass org/springframework/boot/autoconfigure/web/servlet/DispatcherServletAutoConfiguration$DispatcherServletConfiguration
instanceKlass org/springframework/boot/autoconfigure/web/servlet/WebMvcProperties
instanceKlass org/springframework/boot/web/server/ErrorPageRegistrarBeanPostProcessor
instanceKlass org/springframework/boot/autoconfigure/web/servlet/ServletWebServerFactoryCustomizer
instanceKlass org/springframework/boot/autoconfigure/web/servlet/TomcatServletWebServerFactoryCustomizer
instanceKlass org/springframework/boot/web/server/AbstractConfigurableWebServerFactory
instanceKlass org/springframework/boot/web/servlet/server/ConfigurableServletWebServerFactory
instanceKlass org/springframework/boot/web/servlet/WebListenerRegistry
instanceKlass org/springframework/boot/web/embedded/tomcat/ConfigurableTomcatWebServerFactory
instanceKlass org/springframework/boot/web/server/ConfigurableWebServerFactory
instanceKlass org/springframework/boot/web/server/ErrorPageRegistry
instanceKlass org/springframework/boot/web/server/WebServerFactoryCustomizerBeanPostProcessor
instanceKlass org/springframework/boot/autoconfigure/web/ServerProperties$Undertow
instanceKlass org/springframework/boot/autoconfigure/web/ServerProperties$Netty
instanceKlass org/springframework/boot/autoconfigure/web/ServerProperties$Jetty
instanceKlass org/springframework/boot/autoconfigure/web/ServerProperties$Tomcat
instanceKlass org/springframework/boot/autoconfigure/web/ServerProperties$Reactive
instanceKlass org/springframework/boot/autoconfigure/web/ServerProperties$Servlet
instanceKlass org/springframework/boot/web/server/Http2
instanceKlass org/springframework/boot/web/server/Compression
instanceKlass org/springframework/boot/web/server/Ssl
instanceKlass org/springframework/boot/autoconfigure/web/ErrorProperties
instanceKlass org/springframework/boot/autoconfigure/web/servlet/ServletWebServerFactoryConfiguration$EmbeddedUndertow
instanceKlass org/springframework/boot/autoconfigure/web/servlet/ServletWebServerFactoryConfiguration$EmbeddedJetty
instanceKlass org/springframework/boot/autoconfigure/web/servlet/ServletWebServerFactoryConfiguration$EmbeddedTomcat
instanceKlass org/springframework/boot/autoconfigure/web/ServerProperties
instanceKlass org/springframework/boot/autoconfigure/websocket/servlet/WebSocketServletAutoConfiguration
instanceKlass org/springframework/boot/autoconfigure/websocket/servlet/TomcatWebSocketServletWebServerCustomizer
instanceKlass org/springframework/boot/web/server/WebServerFactoryCustomizer
instanceKlass org/springframework/boot/autoconfigure/websocket/servlet/WebSocketServletAutoConfiguration$TomcatWebSocketConfiguration
instanceKlass org/springframework/boot/web/servlet/server/ServletWebServerFactory
instanceKlass org/springframework/boot/web/server/WebServerFactory
instanceKlass org/springframework/boot/autoconfigure/web/servlet/ServletWebServerFactoryAutoConfiguration
instanceKlass org/springframework/boot/autoconfigure/ssl/SslProperties$Bundles
instanceKlass org/springframework/boot/autoconfigure/ssl/SslPropertiesBundleRegistrar
instanceKlass org/springframework/boot/autoconfigure/ssl/SslBundleRegistrar
instanceKlass org/springframework/boot/autoconfigure/ssl/FileWatcher
instanceKlass org/springframework/boot/ssl/DefaultSslBundleRegistry
instanceKlass org/springframework/boot/ssl/SslBundles
instanceKlass org/springframework/boot/autoconfigure/ssl/SslAutoConfiguration
instanceKlass org/springframework/boot/ssl/SslBundleRegistry
instanceKlass org/springframework/boot/autoconfigure/ssl/SslProperties
instanceKlass org/springframework/cloud/client/serviceregistry/AutoServiceRegistrationConfiguration
instanceKlass org/springframework/data/redis/core/RedisAccessor
instanceKlass org/springframework/data/redis/serializer/RedisSerializer
instanceKlass org/redisson/api/RedissonClient
instanceKlass io/swagger/v3/oas/models/OpenAPI
instanceKlass org/springdoc/core/models/GroupedOpenApi
instanceKlass org/springframework/cloud/client/serviceregistry/AutoServiceRegistrationProperties
instanceKlass com/daijia/map/client/MapFeignClient
instanceKlass com/daijia/map/client/LocationFeignClient
instanceKlass com/daijia/order/client/OrderMonitorFeignClient
instanceKlass com/daijia/order/client/OrderInfoFeignClient
instanceKlass com/daijia/customer/client/CustomerInfoFeignClient
instanceKlass com/daijia/driver/client/OcrFeignClient
instanceKlass com/daijia/driver/client/DriverInfoFeignClient
instanceKlass com/daijia/driver/client/DriverAccountFeignClient
instanceKlass com/daijia/driver/client/CosFeignClient
instanceKlass org/springframework/cloud/openfeign/RefreshableUrlFactoryBean
instanceKlass org/springframework/cloud/openfeign/RefreshableUrl
instanceKlass org/springframework/cloud/openfeign/OptionsFactoryBean
instanceKlass feign/Request$Options
instanceKlass feign/Target$HardCodedTarget
instanceKlass feign/Target
instanceKlass org/springframework/cloud/openfeign/FeignClientFactoryBean
instanceKlass com/daijia/driver/client/CiFeignClient
instanceKlass org/springframework/cloud/openfeign/FeignClientSpecification
instanceKlass org/springframework/cloud/context/named/NamedContextFactory$Specification
instanceKlass org/springframework/boot/autoconfigure/AutoConfigurationPackages$BasePackages
instanceKlass org/springframework/boot/autoconfigure/AutoConfigurationPackages
instanceKlass org/springframework/boot/autoconfigure/AutoConfigurationPackages$PackageImports
instanceKlass org/mybatis/spring/mapper/MapperScannerConfigurer
instanceKlass org/springframework/data/domain/Page
instanceKlass org/springframework/data/domain/Slice
instanceKlass org/springframework/cloud/client/circuitbreaker/CircuitBreaker
instanceKlass org/springframework/cache/caffeine/CaffeineCacheManager
instanceKlass com/stoyanr/evictor/ConcurrentMapWithTimedEviction
instanceKlass org/springframework/cloud/client/ConditionalOnDiscoveryHealthIndicatorEnabled
instanceKlass org/springframework/boot/web/codec/CodecCustomizer
instanceKlass java/net/http/HttpClient
instanceKlass org/springframework/boot/autoconfigure/condition/ConditionalOnWarDeployment
instanceKlass org/springframework/transaction/annotation/AbstractTransactionManagementConfiguration
instanceKlass org/springframework/context/annotation/AutoProxyRegistrar
instanceKlass org/springframework/transaction/annotation/TransactionManagementConfigurationSelector$1
instanceKlass org/springframework/context/annotation/AdviceModeImportSelector
instanceKlass org/springframework/transaction/annotation/EnableTransactionManagement
instanceKlass org/springframework/jdbc/datasource/init/DatabasePopulator
instanceKlass org/springframework/boot/sql/init/dependency/DatabaseInitializationDependencyConfigurer
instanceKlass org/springframework/data/querydsl/QuerydslUtils
instanceKlass org/springframework/data/web/config/SpringDataJacksonModules
instanceKlass org/springframework/data/web/config/SpringDataWebConfiguration
instanceKlass org/springframework/data/web/config/ProjectingArgumentResolverRegistrar
instanceKlass org/springframework/data/web/config/EnableSpringDataWebSupport$QuerydslActivator
instanceKlass org/springframework/data/web/config/EnableSpringDataWebSupport$SpringDataWebConfigurationImportSelector
instanceKlass org/springframework/data/web/config/EnableSpringDataWebSupport
instanceKlass org/springframework/boot/autoconfigure/condition/AbstractNestedCondition$MemberOutcomes
instanceKlass org/springframework/boot/autoconfigure/condition/AbstractNestedCondition$MemberMatchOutcomes
instanceKlass org/springframework/boot/autoconfigure/condition/AbstractNestedCondition$MemberConditions
instanceKlass org/springframework/data/repository/config/RepositoryConfigurationExtension
instanceKlass org/springframework/data/repository/config/RepositoryConfigurationSourceSupport
instanceKlass org/springframework/data/repository/config/RepositoryConfigurationSource
instanceKlass org/springframework/boot/autoconfigure/data/AbstractRepositoryConfigurationSourceSupport
instanceKlass org/springframework/boot/autoconfigure/data/ConditionalOnRepositoryType
instanceKlass org/springframework/data/mongodb/MongoDatabaseFactory
instanceKlass org/springframework/data/mongodb/MongoSessionProvider
instanceKlass org/springframework/data/mongodb/CodecRegistryProvider
instanceKlass org/springframework/cache/support/AbstractCacheManager
instanceKlass javax/cache/Caching
instanceKlass org/springframework/cache/Cache
instanceKlass org/springframework/boot/autoconfigure/cache/NoOpCacheConfiguration
instanceKlass org/springframework/boot/autoconfigure/cache/SimpleCacheConfiguration
instanceKlass org/springframework/boot/autoconfigure/cache/Cache2kCacheConfiguration
instanceKlass org/springframework/boot/autoconfigure/cache/CaffeineCacheConfiguration
instanceKlass org/springframework/boot/autoconfigure/cache/RedisCacheConfiguration
instanceKlass org/springframework/boot/autoconfigure/cache/CouchbaseCacheConfiguration
instanceKlass org/springframework/boot/autoconfigure/cache/JCacheCacheConfiguration
instanceKlass org/springframework/boot/autoconfigure/cache/InfinispanCacheConfiguration
instanceKlass org/springframework/boot/autoconfigure/cache/HazelcastCacheConfiguration
instanceKlass org/springframework/boot/autoconfigure/cache/GenericCacheConfiguration
instanceKlass org/springframework/boot/autoconfigure/cache/CacheConfigurations
instanceKlass org/springframework/boot/autoconfigure/cache/CacheAutoConfiguration$CacheConfigurationImportSelector
instanceKlass org/springframework/cloud/util/ConditionalOnBootstrapDisabled
instanceKlass org/springframework/cloud/util/ConditionalOnBootstrapEnabled
instanceKlass org/springframework/data/redis/connection/AbstractRedisConnection
instanceKlass org/springframework/data/redis/connection/RedisConnection
instanceKlass org/springframework/data/redis/connection/DefaultedRedisConnection
instanceKlass org/springframework/data/redis/connection/RedisCommands
instanceKlass org/springframework/data/redis/connection/RedisHyperLogLogCommands
instanceKlass org/springframework/data/redis/connection/RedisGeoCommands
instanceKlass org/springframework/data/redis/connection/RedisScriptingCommands
instanceKlass org/springframework/data/redis/connection/RedisStreamCommands
instanceKlass org/springframework/data/redis/connection/RedisServerCommands
instanceKlass org/springframework/data/redis/connection/RedisConnectionCommands
instanceKlass org/springframework/data/redis/connection/RedisPubSubCommands
instanceKlass org/springframework/data/redis/connection/RedisTxCommands
instanceKlass org/springframework/data/redis/connection/RedisHashCommands
instanceKlass org/springframework/data/redis/connection/RedisZSetCommands
instanceKlass org/springframework/data/redis/connection/RedisSetCommands
instanceKlass org/springframework/data/redis/connection/RedisListCommands
instanceKlass org/springframework/data/redis/connection/RedisStringCommands
instanceKlass org/springframework/data/redis/connection/RedisKeyCommands
instanceKlass org/springframework/data/redis/connection/RedisCommandsProvider
instanceKlass io/lettuce/core/AbstractRedisClient
instanceKlass org/springframework/context/annotation/AspectJAutoProxyRegistrar
instanceKlass org/springframework/context/annotation/EnableAspectJAutoProxy
instanceKlass org/aspectj/weaver/ShadowMunger
instanceKlass org/aspectj/weaver/IHasPosition
instanceKlass org/aspectj/util/PartialOrder$PartialComparable
instanceKlass org/springframework/web/servlet/function/RouterFunction
instanceKlass org/springframework/data/domain/Sort
instanceKlass org/springframework/data/util/Streamable
instanceKlass org/springframework/data/domain/Pageable
instanceKlass org/springframework/expression/common/ExpressionUtils
instanceKlass org/springframework/expression/spel/ExpressionState
instanceKlass org/springframework/expression/spel/standard/SpelExpression
instanceKlass org/springframework/expression/spel/standard/Token
instanceKlass org/springframework/expression/spel/standard/Tokenizer
instanceKlass org/springframework/expression/spel/ast/SpelNodeImpl
instanceKlass org/springframework/expression/spel/SpelNode
instanceKlass org/springframework/boot/autoconfigure/data/web/SpringDataWebProperties
instanceKlass org/springframework/http/HttpStatusCode
instanceKlass org/springframework/web/bind/annotation/ResponseStatus
instanceKlass org/springframework/web/bind/annotation/ExceptionHandler
instanceKlass io/swagger/v3/oas/annotations/Hidden
instanceKlass org/springframework/web/bind/annotation/ControllerAdvice
instanceKlass org/springframework/web/bind/annotation/RestControllerAdvice
instanceKlass com/baomidou/mybatisplus/autoconfigure/MybatisPlusAutoConfiguration$AutoConfiguredMapperScannerRegistrar
instanceKlass com/alibaba/cloud/nacos/NacosDiscoveryProperties
instanceKlass org/webjars/WebJarAssetLocator
instanceKlass org/springframework/boot/autoconfigure/web/WebProperties$Resources$Chain
instanceKlass org/springframework/boot/autoconfigure/web/ConditionalOnEnabledResourceChain
instanceKlass org/springframework/boot/autoconfigure/web/servlet/JspTemplateAvailabilityProvider
instanceKlass org/springframework/boot/autoconfigure/thymeleaf/ThymeleafTemplateAvailabilityProvider
instanceKlass org/springframework/boot/autoconfigure/mustache/MustacheTemplateAvailabilityProvider
instanceKlass org/springframework/boot/autoconfigure/template/PathBasedTemplateAvailabilityProvider$TemplateAvailabilityProperties
instanceKlass org/springframework/boot/autoconfigure/template/PathBasedTemplateAvailabilityProvider
instanceKlass org/springframework/boot/autoconfigure/template/TemplateAvailabilityProviders$NoTemplateAvailabilityProvider
instanceKlass org/springframework/boot/autoconfigure/template/TemplateAvailabilityProvider
instanceKlass org/springframework/boot/autoconfigure/template/TemplateAvailabilityProviders
instanceKlass org/springframework/boot/autoconfigure/condition/ConditionalOnThreading
instanceKlass org/springframework/boot/autoconfigure/condition/ConditionalOnResource
instanceKlass com/daijia/common/config/redis/RedisConfig
instanceKlass com/daijia/common/config/redisson/RedissonConfig
instanceKlass com/daijia/common/config/mybatisPlus/MybatisPlusConfig
instanceKlass com/daijia/common/config/knife4j/Knife4jConfig
instanceKlass com/daijia/map/service/impl/MapServiceImpl
instanceKlass com/daijia/map/service/MapService
instanceKlass com/daijia/map/service/impl/LocationServiceImpl
instanceKlass com/daijia/map/service/LocationService
instanceKlass com/daijia/map/controller/MapController
instanceKlass com/daijia/map/controller/LocationController
instanceKlass org/apache/coyote/UpgradeProtocol
instanceKlass org/springframework/boot/autoconfigure/web/servlet/ServletWebServerFactoryAutoConfiguration$BeanPostProcessorsRegistrar
instanceKlass org/springframework/boot/web/servlet/RegistrationBean
instanceKlass org/springframework/boot/web/servlet/ServletContextInitializer
instanceKlass org/springframework/boot/autoconfigure/web/servlet/ConditionalOnMissingFilterBean
instanceKlass org/apache/tomcat/websocket/server/WsSci
instanceKlass jakarta/servlet/ServletContainerInitializer
instanceKlass org/apache/catalina/startup/Tomcat
instanceKlass org/springframework/boot/autoconfigure/condition/ConditionalOnNotWarDeployment
instanceKlass org/springframework/boot/web/reactive/context/ReactiveWebApplicationContext
instanceKlass org/springframework/boot/web/reactive/context/ConfigurableReactiveWebEnvironment
instanceKlass org/springframework/boot/autoconfigure/condition/OnWebApplicationCondition$1
instanceKlass org/springframework/context/annotation/ImportRuntimeHints
instanceKlass org/springframework/boot/autoconfigure/condition/ConditionalOnExpression
instanceKlass org/springframework/cloud/loadbalancer/annotation/LoadBalancerClientConfigurationRegistrar
instanceKlass org/springframework/cloud/loadbalancer/annotation/LoadBalancerClient
instanceKlass org/springframework/cloud/loadbalancer/annotation/LoadBalancerClients
instanceKlass com/alibaba/cloud/nacos/loadbalancer/ConditionalOnLoadBalancerNacos
instanceKlass org/springframework/cloud/client/ConditionalOnReactiveDiscoveryEnabled
instanceKlass org/springframework/cloud/client/ConditionalOnBlockingDiscoveryEnabled
instanceKlass com/alibaba/cloud/nacos/ConditionalOnNacosDiscoveryEnabled
instanceKlass org/springframework/cloud/client/ConditionalOnDiscoveryEnabled
instanceKlass org/springframework/boot/autoconfigure/AutoConfigurationSorter$AutoConfigurationClass
instanceKlass org/springframework/boot/autoconfigure/AutoConfigurationSorter$AutoConfigurationClasses
instanceKlass org/springframework/boot/autoconfigure/AutoConfigurationSorter
instanceKlass org/springframework/boot/autoconfigure/condition/ConditionEvaluationReportAutoConfigurationImportListener
instanceKlass org/springframework/boot/autoconfigure/AutoConfigurationImportListener
instanceKlass com/baomidou/mybatisplus/extension/plugins/inner/InnerInterceptor
instanceKlass org/springframework/cloud/context/named/NamedContextFactory
instanceKlass org/springframework/cloud/client/loadbalancer/reactive/ReactiveLoadBalancer$Factory
instanceKlass org/springframework/cloud/client/loadbalancer/LoadBalancerClient
instanceKlass org/springframework/cloud/client/loadbalancer/ServiceInstanceChooser
instanceKlass feign/Client
instanceKlass org/springframework/mail/javamail/JavaMailSenderImpl
instanceKlass org/springframework/mail/javamail/JavaMailSender
instanceKlass org/springframework/mail/MailSender
instanceKlass org/springframework/jdbc/core/namedparam/NamedParameterJdbcTemplate
instanceKlass org/springframework/jdbc/core/namedparam/NamedParameterJdbcOperations
instanceKlass org/springframework/data/redis/connection/RedisConnectionFactory
instanceKlass org/springframework/cache/interceptor/AbstractCacheInvoker
instanceKlass org/springframework/web/reactive/HandlerResult
instanceKlass org/springframework/boot/autoconfigure/condition/ConditionalOnWebApplication
instanceKlass io/netty/buffer/AbstractByteBufAllocator
instanceKlass io/netty/buffer/ByteBufAllocator
instanceKlass io/netty/buffer/ByteBufAllocatorMetricProvider
instanceKlass reactor/core/publisher/Hooks
instanceKlass io/netty/util/NettyRuntime
instanceKlass jakarta/activation/MimeType
instanceKlass org/springframework/jmx/support/MBeanRegistrationSupport
instanceKlass org/springframework/jmx/export/MBeanExportOperations
instanceKlass jakarta/servlet/ServletRegistration
instanceKlass jakarta/servlet/Registration
instanceKlass org/springframework/jdbc/support/JdbcAccessor
instanceKlass org/springframework/jdbc/core/JdbcOperations
instanceKlass org/springframework/http/codec/CodecConfigurer
instanceKlass com/baomidou/mybatisplus/extension/ddl/IDdl
instanceKlass org/mybatis/spring/SqlSessionFactoryBean
instanceKlass org/springframework/data/web/PageableHandlerMethodArgumentResolverSupport
instanceKlass org/springframework/data/web/PageableArgumentResolver
instanceKlass org/apache/ibatis/session/SqlSessionFactory
instanceKlass org/springframework/web/method/support/HandlerMethodArgumentResolver
instanceKlass org/apache/ibatis/scripting/LanguageDriver
instanceKlass org/springframework/data/redis/repository/configuration/EnableRedisRepositories
instanceKlass org/springframework/cloud/context/scope/GenericScope
instanceKlass org/springframework/data/redis/core/ReactiveRedisTemplate
instanceKlass org/springframework/data/redis/core/ReactiveRedisOperations
instanceKlass io/micrometer/core/instrument/MeterRegistry
instanceKlass org/springframework/boot/autoconfigure/cache/CacheAutoConfiguration
instanceKlass org/springframework/data/redis/connection/ReactiveRedisConnectionFactory
instanceKlass org/springframework/dao/support/PersistenceExceptionTranslator
instanceKlass feign/Feign
instanceKlass org/springframework/data/redis/core/RedisOperations
instanceKlass org/springframework/oxm/Unmarshaller
instanceKlass org/springframework/oxm/Marshaller
instanceKlass jakarta/websocket/server/ServerContainer
instanceKlass jakarta/websocket/WebSocketContainer
instanceKlass org/springframework/data/mongodb/repository/MongoRepository
instanceKlass org/springframework/data/repository/query/QueryByExampleExecutor
instanceKlass org/springframework/web/servlet/config/annotation/WebMvcConfigurer
instanceKlass org/springframework/data/repository/ListPagingAndSortingRepository
instanceKlass org/springframework/data/repository/PagingAndSortingRepository
instanceKlass org/springframework/data/repository/ListCrudRepository
instanceKlass org/springframework/data/repository/CrudRepository
instanceKlass org/springframework/data/repository/Repository
instanceKlass org/springframework/web/multipart/support/StandardServletMultipartResolver
instanceKlass org/springframework/web/multipart/MultipartResolver
instanceKlass jakarta/servlet/MultipartConfigElement
instanceKlass org/springframework/web/filter/GenericFilterBean
instanceKlass jakarta/servlet/Filter
instanceKlass org/springframework/data/mongodb/core/MongoTemplate
instanceKlass org/springframework/data/mongodb/core/ReadPreferenceAware
instanceKlass org/springframework/web/reactive/function/client/WebClient
instanceKlass org/springframework/data/mongodb/core/index/IndexOperationsProvider
instanceKlass org/springframework/web/server/session/WebSessionManager
instanceKlass org/springframework/data/mongodb/core/MongoOperations
instanceKlass reactor/core/publisher/Mono
instanceKlass org/springframework/data/mongodb/core/FluentMongoOperations
instanceKlass org/springframework/data/mongodb/core/ExecutableMapReduceOperation
instanceKlass org/springframework/data/mongodb/core/ExecutableAggregationOperation
instanceKlass org/springframework/data/mongodb/core/ExecutableRemoveOperation
instanceKlass org/springframework/data/mongodb/core/ExecutableUpdateOperation
instanceKlass org/springframework/data/mongodb/core/ExecutableInsertOperation
instanceKlass org/springframework/data/mongodb/core/ExecutableFindOperation
instanceKlass org/springframework/http/ReactiveHttpInputMessage
instanceKlass org/springframework/web/reactive/config/WebFluxConfigurer
instanceKlass org/springframework/http/codec/LoggingCodecSupport
instanceKlass org/springframework/http/codec/HttpMessageReader
instanceKlass org/springframework/http/server/reactive/HttpHandler
instanceKlass org/springframework/web/client/RestClient
instanceKlass jakarta/validation/executable/ExecutableValidator
instanceKlass org/springframework/transaction/PlatformTransactionManager
instanceKlass org/springframework/transaction/TransactionManager
instanceKlass org/springframework/scheduling/TaskScheduler
instanceKlass org/springframework/util/CustomizableThreadCreator
instanceKlass com/mongodb/client/MongoClient
instanceKlass org/springframework/scheduling/SchedulingTaskExecutor
instanceKlass org/springframework/core/task/AsyncListenableTaskExecutor
instanceKlass org/springframework/core/task/AsyncTaskExecutor
instanceKlass org/springframework/core/task/TaskExecutor
instanceKlass javax/naming/ldap/LdapContext
instanceKlass javax/naming/directory/DirContext
instanceKlass reactor/core/publisher/Flux
instanceKlass reactor/core/CorePublisher
instanceKlass org/springframework/aop/framework/ProxyConfig
instanceKlass org/springframework/cache/CacheManager
instanceKlass javax/sql/DataSource
instanceKlass java/sql/Wrapper
instanceKlass javax/sql/CommonDataSource
instanceKlass org/springframework/boot/autoconfigure/condition/OnClassCondition$ThreadedOutcomesResolver
instanceKlass org/springframework/boot/autoconfigure/condition/OnClassCondition$StandardOutcomesResolver
instanceKlass org/springframework/boot/autoconfigure/AutoConfigurationMetadataLoader$PropertiesAutoConfigurationMetadata
instanceKlass org/springframework/boot/autoconfigure/AutoConfigurationMetadata
instanceKlass org/springframework/boot/autoconfigure/AutoConfigurationMetadataLoader
instanceKlass org/springframework/boot/autoconfigure/AutoConfigurationImportSelector$ConfigurationClassFilter
instanceKlass org/springframework/boot/autoconfigure/AutoConfigurationImportSelector$AutoConfigurationGroup
instanceKlass org/springframework/boot/autoconfigure/AutoConfigurationImportSelector$AutoConfigurationEntry
instanceKlass org/springframework/dao/support/DaoSupport
instanceKlass org/springframework/cloud/openfeign/FeignClient
instanceKlass org/mybatis/spring/annotation/MapperScans
instanceKlass org/mybatis/spring/annotation/MapperScannerRegistrar
instanceKlass org/mybatis/spring/annotation/MapperScan
instanceKlass org/springframework/boot/context/annotation/ImportCandidates
instanceKlass org/springframework/data/annotation/Persistent
instanceKlass org/springframework/data/mongodb/core/annotation/Collation
instanceKlass org/springframework/data/mongodb/core/mapping/Document
instanceKlass com/baomidou/mybatisplus/annotation/TableName
instanceKlass org/springframework/stereotype/Service
instanceKlass org/springframework/stereotype/Repository
instanceKlass org/springframework/web/bind/annotation/GetMapping
instanceKlass org/springframework/web/bind/annotation/DeleteMapping
instanceKlass org/springframework/http/HttpMethod
instanceKlass org/springframework/web/bind/annotation/PostMapping
instanceKlass io/swagger/v3/oas/annotations/security/SecurityRequirements
instanceKlass io/swagger/v3/oas/annotations/responses/ApiResponses
instanceKlass io/swagger/v3/oas/annotations/servers/Servers
instanceKlass io/swagger/v3/oas/annotations/servers/ServerVariable
instanceKlass io/swagger/v3/oas/annotations/links/LinkParameter
instanceKlass io/swagger/v3/oas/annotations/links/Link
instanceKlass io/swagger/v3/oas/annotations/Parameters
instanceKlass io/swagger/v3/oas/annotations/media/SchemaProperties
instanceKlass io/swagger/v3/oas/annotations/headers/Header
instanceKlass io/swagger/v3/oas/annotations/media/SchemaProperty
instanceKlass io/swagger/v3/oas/annotations/media/Encoding
instanceKlass io/swagger/v3/oas/annotations/media/DiscriminatorMapping
instanceKlass io/swagger/v3/oas/annotations/media/ExampleObject
instanceKlass io/swagger/v3/oas/annotations/media/Schema
instanceKlass io/swagger/v3/oas/annotations/media/Content
instanceKlass io/swagger/v3/oas/annotations/media/ArraySchema
instanceKlass io/swagger/v3/oas/annotations/responses/ApiResponse
instanceKlass io/swagger/v3/oas/annotations/servers/Server
instanceKlass io/swagger/v3/oas/annotations/parameters/RequestBody
instanceKlass io/swagger/v3/oas/annotations/Parameter
instanceKlass io/swagger/v3/oas/annotations/security/SecurityRequirement
instanceKlass io/swagger/v3/oas/annotations/Operation
instanceKlass org/springframework/web/bind/annotation/ControllerMappingReflectiveProcessor
instanceKlass org/springframework/aot/hint/annotation/SimpleReflectiveProcessor
instanceKlass org/springframework/aot/hint/annotation/ReflectiveProcessor
instanceKlass org/springframework/aot/hint/annotation/Reflective
instanceKlass org/springframework/web/bind/annotation/Mapping
instanceKlass org/springframework/web/bind/annotation/RequestMapping
instanceKlass org/springframework/web/bind/annotation/ResponseBody
instanceKlass org/springframework/stereotype/Controller
instanceKlass org/springframework/web/bind/annotation/RestController
instanceKlass io/swagger/v3/oas/annotations/tags/Tags
instanceKlass io/swagger/v3/oas/annotations/extensions/Extensions
instanceKlass io/swagger/v3/oas/annotations/extensions/ExtensionProperty
instanceKlass io/swagger/v3/oas/annotations/ExternalDocumentation
instanceKlass io/swagger/v3/oas/annotations/extensions/Extension
instanceKlass io/swagger/v3/oas/annotations/tags/Tag
instanceKlass org/springframework/util/AntPathMatcher$AntPathStringMatcher
instanceKlass java/nio/file/FileTreeWalker$Event
instanceKlass java/nio/file/FileTreeWalker$DirectoryNode
instanceKlass java/nio/file/FileTreeWalker
instanceKlass java/nio/file/FileTreeIterator
instanceKlass sun/nio/fs/WindowsUriSupport
instanceKlass org/springframework/context/annotation/TypeFilterUtils$1
instanceKlass org/springframework/context/annotation/TypeFilterUtils
instanceKlass org/springframework/web/context/support/WebApplicationContextUtils$WebRequestObjectFactory
instanceKlass org/springframework/web/context/request/WebRequest
instanceKlass org/springframework/web/context/request/RequestAttributes
instanceKlass org/springframework/web/context/support/WebApplicationContextUtils$SessionObjectFactory
instanceKlass jakarta/servlet/http/HttpSession
instanceKlass org/springframework/web/context/support/WebApplicationContextUtils$ResponseObjectFactory
instanceKlass org/springframework/web/context/support/WebApplicationContextUtils$RequestObjectFactory
instanceKlass org/springframework/web/context/request/AbstractRequestAttributesScope
instanceKlass org/springframework/boot/web/servlet/context/ServletWebServerApplicationContext$ExistingWebApplicationScopes
instanceKlass org/springframework/web/context/ServletContextAware
instanceKlass org/springframework/web/context/support/ServletContextAwareProcessor
instanceKlass org/springframework/web/context/request/RequestContextHolder
instanceKlass org/springframework/web/context/support/WebApplicationContextUtils
instanceKlass org/springframework/cloud/openfeign/FeignClientsRegistrar
instanceKlass org/springframework/cloud/commons/util/SpringFactoryImportSelector
instanceKlass org/springframework/boot/autoconfigure/AutoConfigurationPackages$Registrar
instanceKlass org/springframework/boot/autoconfigure/AutoConfigurationExcludeFilter
instanceKlass org/springframework/boot/context/TypeExcludeFilter
instanceKlass java/lang/annotation/Repeatable
instanceKlass org/springframework/boot/autoconfigure/AutoConfigurationPackage
instanceKlass org/springframework/context/annotation/ComponentScan$Filter
instanceKlass org/springframework/cloud/openfeign/EnableFeignClients
instanceKlass org/springframework/cloud/client/discovery/EnableDiscoveryClient
instanceKlass org/springframework/boot/autoconfigure/jdbc/DataSourceAutoConfiguration
instanceKlass org/springframework/boot/autoconfigure/EnableAutoConfiguration
instanceKlass org/springframework/boot/SpringBootConfiguration
instanceKlass org/springframework/boot/autoconfigure/SpringBootApplication
instanceKlass org/springframework/beans/factory/config/NamedBeanHolder
instanceKlass org/springframework/beans/factory/NamedBean
instanceKlass org/springframework/cloud/logging/LoggingRebinder
instanceKlass com/alibaba/cloud/nacos/NacosPropertySourceRepository
instanceKlass java/util/TreeMap$NavigableSubMap$SubMapIterator
instanceKlass org/yaml/snakeyaml/parser/ParserImpl$ParseDocumentStart
instanceKlass java/util/regex/Pattern$1
instanceKlass org/yaml/snakeyaml/nodes/NodeTuple
instanceKlass org/yaml/snakeyaml/events/ImplicitTuple
instanceKlass org/yaml/snakeyaml/parser/ParserImpl$ParseBlockMappingValue
instanceKlass org/yaml/snakeyaml/parser/ParserImpl$ParseBlockMappingKey
instanceKlass org/yaml/snakeyaml/resolver/Resolver$1
instanceKlass org/yaml/snakeyaml/parser/ParserImpl$ParseBlockMappingFirstKey
instanceKlass org/yaml/snakeyaml/parser/ParserImpl$ParseBlockNode
instanceKlass org/yaml/snakeyaml/parser/ParserImpl$ParseDocumentEnd
instanceKlass org/yaml/snakeyaml/scanner/SimpleKey
instanceKlass org/yaml/snakeyaml/scanner/Constant
instanceKlass org/yaml/snakeyaml/parser/ParserImpl$ParseImplicitDocumentStart
instanceKlass org/yaml/snakeyaml/Yaml$YamlIterable
instanceKlass org/yaml/snakeyaml/Yaml$1
instanceKlass org/yaml/snakeyaml/comments/CommentEventsCollector
instanceKlass org/yaml/snakeyaml/parser/ParserImpl$ParseStreamStart
instanceKlass org/yaml/snakeyaml/parser/VersionTagsTuple
instanceKlass org/yaml/snakeyaml/error/Mark
instanceKlass org/yaml/snakeyaml/util/ArrayStack
instanceKlass org/yaml/snakeyaml/tokens/Token
instanceKlass org/yaml/snakeyaml/scanner/ScannerImpl
instanceKlass org/yaml/snakeyaml/reader/StreamReader
instanceKlass org/yaml/snakeyaml/events/Event
instanceKlass org/yaml/snakeyaml/parser/Production
instanceKlass org/yaml/snakeyaml/scanner/Scanner
instanceKlass org/yaml/snakeyaml/parser/ParserImpl
instanceKlass org/yaml/snakeyaml/composer/Composer
instanceKlass org/yaml/snakeyaml/util/PlatformFeatureDetector
instanceKlass org/yaml/snakeyaml/introspector/Property
instanceKlass org/yaml/snakeyaml/introspector/PropertyUtils
instanceKlass org/yaml/snakeyaml/emitter/Emitable
instanceKlass org/yaml/snakeyaml/parser/Parser
instanceKlass org/yaml/snakeyaml/resolver/ResolverTuple
instanceKlass org/yaml/snakeyaml/representer/Representer$RepresentJavaBean
instanceKlass org/yaml/snakeyaml/representer/SafeRepresenter$RepresentEnum
instanceKlass org/yaml/snakeyaml/representer/SafeRepresenter$RepresentDate
instanceKlass org/yaml/snakeyaml/representer/SafeRepresenter$RepresentArray
instanceKlass org/yaml/snakeyaml/representer/SafeRepresenter$RepresentIterator
instanceKlass org/yaml/snakeyaml/representer/SafeRepresenter$RepresentSet
instanceKlass org/yaml/snakeyaml/representer/SafeRepresenter$RepresentMap
instanceKlass org/yaml/snakeyaml/representer/SafeRepresenter$RepresentList
instanceKlass org/yaml/snakeyaml/representer/SafeRepresenter$RepresentNumber
instanceKlass org/yaml/snakeyaml/representer/SafeRepresenter$RepresentPrimitiveArray
instanceKlass org/yaml/snakeyaml/representer/SafeRepresenter$RepresentByteArray
instanceKlass org/yaml/snakeyaml/representer/SafeRepresenter$RepresentUuid
instanceKlass org/yaml/snakeyaml/representer/SafeRepresenter$RepresentBoolean
instanceKlass org/yaml/snakeyaml/representer/SafeRepresenter$RepresentString
instanceKlass org/yaml/snakeyaml/representer/SafeRepresenter$RepresentNull
instanceKlass org/yaml/snakeyaml/representer/Represent
instanceKlass org/yaml/snakeyaml/representer/BaseRepresenter
instanceKlass org/yaml/snakeyaml/serializer/NumberAnchorGenerator
instanceKlass org/yaml/snakeyaml/serializer/AnchorGenerator
instanceKlass org/yaml/snakeyaml/DumperOptions
instanceKlass org/yaml/snakeyaml/constructor/SafeConstructor$ConstructYamlMap
instanceKlass org/yaml/snakeyaml/constructor/SafeConstructor$ConstructYamlSeq
instanceKlass org/yaml/snakeyaml/constructor/SafeConstructor$ConstructYamlSet
instanceKlass org/yaml/snakeyaml/external/com/google/gdata/util/common/base/UnicodeEscaper
instanceKlass org/yaml/snakeyaml/external/com/google/gdata/util/common/base/Escaper
instanceKlass org/yaml/snakeyaml/util/UriEncoder
instanceKlass org/yaml/snakeyaml/nodes/Tag
instanceKlass org/yaml/snakeyaml/internal/Logger
instanceKlass org/yaml/snakeyaml/TypeDescription
instanceKlass org/yaml/snakeyaml/constructor/AbstractConstruct
instanceKlass org/yaml/snakeyaml/constructor/Construct
instanceKlass org/yaml/snakeyaml/nodes/Node
instanceKlass org/yaml/snakeyaml/inspector/UnTrustedTagInspector
instanceKlass org/yaml/snakeyaml/LoaderOptions
instanceKlass org/springframework/beans/factory/config/YamlProcessor$MatchCallback
instanceKlass org/yaml/snakeyaml/resolver/Resolver
instanceKlass org/yaml/snakeyaml/constructor/BaseConstructor
instanceKlass org/yaml/snakeyaml/inspector/TagInspector
instanceKlass org/springframework/beans/factory/config/YamlProcessor
instanceKlass org/yaml/snakeyaml/Yaml
instanceKlass com/alibaba/nacos/common/utils/Pair
instanceKlass com/alibaba/nacos/plugin/encryption/handler/EncryptionHandler
instanceKlass com/alibaba/nacos/client/config/filter/impl/ConfigFilterChainManager$VirtualFilterChain
instanceKlass java/io/FileOutputStream$1
instanceKlass com/alibaba/nacos/common/utils/IoUtils
instanceKlass com/alibaba/nacos/client/config/utils/JvmUtil
instanceKlass com/alibaba/nacos/client/config/utils/SnapShotSwitch
instanceKlass com/alibaba/nacos/shaded/com/google/protobuf/FieldSet$1
instanceKlass com/alibaba/nacos/shaded/com/google/protobuf/MapEntryLite
instanceKlass com/alibaba/nacos/shaded/com/google/common/math/LongMath
instanceKlass com/alibaba/nacos/shaded/com/google/common/cache/LocalCache$StrongValueReference
instanceKlass com/alibaba/nacos/shaded/com/google/common/util/concurrent/Uninterruptibles
instanceKlass com/alibaba/nacos/shaded/com/google/common/util/concurrent/RateLimiter$SleepingStopwatch
instanceKlass com/alibaba/nacos/shaded/com/google/common/util/concurrent/AbstractFuture$Trusted
instanceKlass com/alibaba/nacos/shaded/com/google/common/cache/LocalCache$LoadingValueReference
instanceKlass com/alibaba/nacos/shaded/com/google/common/util/concurrent/RateLimiter
instanceKlass com/alibaba/nacos/shaded/com/google/common/cache/LocalCache$AbstractReferenceEntry
instanceKlass com/alibaba/nacos/shaded/com/google/common/cache/RemovalListener
instanceKlass com/alibaba/nacos/shaded/com/google/common/cache/Weigher
instanceKlass com/alibaba/nacos/shaded/com/google/common/base/Equivalence
instanceKlass com/alibaba/nacos/shaded/com/google/common/cache/LocalCache$1
instanceKlass com/alibaba/nacos/shaded/com/google/common/cache/ReferenceEntry
instanceKlass com/alibaba/nacos/shaded/com/google/common/cache/LocalCache$ValueReference
instanceKlass com/alibaba/nacos/shaded/com/google/common/cache/CacheLoader
instanceKlass com/alibaba/nacos/shaded/com/google/common/cache/LocalCache$LocalManualCache
instanceKlass com/alibaba/nacos/shaded/com/google/common/cache/CacheStats
instanceKlass com/alibaba/nacos/shaded/com/google/common/base/Suppliers$SupplierOfInstance
instanceKlass com/alibaba/nacos/shaded/com/google/common/base/Suppliers
instanceKlass com/alibaba/nacos/shaded/com/google/common/cache/CacheBuilder$1
instanceKlass com/alibaba/nacos/shaded/com/google/common/cache/AbstractCache$StatsCounter
instanceKlass com/alibaba/nacos/shaded/com/google/common/cache/LoadingCache
instanceKlass com/alibaba/nacos/shaded/com/google/common/base/Function
instanceKlass com/alibaba/nacos/shaded/com/google/common/cache/Cache
instanceKlass com/alibaba/nacos/shaded/com/google/common/cache/CacheBuilder
instanceKlass com/alibaba/nacos/client/config/impl/Limiter
instanceKlass com/alibaba/nacos/shaded/com/google/gson/internal/LinkedTreeMap$LinkedTreeMapIterator
instanceKlass com/alibaba/nacos/shaded/com/google/gson/internal/Streams
instanceKlass com/alibaba/nacos/shaded/com/google/gson/internal/LinkedTreeMap$Node
instanceKlass com/alibaba/nacos/shaded/com/google/gson/internal/LinkedTreeMap$1
instanceKlass com/alibaba/nacos/shaded/com/google/gson/internal/ConstructorConstructor$15
instanceKlass com/alibaba/nacos/shaded/com/google/gson/internal/$Gson$Types$ParameterizedTypeImpl
instanceKlass com/alibaba/nacos/shaded/com/google/gson/internal/Primitives
instanceKlass com/alibaba/nacos/shaded/com/google/gson/annotations/SerializedName
instanceKlass com/alibaba/nacos/shaded/com/google/gson/internal/ConstructorConstructor$4
instanceKlass com/alibaba/nacos/shaded/com/google/gson/internal/reflect/ReflectionHelper
instanceKlass com/alibaba/nacos/shaded/com/google/gson/annotations/JsonAdapter
instanceKlass com/alibaba/nacos/shaded/com/google/gson/internal/bind/ReflectiveTypeAdapterFactory$BoundField
instanceKlass com/alibaba/nacos/shaded/com/google/gson/internal/bind/ReflectiveTypeAdapterFactory
instanceKlass com/alibaba/nacos/shaded/com/google/gson/internal/bind/JsonAdapterAnnotationTypeAdapterFactory
instanceKlass com/alibaba/nacos/shaded/com/google/gson/internal/bind/MapTypeAdapterFactory
instanceKlass com/alibaba/nacos/shaded/com/google/gson/internal/bind/CollectionTypeAdapterFactory
instanceKlass com/alibaba/nacos/shaded/com/google/gson/internal/bind/ArrayTypeAdapter$1
instanceKlass com/alibaba/nacos/shaded/com/google/gson/internal/sql/SqlTimestampTypeAdapter$1
instanceKlass com/alibaba/nacos/shaded/com/google/gson/internal/sql/SqlTimeTypeAdapter$1
instanceKlass com/alibaba/nacos/shaded/com/google/gson/internal/sql/SqlDateTypeAdapter$1
instanceKlass com/alibaba/nacos/shaded/com/google/gson/internal/bind/DefaultDateTypeAdapter$DateType
instanceKlass com/alibaba/nacos/shaded/com/google/gson/internal/sql/SqlTypesSupport
instanceKlass com/alibaba/nacos/shaded/com/google/gson/internal/bind/DateTypeAdapter$1
instanceKlass com/alibaba/nacos/shaded/com/google/gson/internal/bind/NumberTypeAdapter$1
instanceKlass com/alibaba/nacos/shaded/com/google/gson/internal/bind/ObjectTypeAdapter$1
instanceKlass com/alibaba/nacos/shaded/com/google/gson/internal/bind/TypeAdapters$29
instanceKlass com/alibaba/nacos/shaded/com/google/gson/internal/bind/TypeAdapters$33
instanceKlass com/alibaba/nacos/shaded/com/google/gson/internal/bind/TypeAdapters$34
instanceKlass java/util/concurrent/atomic/AtomicIntegerArray
instanceKlass com/alibaba/nacos/shaded/com/google/gson/internal/bind/TypeAdapters$32
instanceKlass com/alibaba/nacos/shaded/com/google/gson/internal/bind/TypeAdapters$31
instanceKlass com/alibaba/nacos/shaded/com/google/gson/internal/bind/TypeAdapters
instanceKlass com/alibaba/nacos/shaded/com/google/gson/internal/ObjectConstructor
instanceKlass com/alibaba/nacos/shaded/com/google/gson/internal/ConstructorConstructor
instanceKlass com/alibaba/nacos/shaded/com/google/gson/internal/Excluder
instanceKlass com/alibaba/nacos/shaded/com/google/gson/internal/$Gson$Types
instanceKlass com/alibaba/nacos/shaded/com/google/gson/internal/$Gson$Preconditions
instanceKlass com/alibaba/nacos/shaded/com/google/gson/reflect/TypeToken
instanceKlass com/alibaba/nacos/shaded/com/google/gson/stream/JsonReader
instanceKlass com/alibaba/nacos/shaded/com/google/gson/TypeAdapterFactory
instanceKlass com/alibaba/nacos/shaded/com/google/gson/stream/JsonWriter
instanceKlass com/alibaba/nacos/shaded/com/google/gson/JsonElement
instanceKlass com/alibaba/nacos/shaded/com/google/gson/TypeAdapter
instanceKlass com/alibaba/nacos/shaded/com/google/gson/ToNumberStrategy
instanceKlass com/alibaba/nacos/shaded/com/google/gson/FieldNamingStrategy
instanceKlass com/alibaba/nacos/shaded/com/google/gson/Gson
instanceKlass sun/security/provider/ByteArrayAccess$LE
instanceKlass com/alibaba/nacos/common/utils/MD5Utils
instanceKlass com/alibaba/nacos/plugin/auth/api/RequestResource$Builder
instanceKlass com/alibaba/nacos/plugin/auth/api/RequestResource
instanceKlass com/alibaba/nacos/common/remote/client/RpcClient$ConnectResetRequestHandler
instanceKlass com/alibaba/nacos/common/remote/client/RpcClient$ConnectionEvent
instanceKlass com/alibaba/nacos/shaded/io/grpc/internal/RetriableStream$1FlushEntry
instanceKlass com/alibaba/nacos/api/ability/initializer/AbilityPostProcessor
instanceKlass com/alibaba/nacos/api/ability/register/AbstractAbilityRegistry
instanceKlass com/alibaba/nacos/common/utils/MapUtil
instanceKlass com/alibaba/nacos/common/ability/AbstractAbilityControlManager
instanceKlass com/alibaba/nacos/common/ability/discover/NacosAbilityManagerHolder
instanceKlass com/alibaba/nacos/shaded/io/grpc/stub/ClientResponseObserver
instanceKlass com/alibaba/nacos/shaded/io/grpc/stub/CallStreamObserver
instanceKlass com/alibaba/nacos/api/grpc/auto/BiRequestStreamGrpc$BiRequestStreamBaseDescriptorSupplier
instanceKlass com/alibaba/nacos/common/remote/client/grpc/GrpcClient$1
instanceKlass com/alibaba/nacos/api/remote/RequestFuture
instanceKlass com/alibaba/nacos/shaded/com/google/common/util/concurrent/FutureCallback
instanceKlass com/alibaba/nacos/api/grpc/auto/BiRequestStreamGrpc
instanceKlass com/fasterxml/jackson/core/io/NumberInput
instanceKlass com/fasterxml/jackson/databind/util/LinkedNode
instanceKlass com/fasterxml/jackson/databind/deser/std/NumberDeserializers
instanceKlass com/fasterxml/jackson/databind/deser/impl/ReadableObjectId$Referring
instanceKlass com/fasterxml/jackson/databind/deser/impl/BeanPropertyMap
instanceKlass com/fasterxml/jackson/annotation/JsonAlias
instanceKlass com/fasterxml/jackson/databind/introspect/POJOPropertyBuilder$4
instanceKlass com/fasterxml/jackson/databind/deser/impl/NullsConstantProvider
instanceKlass com/fasterxml/jackson/databind/deser/BeanDeserializerBuilder
instanceKlass com/fasterxml/jackson/databind/deser/impl/CreatorCandidate$Param
instanceKlass com/fasterxml/jackson/databind/deser/impl/CreatorCandidate
instanceKlass com/fasterxml/jackson/annotation/JsonCreator
instanceKlass com/fasterxml/jackson/databind/deser/BasicDeserializerFactory$CreatorCollectionState
instanceKlass com/fasterxml/jackson/databind/deser/impl/CreatorCollector
instanceKlass com/fasterxml/jackson/databind/cfg/ConstructorDetector
instanceKlass com/fasterxml/jackson/core/JsonLocation
instanceKlass com/fasterxml/jackson/databind/deser/ValueInstantiator
instanceKlass com/fasterxml/jackson/databind/deser/impl/JDKValueInstantiators
instanceKlass com/fasterxml/jackson/databind/annotation/JsonValueInstantiator
instanceKlass com/fasterxml/jackson/databind/jsontype/impl/SubTypeValidator
instanceKlass com/fasterxml/jackson/databind/deser/std/JdkDeserializers
instanceKlass com/fasterxml/jackson/core/json/ByteSourceJsonBootstrapper
instanceKlass com/alibaba/nacos/shaded/com/google/common/util/concurrent/AbstractFuture$Failure
instanceKlass com/alibaba/nacos/shaded/com/google/common/util/concurrent/AbstractFuture$Cancellation
instanceKlass com/alibaba/nacos/shaded/com/google/common/util/concurrent/AbstractFuture$SetFuture
instanceKlass com/alibaba/nacos/shaded/io/grpc/internal/DelayedClientCall$DelayedListener$3
instanceKlass com/alibaba/nacos/shaded/io/grpc/internal/RetriableStream$4
instanceKlass com/alibaba/nacos/shaded/io/grpc/internal/RetriableStream$SavedCloseMasterListenerReason
instanceKlass com/alibaba/nacos/shaded/com/google/protobuf/UnknownFieldSet$Builder
instanceKlass com/alibaba/nacos/shaded/io/grpc/internal/DelayedStream$DelayedStreamListener$4
instanceKlass com/alibaba/nacos/shaded/io/grpc/internal/AbstractClientStream$TransportState$1
instanceKlass com/alibaba/nacos/shaded/io/grpc/internal/RetriableStream$Sublistener$4
instanceKlass com/alibaba/nacos/shaded/io/grpc/internal/MessageDeframer$SingleMessageProducer
instanceKlass com/alibaba/nacos/shaded/io/grpc/Detachable
instanceKlass com/alibaba/nacos/shaded/io/grpc/HasByteBuffer
instanceKlass com/alibaba/nacos/shaded/io/grpc/internal/ReadableBuffers
instanceKlass com/alibaba/nacos/shaded/io/grpc/internal/MessageDeframer$1
instanceKlass com/alibaba/nacos/shaded/io/grpc/internal/RetriableStream$Sublistener$1
instanceKlass com/alibaba/nacos/shaded/io/grpc/internal/RetriableStream$1CommitTask
instanceKlass com/alibaba/nacos/shaded/io/grpc/internal/DelayedStream$DelayedStreamListener$3
instanceKlass com/alibaba/nacos/shaded/io/grpc/InternalStatus
instanceKlass com/alibaba/nacos/shaded/io/grpc/netty/shaded/io/netty/handler/codec/http/HttpHeaderNames
instanceKlass com/alibaba/nacos/shaded/io/grpc/netty/shaded/io/netty/handler/codec/http2/DefaultHttp2ConnectionDecoder$1
instanceKlass com/alibaba/nacos/shaded/io/grpc/netty/shaded/io/netty/handler/codec/http2/HpackDecoder$1
instanceKlass com/alibaba/nacos/shaded/io/grpc/netty/shaded/io/netty/handler/codec/http/HttpHeaderValidationUtil$BitSet128
instanceKlass com/alibaba/nacos/shaded/io/grpc/netty/shaded/io/netty/handler/codec/http/HttpHeaderValidationUtil
instanceKlass com/alibaba/nacos/shaded/io/grpc/netty/shaded/io/netty/handler/codec/http2/HpackDecoder$Http2HeadersSink
instanceKlass com/alibaba/nacos/shaded/io/grpc/netty/shaded/io/netty/handler/codec/http2/DefaultHttp2FrameReader$HeadersBlockBuilder
instanceKlass com/alibaba/nacos/shaded/io/grpc/netty/shaded/io/netty/buffer/PoolArena$1
instanceKlass com/alibaba/nacos/shaded/io/grpc/internal/RetriableStream$Sublistener$5
instanceKlass com/alibaba/nacos/shaded/io/grpc/internal/InternalSubchannel$7
instanceKlass com/alibaba/nacos/shaded/io/grpc/netty/shaded/io/netty/util/internal/RecyclableArrayList$1
instanceKlass com/alibaba/nacos/shaded/io/grpc/netty/shaded/io/netty/handler/codec/http2/Http2ConnectionHandler$6
instanceKlass com/alibaba/nacos/shaded/io/grpc/netty/shaded/io/netty/buffer/CompositeByteBuf$Component
instanceKlass com/alibaba/nacos/shaded/io/grpc/netty/shaded/io/netty/buffer/CompositeByteBuf$2
instanceKlass com/alibaba/nacos/shaded/io/grpc/netty/shaded/io/netty/buffer/CompositeByteBuf$1
instanceKlass com/alibaba/nacos/shaded/io/grpc/netty/shaded/io/netty/buffer/CompositeByteBuf$ByteWrapper
instanceKlass com/alibaba/nacos/shaded/io/grpc/netty/shaded/io/netty/channel/DelegatingChannelPromiseNotifier
instanceKlass com/alibaba/nacos/shaded/io/grpc/netty/shaded/io/netty/channel/AbstractCoalescingBufferQueue
instanceKlass com/alibaba/nacos/shaded/io/grpc/netty/shaded/io/netty/handler/codec/http2/DefaultHttp2ConnectionEncoder$FlowControlledBase
instanceKlass com/alibaba/nacos/shaded/io/grpc/netty/shaded/io/netty/handler/codec/http2/DefaultHttp2ConnectionEncoder$2
instanceKlass com/alibaba/nacos/shaded/io/grpc/netty/shaded/io/grpc/netty/NettyClientHandler$4
instanceKlass com/alibaba/nacos/shaded/io/grpc/netty/shaded/io/netty/handler/codec/http2/DefaultHttp2ConnectionEncoder$1
instanceKlass com/alibaba/nacos/shaded/io/grpc/netty/shaded/io/netty/buffer/PooledSlicedByteBuf$1
instanceKlass com/alibaba/nacos/shaded/io/grpc/netty/shaded/io/netty/handler/codec/http2/HpackEncoder$1
instanceKlass com/alibaba/nacos/shaded/io/grpc/netty/shaded/io/netty/handler/codec/http2/HpackStaticTable$HeaderIndex
instanceKlass com/alibaba/nacos/shaded/io/grpc/netty/shaded/io/netty/handler/codec/http2/HpackStaticTable$HeaderNameIndex
instanceKlass com/alibaba/nacos/shaded/io/grpc/netty/shaded/io/netty/handler/codec/http2/HpackStaticTable
instanceKlass com/alibaba/nacos/shaded/io/grpc/netty/shaded/io/grpc/netty/GrpcHttp2OutboundHeaders$Itr
instanceKlass com/alibaba/nacos/shaded/io/grpc/netty/shaded/io/netty/handler/codec/http2/WeightedFairQueueByteDistributor$2
instanceKlass com/alibaba/nacos/shaded/io/grpc/netty/shaded/io/netty/handler/codec/http2/WeightedFairQueueByteDistributor$ParentChangedEvent
instanceKlass com/alibaba/nacos/shaded/io/grpc/netty/shaded/io/netty/handler/codec/http2/DefaultHttp2Connection$2
instanceKlass com/alibaba/nacos/shaded/io/grpc/netty/shaded/io/grpc/netty/NettyClientStream$Sink$2
instanceKlass com/alibaba/nacos/shaded/io/grpc/netty/shaded/io/grpc/netty/NettyWritableBuffer
instanceKlass com/alibaba/nacos/shaded/com/google/protobuf/MapField$MutabilityAwareMap$MutabilityAwareIterator
instanceKlass com/alibaba/nacos/shaded/com/google/protobuf/MapField$MutabilityAwareMap$MutabilityAwareSet
instanceKlass com/alibaba/nacos/shaded/com/google/protobuf/Writer
instanceKlass com/alibaba/nacos/shaded/com/google/protobuf/ByteOutput
instanceKlass com/alibaba/nacos/shaded/io/grpc/internal/AbstractStream$TransportState$1RequestRunnable
instanceKlass com/alibaba/nacos/shaded/io/grpc/netty/shaded/io/netty/handler/codec/http2/DefaultHttp2LocalFlowController$WindowUpdateVisitor
instanceKlass com/alibaba/nacos/shaded/io/grpc/internal/ThreadOptimizedDeframer
instanceKlass com/alibaba/nacos/shaded/io/grpc/internal/DelayedStream$4
instanceKlass com/alibaba/nacos/shaded/io/grpc/netty/shaded/io/grpc/netty/NettyClientStream$Sink$1
instanceKlass com/alibaba/nacos/shaded/io/grpc/internal/TransportFrameUtil
instanceKlass com/alibaba/nacos/shaded/io/grpc/internal/ForwardingClientStreamListener
instanceKlass com/alibaba/nacos/shaded/io/grpc/internal/ForwardingClientStream
instanceKlass com/alibaba/nacos/shaded/io/grpc/netty/shaded/io/grpc/netty/NettyClientStream$Sink
instanceKlass com/alibaba/nacos/shaded/io/grpc/internal/MessageFramer
instanceKlass com/alibaba/nacos/shaded/io/grpc/internal/WritableBuffer
instanceKlass com/alibaba/nacos/shaded/io/grpc/netty/shaded/io/grpc/netty/NettyWritableBufferAllocator
instanceKlass com/alibaba/nacos/shaded/io/grpc/internal/CompositeReadableBuffer$5
instanceKlass com/alibaba/nacos/shaded/io/grpc/internal/CompositeReadableBuffer$4
instanceKlass com/alibaba/nacos/shaded/io/grpc/internal/CompositeReadableBuffer$3
instanceKlass com/alibaba/nacos/shaded/io/grpc/internal/CompositeReadableBuffer$2
instanceKlass com/alibaba/nacos/shaded/io/grpc/internal/CompositeReadableBuffer$1
instanceKlass com/alibaba/nacos/shaded/io/grpc/internal/CompositeReadableBuffer$NoThrowReadOperation
instanceKlass com/alibaba/nacos/shaded/io/grpc/internal/CompositeReadableBuffer$ReadOperation
instanceKlass com/alibaba/nacos/shaded/io/grpc/internal/AbstractReadableBuffer
instanceKlass com/alibaba/nacos/shaded/io/grpc/internal/StreamListener$MessageProducer
instanceKlass com/alibaba/nacos/shaded/io/grpc/internal/MessageDeframer
instanceKlass com/alibaba/nacos/shaded/io/grpc/internal/Http2ClientStreamTransportState$1
instanceKlass com/alibaba/nacos/shaded/io/grpc/internal/ReadableBuffer
instanceKlass com/alibaba/nacos/shaded/io/grpc/internal/Deframer
instanceKlass com/alibaba/nacos/shaded/io/grpc/InternalMethodDescriptor
instanceKlass com/alibaba/nacos/shaded/io/grpc/internal/AbstractClientStream$Sink
instanceKlass com/alibaba/nacos/shaded/io/grpc/internal/WritableBufferAllocator
instanceKlass com/alibaba/nacos/shaded/io/grpc/internal/Framer
instanceKlass com/alibaba/nacos/shaded/io/grpc/internal/AbstractStream
instanceKlass com/alibaba/nacos/shaded/io/grpc/internal/MessageFramer$Sink
instanceKlass com/alibaba/nacos/shaded/io/grpc/internal/StatsTraceContext
instanceKlass com/alibaba/nacos/shaded/io/grpc/internal/InternalSubchannel$TransportListener$1
instanceKlass com/alibaba/nacos/shaded/io/grpc/netty/shaded/io/netty/handler/codec/http2/DefaultHttp2RemoteFlowController$WritabilityMonitor$1
instanceKlass com/alibaba/nacos/shaded/io/grpc/netty/shaded/io/netty/handler/codec/http2/DefaultHttp2ConnectionDecoder$FrameReadListener
instanceKlass com/alibaba/nacos/shaded/io/grpc/netty/shaded/io/netty/handler/codec/http2/Http2InboundFrameLogger$1
instanceKlass com/alibaba/nacos/shaded/io/grpc/netty/shaded/io/netty/handler/codec/CodecOutputList$CodecOutputLists
instanceKlass com/alibaba/nacos/shaded/io/grpc/netty/shaded/io/netty/handler/codec/CodecOutputList$1
instanceKlass com/alibaba/nacos/shaded/io/grpc/netty/shaded/io/netty/handler/codec/CodecOutputList$CodecOutputListRecycler
instanceKlass com/alibaba/nacos/shaded/io/grpc/netty/shaded/io/netty/channel/DefaultMaxMessagesRecvByteBufAllocator$MaxMessageHandle$1
instanceKlass com/alibaba/nacos/shaded/io/grpc/netty/shaded/io/netty/util/UncheckedBooleanSupplier
instanceKlass com/alibaba/nacos/shaded/io/grpc/netty/shaded/io/netty/util/BooleanSupplier
instanceKlass com/alibaba/nacos/shaded/io/grpc/netty/shaded/io/netty/channel/DefaultMaxMessagesRecvByteBufAllocator$MaxMessageHandle
instanceKlass com/alibaba/nacos/shaded/io/grpc/netty/shaded/io/netty/channel/RecvByteBufAllocator$ExtendedHandle
instanceKlass com/alibaba/nacos/shaded/io/grpc/netty/shaded/io/netty/buffer/DefaultByteBufHolder
instanceKlass com/alibaba/nacos/shaded/io/grpc/netty/shaded/io/netty/buffer/PoolThreadCache$MemoryRegionCache$Entry
instanceKlass com/alibaba/nacos/shaded/io/grpc/netty/shaded/io/netty/buffer/PoolThreadCache$1
instanceKlass com/alibaba/nacos/shaded/io/grpc/netty/shaded/io/netty/util/internal/PromiseNotificationUtil
instanceKlass sun/nio/ch/IOVecWrapper$Deallocator
instanceKlass sun/nio/ch/NativeObject
instanceKlass sun/nio/ch/IOVecWrapper
instanceKlass com/alibaba/nacos/shaded/io/grpc/netty/shaded/io/netty/channel/socket/ChannelInputShutdownEvent
instanceKlass com/alibaba/nacos/shaded/io/grpc/netty/shaded/io/netty/handler/codec/http2/Http2ConnectionPrefaceAndSettingsFrameWrittenEvent
instanceKlass com/alibaba/nacos/shaded/io/grpc/netty/shaded/io/netty/util/collection/CharObjectHashMap$PrimitiveIterator
instanceKlass com/alibaba/nacos/shaded/io/grpc/netty/shaded/io/netty/util/collection/CharObjectMap$PrimitiveEntry
instanceKlass com/alibaba/nacos/shaded/io/grpc/netty/shaded/io/netty/handler/codec/http2/Http2Flags
instanceKlass com/alibaba/nacos/shaded/io/grpc/netty/shaded/io/netty/buffer/LongLongHashMap
instanceKlass com/alibaba/nacos/shaded/io/grpc/netty/shaded/io/netty/buffer/LongPriorityQueue
instanceKlass com/alibaba/nacos/shaded/io/grpc/netty/shaded/io/netty/buffer/PoolChunk
instanceKlass com/alibaba/nacos/shaded/io/grpc/netty/shaded/io/netty/buffer/PoolChunkMetric
instanceKlass com/alibaba/nacos/shaded/io/grpc/netty/shaded/io/netty/buffer/PooledUnsafeDirectByteBuf$1
instanceKlass com/alibaba/nacos/shaded/io/grpc/netty/shaded/io/netty/buffer/PoolThreadCache$MemoryRegionCache$1
instanceKlass com/alibaba/nacos/shaded/io/grpc/netty/shaded/io/netty/buffer/PoolThreadCache$MemoryRegionCache
instanceKlass com/alibaba/nacos/shaded/io/grpc/netty/shaded/io/netty/util/internal/logging/AbstractInternalLogger$1
instanceKlass com/alibaba/nacos/shaded/io/grpc/netty/shaded/io/netty/channel/ChannelFutureListener$3
instanceKlass com/alibaba/nacos/shaded/io/grpc/netty/shaded/io/netty/channel/ChannelFutureListener$2
instanceKlass com/alibaba/nacos/shaded/io/grpc/netty/shaded/io/netty/channel/ChannelFutureListener$1
instanceKlass com/alibaba/nacos/shaded/io/grpc/netty/shaded/io/netty/channel/ChannelOutboundBuffer$Entry$1
instanceKlass com/alibaba/nacos/shaded/io/grpc/InternalChannelz$Security
instanceKlass com/alibaba/nacos/shaded/io/grpc/Grpc
instanceKlass com/alibaba/nacos/shaded/io/grpc/netty/shaded/io/netty/util/concurrent/GenericProgressiveFutureListener
instanceKlass com/alibaba/nacos/shaded/io/grpc/netty/shaded/io/grpc/netty/WriteBufferingAndExceptionHandler$1ConnectListener
instanceKlass com/alibaba/nacos/shaded/io/grpc/netty/shaded/io/netty/channel/nio/AbstractNioChannel$AbstractNioUnsafe$2
instanceKlass com/alibaba/nacos/shaded/io/grpc/netty/shaded/io/netty/channel/nio/AbstractNioChannel$AbstractNioUnsafe$1
instanceKlass com/alibaba/nacos/shaded/io/grpc/netty/shaded/io/netty/util/internal/SocketUtils$3
instanceKlass com/alibaba/nacos/shaded/io/grpc/netty/shaded/io/grpc/netty/WriteBufferingAndExceptionHandler$ChannelWrite
instanceKlass com/alibaba/nacos/shaded/io/grpc/internal/DnsNameResolver$Resolve$1
instanceKlass com/alibaba/nacos/shaded/io/grpc/netty/shaded/io/grpc/netty/WriteQueue$AbstractQueuedCommand
instanceKlass com/alibaba/nacos/shaded/io/grpc/netty/shaded/io/netty/channel/AbstractChannelHandlerContext$9
instanceKlass com/alibaba/nacos/shaded/io/grpc/netty/shaded/io/grpc/netty/NettyClientTransport$5
instanceKlass com/alibaba/nacos/shaded/io/grpc/netty/shaded/io/netty/buffer/ByteBufHolder
instanceKlass com/alibaba/nacos/shaded/io/grpc/netty/shaded/io/netty/util/internal/shaded/org/jctools/queues/MessagePassingQueueUtil
instanceKlass com/alibaba/nacos/shaded/io/grpc/netty/shaded/io/netty/util/Recycler$LocalPool
instanceKlass com/alibaba/nacos/shaded/io/grpc/netty/shaded/io/netty/util/internal/shaded/org/jctools/queues/MessagePassingQueue$Consumer
instanceKlass com/alibaba/nacos/shaded/io/grpc/netty/shaded/io/netty/util/Recycler$EnhancedHandle
instanceKlass com/alibaba/nacos/shaded/io/grpc/netty/shaded/io/netty/util/Recycler$Handle
instanceKlass com/alibaba/nacos/shaded/io/grpc/netty/shaded/io/netty/util/internal/ObjectPool$Handle
instanceKlass com/alibaba/nacos/shaded/io/grpc/netty/shaded/io/netty/util/Recycler
instanceKlass com/alibaba/nacos/shaded/io/grpc/netty/shaded/io/netty/util/internal/ObjectPool
instanceKlass com/alibaba/nacos/shaded/io/grpc/netty/shaded/io/netty/channel/AbstractChannelHandlerContext$WriteTask$1
instanceKlass com/alibaba/nacos/shaded/io/grpc/netty/shaded/io/netty/util/internal/ObjectPool$ObjectCreator
instanceKlass com/alibaba/nacos/shaded/io/grpc/netty/shaded/io/grpc/netty/ProtocolNegotiationEvent
instanceKlass com/alibaba/nacos/shaded/io/grpc/netty/shaded/io/netty/channel/AbstractChannelHandlerContext$WriteTask
instanceKlass com/alibaba/nacos/shaded/io/grpc/netty/shaded/io/netty/util/ReferenceCountUtil
instanceKlass com/alibaba/nacos/shaded/io/grpc/netty/shaded/io/grpc/netty/WriteQueue$1
instanceKlass java/lang/invoke/ConstantBootstraps
instanceKlass com/alibaba/nacos/shaded/io/grpc/netty/shaded/io/grpc/netty/WriteQueue
instanceKlass com/alibaba/nacos/shaded/io/grpc/netty/shaded/io/netty/channel/AbstractChannel$AbstractUnsafe$1
instanceKlass sun/nio/ch/SocketChannelImpl$DefaultOptionsHolder
instanceKlass com/alibaba/nacos/shaded/io/grpc/netty/shaded/io/netty/buffer/ByteBufUtil$2
instanceKlass com/alibaba/nacos/shaded/io/grpc/netty/shaded/io/netty/buffer/ByteBufUtil
instanceKlass com/alibaba/nacos/shaded/io/grpc/netty/shaded/io/netty/channel/RecvByteBufAllocator$Handle
instanceKlass com/alibaba/nacos/shaded/io/grpc/netty/shaded/io/netty/channel/DefaultMaxMessagesRecvByteBufAllocator
instanceKlass com/alibaba/nacos/shaded/io/grpc/netty/shaded/io/netty/channel/MaxMessagesRecvByteBufAllocator
instanceKlass com/alibaba/nacos/shaded/io/grpc/netty/shaded/io/netty/channel/WriteBufferWaterMark
instanceKlass com/alibaba/nacos/shaded/io/grpc/netty/shaded/io/netty/channel/DefaultMessageSizeEstimator$HandleImpl
instanceKlass com/alibaba/nacos/shaded/io/grpc/netty/shaded/io/netty/channel/DefaultMessageSizeEstimator
instanceKlass com/alibaba/nacos/shaded/io/grpc/netty/shaded/io/netty/channel/MessageSizeEstimator
instanceKlass com/alibaba/nacos/shaded/io/grpc/netty/shaded/io/netty/channel/RecvByteBufAllocator
instanceKlass com/alibaba/nacos/shaded/io/grpc/netty/shaded/io/netty/channel/DefaultChannelConfig
instanceKlass com/alibaba/nacos/shaded/io/grpc/netty/shaded/io/netty/channel/nio/AbstractNioByteChannel$1
instanceKlass com/alibaba/nacos/shaded/io/grpc/netty/shaded/io/netty/channel/nio/AbstractNioChannel$1
instanceKlass com/alibaba/nacos/shaded/io/grpc/netty/shaded/io/netty/channel/ChannelHandlerMask$Skip
instanceKlass com/alibaba/nacos/shaded/io/grpc/netty/shaded/io/netty/channel/ChannelHandlerMask$2
instanceKlass com/alibaba/nacos/shaded/io/grpc/netty/shaded/io/netty/channel/ChannelHandlerMask
instanceKlass com/alibaba/nacos/shaded/io/grpc/netty/shaded/io/netty/channel/AbstractChannelHandlerContext$Tasks
instanceKlass com/alibaba/nacos/shaded/io/grpc/netty/shaded/io/netty/channel/VoidChannelPromise$1
instanceKlass com/alibaba/nacos/shaded/io/grpc/netty/shaded/io/netty/channel/MessageSizeEstimator$Handle
instanceKlass com/alibaba/nacos/shaded/io/grpc/netty/shaded/io/netty/channel/DefaultChannelPipeline$PendingHandlerCallback
instanceKlass com/alibaba/nacos/shaded/io/grpc/netty/shaded/io/netty/channel/ChannelProgressivePromise
instanceKlass com/alibaba/nacos/shaded/io/grpc/netty/shaded/io/netty/channel/ChannelProgressiveFuture
instanceKlass com/alibaba/nacos/shaded/io/grpc/netty/shaded/io/netty/channel/AbstractChannelHandlerContext
instanceKlass com/alibaba/nacos/shaded/io/grpc/netty/shaded/io/netty/util/ResourceLeakHint
instanceKlass com/alibaba/nacos/shaded/io/grpc/netty/shaded/io/netty/channel/ChannelHandlerContext
instanceKlass com/alibaba/nacos/shaded/io/grpc/netty/shaded/io/netty/channel/DefaultChannelPipeline
instanceKlass com/alibaba/nacos/shaded/io/grpc/netty/shaded/io/netty/channel/ChannelOutboundBuffer$Entry
instanceKlass java/util/concurrent/atomic/AtomicLongFieldUpdater$CASUpdater$1
instanceKlass java/util/concurrent/atomic/AtomicLongFieldUpdater
instanceKlass com/alibaba/nacos/shaded/io/grpc/netty/shaded/io/netty/channel/ChannelOutboundBuffer
instanceKlass com/alibaba/nacos/shaded/io/grpc/netty/shaded/io/netty/util/internal/SocketUtils$13
instanceKlass com/alibaba/nacos/shaded/io/grpc/netty/shaded/io/netty/util/NetUtil$SoMaxConnAction
instanceKlass com/alibaba/nacos/shaded/io/grpc/netty/shaded/io/netty/util/NetUtilInitializations$NetworkIfaceAndInetAddress
instanceKlass com/alibaba/nacos/shaded/io/grpc/netty/shaded/io/netty/util/internal/SocketUtils$11
instanceKlass com/alibaba/nacos/shaded/io/grpc/netty/shaded/io/netty/util/internal/SocketUtils
instanceKlass com/alibaba/nacos/shaded/io/grpc/netty/shaded/io/netty/util/NetUtilInitializations
instanceKlass com/alibaba/nacos/shaded/io/grpc/netty/shaded/io/netty/util/NetUtil
instanceKlass com/alibaba/nacos/shaded/io/grpc/netty/shaded/io/netty/util/internal/MacAddressUtil
instanceKlass java/util/concurrent/CompletableFuture
instanceKlass java/util/concurrent/CompletionStage
instanceKlass java/lang/ProcessHandle$Info
instanceKlass com/alibaba/nacos/shaded/io/grpc/netty/shaded/io/netty/channel/DefaultChannelId
instanceKlass com/alibaba/nacos/shaded/io/grpc/netty/shaded/io/netty/channel/ChannelFlushPromiseNotifier$FlushCheckpoint
instanceKlass java/nio/channels/MulticastChannel
instanceKlass com/alibaba/nacos/shaded/io/grpc/netty/shaded/io/netty/channel/socket/nio/SelectorProviderUtil
instanceKlass com/alibaba/nacos/shaded/io/grpc/netty/shaded/io/netty/channel/FileRegion
instanceKlass com/alibaba/nacos/shaded/io/grpc/netty/shaded/io/netty/channel/ChannelMetadata
instanceKlass com/alibaba/nacos/shaded/io/grpc/netty/shaded/io/grpc/netty/Utils$ByteBufAllocatorPreferDirectHolder
instanceKlass com/alibaba/nacos/shaded/io/grpc/netty/shaded/io/netty/buffer/PooledByteBufAllocatorMetric
instanceKlass com/alibaba/nacos/shaded/io/grpc/netty/shaded/io/netty/buffer/PoolChunkList
instanceKlass com/alibaba/nacos/shaded/io/grpc/netty/shaded/io/netty/buffer/PoolChunkListMetric
instanceKlass com/alibaba/nacos/shaded/io/grpc/netty/shaded/io/netty/buffer/PoolSubpage
instanceKlass com/alibaba/nacos/shaded/io/grpc/netty/shaded/io/netty/buffer/PoolSubpageMetric
instanceKlass com/alibaba/nacos/shaded/io/grpc/netty/shaded/io/netty/buffer/PoolThreadCache
instanceKlass com/alibaba/nacos/shaded/io/grpc/netty/shaded/io/netty/buffer/SizeClasses
instanceKlass com/alibaba/nacos/shaded/io/grpc/netty/shaded/io/netty/buffer/PoolArenaMetric
instanceKlass com/alibaba/nacos/shaded/io/grpc/netty/shaded/io/netty/buffer/SizeClassesMetric
instanceKlass com/alibaba/nacos/shaded/io/grpc/netty/shaded/io/netty/buffer/PooledByteBufAllocator$1
instanceKlass com/alibaba/nacos/shaded/io/grpc/netty/shaded/io/netty/util/ConstantPool
instanceKlass com/alibaba/nacos/shaded/io/grpc/netty/shaded/io/netty/util/AbstractConstant
instanceKlass com/alibaba/nacos/shaded/io/grpc/netty/shaded/io/netty/util/Constant
instanceKlass com/alibaba/nacos/shaded/io/grpc/netty/shaded/io/netty/bootstrap/AbstractBootstrapConfig
instanceKlass com/alibaba/nacos/shaded/io/grpc/netty/shaded/io/netty/resolver/AddressResolverGroup
instanceKlass com/alibaba/nacos/shaded/io/grpc/netty/shaded/io/netty/bootstrap/AbstractBootstrap
instanceKlass com/alibaba/nacos/shaded/io/grpc/netty/shaded/io/netty/handler/codec/http2/Http2FrameAdapter
instanceKlass com/alibaba/nacos/shaded/io/grpc/internal/GrpcAttributes
instanceKlass com/alibaba/nacos/shaded/io/grpc/netty/shaded/io/grpc/netty/AbstractNettyHandler$FlowControlPinger
instanceKlass com/alibaba/nacos/shaded/io/grpc/netty/shaded/io/netty/channel/ChannelHandler$Sharable
instanceKlass com/alibaba/nacos/shaded/io/grpc/netty/shaded/io/netty/util/collection/CharObjectHashMap$1
instanceKlass com/alibaba/nacos/shaded/io/grpc/netty/shaded/io/netty/util/collection/CharObjectHashMap
instanceKlass com/alibaba/nacos/shaded/io/grpc/netty/shaded/io/netty/util/collection/CharObjectMap
instanceKlass com/alibaba/nacos/shaded/io/grpc/netty/shaded/io/grpc/netty/Utils$FlowControlReader
instanceKlass com/alibaba/nacos/shaded/io/grpc/netty/shaded/io/netty/handler/codec/http2/DefaultHttp2ConnectionDecoder$PrefaceFrameListener
instanceKlass com/alibaba/nacos/shaded/io/grpc/netty/shaded/io/netty/handler/codec/http2/Http2PromisedRequestVerifier$1
instanceKlass com/alibaba/nacos/shaded/io/grpc/netty/shaded/io/netty/handler/codec/http2/Http2PromisedRequestVerifier
instanceKlass com/alibaba/nacos/shaded/io/grpc/netty/shaded/io/netty/handler/codec/http2/DefaultHttp2ConnectionDecoder
instanceKlass com/alibaba/nacos/shaded/io/grpc/netty/shaded/io/netty/handler/codec/http2/DefaultHttp2LocalFlowController$2
instanceKlass com/alibaba/nacos/shaded/io/grpc/netty/shaded/io/netty/handler/codec/http2/DefaultHttp2LocalFlowController$DefaultState
instanceKlass com/alibaba/nacos/shaded/io/grpc/netty/shaded/io/netty/handler/codec/http2/DefaultHttp2LocalFlowController$FlowState
instanceKlass com/alibaba/nacos/shaded/io/grpc/netty/shaded/io/netty/handler/codec/http2/DefaultHttp2LocalFlowController
instanceKlass com/alibaba/nacos/shaded/io/grpc/netty/shaded/io/netty/handler/codec/http2/Http2LocalFlowController
instanceKlass com/alibaba/nacos/shaded/io/grpc/netty/shaded/io/netty/handler/codec/http2/Http2RemoteFlowController$FlowControlled
instanceKlass com/alibaba/nacos/shaded/io/grpc/netty/shaded/io/netty/handler/codec/http2/DefaultHttp2ConnectionEncoder
instanceKlass com/alibaba/nacos/shaded/io/grpc/netty/shaded/io/netty/handler/codec/http2/Http2SettingsReceivedConsumer
instanceKlass com/alibaba/nacos/shaded/io/grpc/netty/shaded/io/netty/handler/codec/http2/DecoratingHttp2FrameWriter
instanceKlass com/alibaba/nacos/shaded/io/grpc/netty/shaded/io/netty/handler/codec/http2/Http2OutboundFrameLogger
instanceKlass com/alibaba/nacos/shaded/io/grpc/netty/shaded/io/netty/handler/codec/http2/Http2InboundFrameLogger
instanceKlass com/alibaba/nacos/shaded/io/grpc/netty/shaded/io/netty/handler/codec/http2/DefaultHttp2RemoteFlowController$FlowState
instanceKlass com/alibaba/nacos/shaded/io/grpc/netty/shaded/io/netty/handler/codec/http2/StreamByteDistributor$StreamState
instanceKlass com/alibaba/nacos/shaded/io/grpc/netty/shaded/io/netty/handler/codec/http2/DefaultHttp2RemoteFlowController$WritabilityMonitor
instanceKlass com/alibaba/nacos/shaded/io/grpc/netty/shaded/io/netty/handler/codec/http2/StreamByteDistributor$Writer
instanceKlass com/alibaba/nacos/shaded/io/grpc/netty/shaded/io/netty/handler/codec/http2/DefaultHttp2RemoteFlowController
instanceKlass com/alibaba/nacos/shaded/io/grpc/netty/shaded/io/netty/handler/codec/http2/Http2RemoteFlowController
instanceKlass com/alibaba/nacos/shaded/io/grpc/netty/shaded/io/netty/handler/codec/http2/Http2ConnectionAdapter
instanceKlass com/alibaba/nacos/shaded/io/grpc/netty/shaded/io/netty/handler/codec/http2/WeightedFairQueueByteDistributor$StatePseudoTimeComparator
instanceKlass com/alibaba/nacos/shaded/io/grpc/netty/shaded/io/netty/util/collection/IntCollections$EmptyMap
instanceKlass com/alibaba/nacos/shaded/io/grpc/netty/shaded/io/netty/util/collection/IntCollections
instanceKlass com/alibaba/nacos/shaded/io/grpc/netty/shaded/io/netty/handler/codec/http2/WeightedFairQueueByteDistributor$State
instanceKlass com/alibaba/nacos/shaded/io/grpc/netty/shaded/io/netty/handler/codec/http2/DefaultHttp2Connection$DefaultPropertyKey
instanceKlass com/alibaba/nacos/shaded/io/grpc/netty/shaded/io/netty/handler/codec/http2/WeightedFairQueueByteDistributor$StateOnlyComparator
instanceKlass com/alibaba/nacos/shaded/io/grpc/netty/shaded/io/netty/handler/codec/http2/WeightedFairQueueByteDistributor
instanceKlass com/alibaba/nacos/shaded/io/grpc/netty/shaded/io/netty/handler/codec/http2/DefaultHttp2Connection$DefaultEndpoint
instanceKlass com/alibaba/nacos/shaded/io/grpc/netty/shaded/io/netty/handler/codec/http2/DefaultHttp2Connection$ActiveStreams
instanceKlass com/alibaba/nacos/shaded/io/grpc/netty/shaded/io/netty/handler/codec/http2/DefaultHttp2Connection$DefaultStream$PropertyMap
instanceKlass com/alibaba/nacos/shaded/io/grpc/netty/shaded/io/netty/handler/codec/http2/DefaultHttp2Connection$DefaultStream
instanceKlass com/alibaba/nacos/shaded/io/grpc/netty/shaded/io/netty/handler/codec/http2/DefaultHttp2Connection$PropertyKeyRegistry
instanceKlass com/alibaba/nacos/shaded/io/grpc/netty/shaded/io/netty/util/collection/IntObjectHashMap$1
instanceKlass com/alibaba/nacos/shaded/io/grpc/netty/shaded/io/netty/util/collection/IntObjectHashMap
instanceKlass com/alibaba/nacos/shaded/io/grpc/netty/shaded/io/netty/handler/codec/http2/Http2Connection$PropertyKey
instanceKlass com/alibaba/nacos/shaded/io/grpc/netty/shaded/io/netty/handler/codec/http2/Http2Stream
instanceKlass com/alibaba/nacos/shaded/io/grpc/netty/shaded/io/netty/handler/codec/http2/Http2Connection$Endpoint
instanceKlass com/alibaba/nacos/shaded/io/grpc/netty/shaded/io/netty/util/collection/IntObjectMap
instanceKlass com/alibaba/nacos/shaded/io/grpc/netty/shaded/io/netty/handler/codec/http2/DefaultHttp2Connection
instanceKlass com/alibaba/nacos/shaded/io/grpc/netty/shaded/io/netty/handler/codec/http2/HpackEncoder$NameEntry
instanceKlass com/alibaba/nacos/shaded/io/grpc/netty/shaded/io/netty/handler/codec/http2/HpackHuffmanEncoder$EncodeProcessor
instanceKlass com/alibaba/nacos/shaded/io/grpc/netty/shaded/io/netty/handler/codec/http2/HpackHuffmanEncoder$EncodedLengthProcessor
instanceKlass com/alibaba/nacos/shaded/io/grpc/netty/shaded/io/netty/handler/codec/http2/HpackUtil
instanceKlass com/alibaba/nacos/shaded/io/grpc/netty/shaded/io/netty/handler/codec/http2/HpackHuffmanEncoder
instanceKlass com/alibaba/nacos/shaded/io/grpc/netty/shaded/io/netty/handler/codec/http2/HpackEncoder
instanceKlass com/alibaba/nacos/shaded/io/grpc/netty/shaded/io/netty/handler/codec/http2/Http2HeadersEncoder$2
instanceKlass com/alibaba/nacos/shaded/io/grpc/netty/shaded/io/netty/handler/codec/http2/Http2HeadersEncoder$1
instanceKlass com/alibaba/nacos/shaded/io/grpc/netty/shaded/io/netty/handler/codec/http2/Http2HeadersEncoder$SensitivityDetector
instanceKlass com/alibaba/nacos/shaded/io/grpc/netty/shaded/io/netty/handler/codec/http2/DefaultHttp2HeadersEncoder
instanceKlass com/alibaba/nacos/shaded/io/grpc/netty/shaded/io/netty/handler/codec/http2/Http2HeadersEncoder$Configuration
instanceKlass com/alibaba/nacos/shaded/io/grpc/netty/shaded/io/netty/handler/codec/http2/Http2HeadersEncoder
instanceKlass com/alibaba/nacos/shaded/io/grpc/netty/shaded/io/netty/handler/codec/http2/DefaultHttp2FrameWriter
instanceKlass com/alibaba/nacos/shaded/io/grpc/netty/shaded/io/netty/handler/codec/http2/Http2FrameWriter$Configuration
instanceKlass com/alibaba/nacos/shaded/io/grpc/netty/shaded/io/netty/handler/codec/http2/DefaultHttp2FrameReader$HeadersContinuation
instanceKlass com/alibaba/nacos/shaded/io/grpc/netty/shaded/io/netty/handler/codec/http2/DefaultHttp2FrameReader
instanceKlass com/alibaba/nacos/shaded/io/grpc/netty/shaded/io/netty/handler/codec/http2/Http2FrameReader$Configuration
instanceKlass com/alibaba/nacos/shaded/io/grpc/netty/shaded/io/netty/handler/codec/http2/Http2FrameSizePolicy
instanceKlass com/alibaba/nacos/shaded/io/grpc/netty/shaded/io/netty/buffer/UnsafeByteBufUtil
instanceKlass com/alibaba/nacos/shaded/io/grpc/netty/shaded/io/netty/buffer/AbstractByteBufAllocator$1
instanceKlass com/alibaba/nacos/shaded/io/grpc/netty/shaded/io/netty/handler/codec/http2/Http2CodecUtil
instanceKlass com/alibaba/nacos/shaded/io/grpc/netty/shaded/io/netty/handler/codec/http2/HpackHeaderField
instanceKlass com/alibaba/nacos/shaded/io/grpc/netty/shaded/io/netty/handler/codec/http2/HpackDynamicTable
instanceKlass com/alibaba/nacos/shaded/io/grpc/netty/shaded/io/netty/handler/codec/http2/HpackHuffmanDecoder
instanceKlass com/alibaba/nacos/shaded/io/grpc/netty/shaded/io/netty/util/ByteProcessor
instanceKlass com/alibaba/nacos/shaded/io/grpc/netty/shaded/io/netty/handler/codec/http2/HpackDecoder
instanceKlass com/alibaba/nacos/shaded/io/grpc/netty/shaded/io/grpc/netty/AbstractHttp2Headers
instanceKlass com/alibaba/nacos/shaded/io/grpc/netty/shaded/io/netty/handler/codec/http2/DefaultHttp2HeadersDecoder
instanceKlass com/alibaba/nacos/shaded/io/grpc/netty/shaded/io/netty/handler/codec/http2/Http2HeadersDecoder$Configuration
instanceKlass com/alibaba/nacos/shaded/io/grpc/netty/shaded/io/grpc/netty/NettyAdaptiveCumulator
instanceKlass com/alibaba/nacos/shaded/io/grpc/netty/shaded/io/netty/util/ResourceLeakDetectorFactory
instanceKlass com/alibaba/nacos/shaded/io/grpc/netty/shaded/io/netty/util/internal/ReferenceCountUpdater
instanceKlass com/alibaba/nacos/shaded/io/grpc/netty/shaded/io/netty/buffer/UnpooledByteBufAllocator$UnpooledByteBufAllocatorMetric
instanceKlass javax/security/cert/Certificate
instanceKlass java/security/cert/X509Extension
instanceKlass com/alibaba/nacos/shaded/io/grpc/netty/shaded/io/netty/util/internal/EmptyArrays
instanceKlass com/alibaba/nacos/shaded/io/grpc/netty/shaded/io/netty/util/ResourceLeakTracker
instanceKlass com/alibaba/nacos/shaded/io/grpc/netty/shaded/io/netty/util/ResourceLeak
instanceKlass com/alibaba/nacos/shaded/io/grpc/netty/shaded/io/netty/util/ResourceLeakDetector
instanceKlass com/alibaba/nacos/shaded/io/grpc/netty/shaded/io/netty/buffer/ByteBufAllocatorMetric
instanceKlass com/alibaba/nacos/shaded/io/grpc/netty/shaded/io/netty/buffer/AbstractByteBufAllocator
instanceKlass com/alibaba/nacos/shaded/io/grpc/netty/shaded/io/netty/buffer/ByteBufAllocatorMetricProvider
instanceKlass com/alibaba/nacos/shaded/io/grpc/netty/shaded/io/netty/buffer/Unpooled
instanceKlass com/alibaba/nacos/shaded/io/grpc/netty/shaded/io/netty/handler/codec/DefaultHeaders$HeaderEntry
instanceKlass com/alibaba/nacos/shaded/io/grpc/netty/shaded/io/netty/handler/codec/DefaultHeaders$ValueValidator$1
instanceKlass com/alibaba/nacos/shaded/io/grpc/netty/shaded/io/netty/handler/codec/DefaultHeaders$ValueValidator
instanceKlass com/alibaba/nacos/shaded/io/grpc/netty/shaded/io/netty/handler/codec/DefaultHeaders$NameValidator$1
instanceKlass com/alibaba/nacos/shaded/io/grpc/netty/shaded/io/netty/handler/codec/DefaultHeaders$NameValidator
instanceKlass com/alibaba/nacos/shaded/io/grpc/netty/shaded/io/netty/handler/codec/UnsupportedValueConverter
instanceKlass com/alibaba/nacos/shaded/io/grpc/netty/shaded/io/netty/handler/codec/ValueConverter
instanceKlass com/alibaba/nacos/shaded/io/grpc/netty/shaded/io/netty/handler/codec/DefaultHeaders
instanceKlass com/alibaba/nacos/shaded/io/grpc/netty/shaded/io/netty/handler/codec/http2/ReadOnlyHttp2Headers
instanceKlass com/alibaba/nacos/shaded/io/grpc/netty/shaded/io/netty/util/CharsetUtil
instanceKlass com/alibaba/nacos/shaded/io/grpc/netty/shaded/io/netty/handler/codec/http/HttpResponseStatus
instanceKlass com/alibaba/nacos/shaded/io/grpc/netty/shaded/io/netty/buffer/ByteBuf
instanceKlass com/alibaba/nacos/shaded/io/grpc/netty/shaded/io/netty/buffer/ByteBufConvertible
instanceKlass com/alibaba/nacos/shaded/io/grpc/netty/shaded/io/netty/util/ReferenceCounted
instanceKlass com/alibaba/nacos/shaded/io/grpc/netty/shaded/io/netty/handler/codec/ByteToMessageDecoder$2
instanceKlass com/alibaba/nacos/shaded/io/grpc/netty/shaded/io/netty/handler/codec/ByteToMessageDecoder$1
instanceKlass com/alibaba/nacos/shaded/io/grpc/netty/shaded/io/netty/handler/codec/http2/Http2StreamVisitor
instanceKlass com/alibaba/nacos/shaded/io/grpc/netty/shaded/io/netty/handler/codec/http2/Http2ConnectionDecoder
instanceKlass com/alibaba/nacos/shaded/io/grpc/internal/TransportTracer$FlowControlReader
instanceKlass com/alibaba/nacos/shaded/io/grpc/netty/shaded/io/netty/handler/codec/http2/Http2ConnectionEncoder
instanceKlass com/alibaba/nacos/shaded/io/grpc/netty/shaded/io/netty/handler/codec/http2/Http2FrameReader
instanceKlass com/alibaba/nacos/shaded/io/grpc/netty/shaded/io/netty/handler/codec/http2/Http2FrameWriter
instanceKlass com/alibaba/nacos/shaded/io/grpc/netty/shaded/io/netty/handler/codec/http2/Http2DataWriter
instanceKlass com/alibaba/nacos/shaded/io/grpc/netty/shaded/io/netty/handler/codec/http2/Http2FlowController
instanceKlass com/alibaba/nacos/shaded/io/grpc/netty/shaded/io/netty/handler/codec/http2/StreamByteDistributor
instanceKlass com/alibaba/nacos/shaded/io/grpc/netty/shaded/io/netty/handler/codec/http2/Http2Connection
instanceKlass com/alibaba/nacos/shaded/io/grpc/netty/shaded/io/netty/handler/codec/http2/Http2HeadersDecoder
instanceKlass com/alibaba/nacos/shaded/io/grpc/netty/shaded/io/netty/handler/codec/http2/Http2Connection$Listener
instanceKlass com/alibaba/nacos/shaded/io/grpc/netty/shaded/io/netty/handler/codec/http2/Http2FrameListener
instanceKlass com/alibaba/nacos/shaded/io/grpc/netty/shaded/io/grpc/netty/AbstractNettyHandler$PingLimiter
instanceKlass com/alibaba/nacos/shaded/io/grpc/netty/shaded/io/netty/handler/codec/http2/Http2ConnectionHandler$BaseDecoder
instanceKlass com/alibaba/nacos/shaded/io/grpc/netty/shaded/io/netty/channel/ChannelFutureListener
instanceKlass com/alibaba/nacos/shaded/io/grpc/netty/shaded/io/netty/handler/codec/ByteToMessageDecoder$Cumulator
instanceKlass com/alibaba/nacos/shaded/io/grpc/internal/KeepAliveManager$2
instanceKlass com/alibaba/nacos/shaded/io/grpc/internal/KeepAliveManager$1
instanceKlass com/alibaba/nacos/shaded/io/grpc/internal/LogExceptionRunnable
instanceKlass com/alibaba/nacos/shaded/io/grpc/internal/ClientTransport$PingCallback
instanceKlass com/alibaba/nacos/shaded/io/grpc/internal/KeepAliveManager$ClientKeepAlivePinger
instanceKlass com/alibaba/nacos/shaded/io/grpc/internal/ManagedChannelImpl$RealChannel$PendingCall$PendingCallRemoval
instanceKlass com/alibaba/nacos/shaded/io/grpc/netty/shaded/io/grpc/netty/ClientTransportLifecycleManager
instanceKlass com/alibaba/nacos/shaded/io/grpc/internal/DelayedStream$9
instanceKlass com/alibaba/nacos/shaded/io/grpc/internal/InternalSubchannel$TransportListener
instanceKlass com/alibaba/nacos/shaded/io/grpc/internal/RetriableStream$1HalfCloseEntry
instanceKlass com/alibaba/nacos/shaded/io/grpc/internal/CallCredentialsApplyingTransportFactory$CallCredentialsApplyingTransport$1
instanceKlass com/alibaba/nacos/shaded/io/grpc/internal/DelayedStream$7
instanceKlass com/alibaba/nacos/shaded/io/grpc/internal/DelayedStream$6
instanceKlass com/alibaba/nacos/shaded/io/grpc/internal/RetriableStream$1SendMessageEntry
instanceKlass com/alibaba/nacos/shaded/io/grpc/internal/AbstractStream$TransportState
instanceKlass com/alibaba/nacos/shaded/io/grpc/internal/MessageDeframer$Listener
instanceKlass com/alibaba/nacos/shaded/io/grpc/internal/DelayedStream$10
instanceKlass com/alibaba/nacos/shaded/io/grpc/internal/ApplicationThreadDeframer$TransportExecutor
instanceKlass com/alibaba/nacos/shaded/io/grpc/internal/ApplicationThreadDeframerListener$TransportExecutor
instanceKlass com/alibaba/nacos/shaded/io/grpc/internal/RetriableStream$1RequestEntry
instanceKlass com/alibaba/nacos/shaded/io/grpc/internal/DelayedStream$DelayedStreamListener
instanceKlass com/alibaba/nacos/shaded/io/grpc/internal/RetriableStream$Sublistener
instanceKlass com/alibaba/nacos/shaded/io/grpc/netty/shaded/io/grpc/netty/StreamIdHolder
instanceKlass com/alibaba/nacos/shaded/io/grpc/internal/DelayedStream$14
instanceKlass com/alibaba/nacos/shaded/io/grpc/internal/DelayedStream$12
instanceKlass com/alibaba/nacos/shaded/io/grpc/internal/DelayedStream
instanceKlass com/alibaba/nacos/shaded/io/grpc/netty/shaded/io/netty/channel/ChannelHandlerAdapter
instanceKlass com/alibaba/nacos/shaded/io/grpc/netty/shaded/io/netty/channel/ChannelInboundHandler
instanceKlass com/alibaba/nacos/shaded/io/grpc/ClientStreamTracer$StreamInfo$Builder
instanceKlass com/alibaba/nacos/shaded/io/grpc/ClientStreamTracer$StreamInfo
instanceKlass com/alibaba/nacos/shaded/io/grpc/internal/RetriableStream$Substream
instanceKlass com/alibaba/nacos/shaded/io/grpc/netty/shaded/io/netty/channel/ChannelOutboundHandler
instanceKlass com/alibaba/nacos/shaded/io/grpc/internal/RetriableStream$StartEntry
instanceKlass com/alibaba/nacos/shaded/io/grpc/netty/shaded/io/netty/handler/codec/http2/Http2LifecycleManager
instanceKlass com/alibaba/nacos/shaded/io/grpc/internal/ClientCallImpl$ClientStreamListenerImpl
instanceKlass com/alibaba/nacos/shaded/io/grpc/internal/RetriableStream$1DecompressorRegistryEntry
instanceKlass com/alibaba/nacos/shaded/io/grpc/internal/RetriableStream$1CompressorEntry
instanceKlass com/alibaba/nacos/shaded/io/grpc/internal/KeepAliveManager$KeepAlivePinger
instanceKlass com/alibaba/nacos/shaded/io/grpc/internal/RetriableStream$State
instanceKlass com/alibaba/nacos/shaded/io/grpc/netty/shaded/io/grpc/netty/WriteQueue$QueuedCommand
instanceKlass com/alibaba/nacos/shaded/io/grpc/internal/InsightBuilder
instanceKlass com/alibaba/nacos/shaded/io/grpc/netty/shaded/io/grpc/netty/NettyClientTransport
instanceKlass com/alibaba/nacos/shaded/io/grpc/internal/RetriableStream$1
instanceKlass com/alibaba/nacos/shaded/io/grpc/netty/shaded/io/grpc/netty/NettyChannelBuilder$NettyTransportFactory$1
instanceKlass com/alibaba/nacos/shaded/io/grpc/ClientStreamTracer$Factory
instanceKlass com/alibaba/nacos/shaded/io/grpc/internal/AtomicBackoff$State
instanceKlass com/alibaba/nacos/shaded/io/grpc/internal/RetriableStream$BufferEntry
instanceKlass com/alibaba/nacos/shaded/io/grpc/CallCredentials$MetadataApplier
instanceKlass com/alibaba/nacos/shaded/io/grpc/internal/RetriableStream
instanceKlass com/alibaba/nacos/shaded/io/grpc/CallCredentials$RequestInfo
instanceKlass com/alibaba/nacos/shaded/io/grpc/CallCredentials
instanceKlass com/alibaba/nacos/shaded/io/grpc/internal/MetadataApplierImpl$MetadataApplierListener
instanceKlass com/alibaba/nacos/shaded/io/grpc/InternalDecompressorRegistry
instanceKlass com/alibaba/nacos/shaded/io/grpc/internal/ForwardingConnectionClientTransport
instanceKlass com/alibaba/nacos/shaded/io/grpc/internal/ManagedChannelServiceConfig$MethodInfo
instanceKlass com/alibaba/nacos/shaded/io/grpc/internal/ClientTransportFactory$ClientTransportOptions
instanceKlass com/alibaba/nacos/shaded/io/perfmark/TaskCloseable
instanceKlass com/alibaba/nacos/shaded/io/grpc/internal/PickFirstLoadBalancer$2
instanceKlass com/alibaba/nacos/shaded/io/grpc/internal/ManagedChannelImpl$RealChannel$PendingCall$1
instanceKlass com/alibaba/nacos/shaded/io/grpc/internal/ContextRunnable
instanceKlass com/alibaba/nacos/shaded/io/grpc/internal/SerializingExecutor$AtomicHelper
instanceKlass com/alibaba/nacos/shaded/io/grpc/internal/SerializingExecutor
instanceKlass com/alibaba/nacos/shaded/com/google/common/util/concurrent/ListeningScheduledExecutorService
instanceKlass com/alibaba/nacos/shaded/com/google/common/util/concurrent/ListeningExecutorService
instanceKlass com/alibaba/nacos/shaded/com/google/common/util/concurrent/MoreExecutors
instanceKlass com/alibaba/nacos/shaded/io/perfmark/Link
instanceKlass com/alibaba/nacos/shaded/io/perfmark/Tag
instanceKlass com/alibaba/nacos/shaded/io/perfmark/Impl
instanceKlass com/alibaba/nacos/shaded/com/google/common/util/concurrent/OverflowAvoidingLockSupport
instanceKlass com/alibaba/nacos/shaded/io/perfmark/PerfMark
instanceKlass com/alibaba/nacos/shaded/io/grpc/internal/DelayedClientCall$7
instanceKlass com/alibaba/nacos/shaded/io/grpc/internal/ClientCallImpl$ContextCancellationListener
instanceKlass com/alibaba/nacos/shaded/io/grpc/internal/DelayedClientCall$4
instanceKlass com/alibaba/nacos/shaded/io/grpc/internal/DelayedClientCall$6
instanceKlass com/alibaba/nacos/shaded/io/grpc/Context$CancellationListener
instanceKlass com/alibaba/nacos/shaded/io/grpc/internal/ClientStreamListener
instanceKlass com/alibaba/nacos/shaded/io/grpc/internal/StreamListener
instanceKlass com/alibaba/nacos/shaded/io/grpc/internal/DelayedClientCall$2
instanceKlass com/alibaba/nacos/shaded/com/google/common/util/concurrent/AbstractFuture$Waiter
instanceKlass com/alibaba/nacos/shaded/com/google/common/util/concurrent/AbstractFuture$Listener
instanceKlass com/alibaba/nacos/shaded/io/grpc/internal/InternalSubchannel$2
instanceKlass com/alibaba/nacos/shaded/com/google/common/util/concurrent/AbstractFuture$UnsafeAtomicHelper$1
instanceKlass com/alibaba/nacos/shaded/io/grpc/internal/ManagedChannelImpl$LbHelperImpl$1UpdateBalancingState
instanceKlass com/alibaba/nacos/shaded/io/grpc/LoadBalancer$PickResult
instanceKlass com/alibaba/nacos/shaded/io/grpc/internal/InternalSubchannel$Index
instanceKlass com/alibaba/nacos/shaded/io/grpc/ConnectivityStateInfo
instanceKlass com/alibaba/nacos/shaded/com/google/common/util/concurrent/AbstractFuture$AtomicHelper
instanceKlass com/alibaba/nacos/shaded/com/google/common/util/concurrent/internal/InternalFutureFailureAccess
instanceKlass com/alibaba/nacos/shaded/io/grpc/internal/InternalSubchannel
instanceKlass com/alibaba/nacos/shaded/io/grpc/internal/TransportProvider
instanceKlass com/alibaba/nacos/shaded/io/grpc/internal/PickFirstLoadBalancer$1
instanceKlass com/alibaba/nacos/shaded/io/grpc/LoadBalancer$CreateSubchannelArgs$Builder
instanceKlass com/alibaba/nacos/shaded/io/grpc/LoadBalancer$CreateSubchannelArgs
instanceKlass com/alibaba/nacos/shaded/io/grpc/internal/ServiceConfigUtil$PolicySelection
instanceKlass com/alibaba/nacos/shaded/io/grpc/stub/ClientCalls
instanceKlass com/alibaba/nacos/shaded/io/grpc/LoadBalancer$ResolvedAddresses$Builder
instanceKlass com/alibaba/nacos/shaded/io/grpc/internal/ManagedChannelImpl$RealChannel$4
instanceKlass com/alibaba/nacos/shaded/io/grpc/LoadBalancer$ResolvedAddresses
instanceKlass com/alibaba/nacos/shaded/io/grpc/internal/ManagedChannelImpl$NameResolverListener$1NamesResolved
instanceKlass com/alibaba/nacos/shaded/io/grpc/ClientCall$Listener
instanceKlass com/alibaba/nacos/shaded/io/grpc/internal/RetryingNameResolver$ResolutionResultListener
instanceKlass com/alibaba/nacos/shaded/io/grpc/Attributes$Builder
instanceKlass com/alibaba/nacos/shaded/io/grpc/EquivalentAddressGroup
instanceKlass com/alibaba/nacos/shaded/io/grpc/Context$Storage
instanceKlass com/alibaba/nacos/shaded/io/grpc/internal/DnsNameResolver$InternalResolutionResult
instanceKlass com/alibaba/nacos/shaded/io/grpc/Context$LazyStorage
instanceKlass com/alibaba/nacos/shaded/io/grpc/Attributes
instanceKlass com/alibaba/nacos/shaded/io/grpc/NameResolver$ResolutionResult$Builder
instanceKlass com/alibaba/nacos/shaded/io/grpc/Context
instanceKlass com/alibaba/nacos/shaded/io/grpc/NameResolver$ResolutionResult
instanceKlass com/alibaba/nacos/shaded/com/google/common/util/concurrent/ThreadFactoryBuilder$1
instanceKlass com/alibaba/nacos/shaded/com/google/common/util/concurrent/ThreadFactoryBuilder
instanceKlass com/alibaba/nacos/shaded/io/grpc/internal/DnsNameResolver$Resolve
instanceKlass com/alibaba/nacos/shaded/io/grpc/LoadBalancer$SubchannelStateListener
instanceKlass com/alibaba/nacos/shaded/io/grpc/internal/AutoConfiguredLoadBalancerFactory$AutoConfiguredLoadBalancer
instanceKlass com/alibaba/nacos/shaded/io/grpc/internal/InternalSubchannel$Callback
instanceKlass com/alibaba/nacos/shaded/io/grpc/LoadBalancer$Subchannel
instanceKlass com/alibaba/nacos/shaded/io/grpc/ChannelCredentials
instanceKlass java/nio/channels/spi/AbstractSelector$1
instanceKlass com/alibaba/nacos/shaded/io/grpc/internal/ChannelLoggerImpl$1
instanceKlass com/alibaba/nacos/shaded/io/grpc/netty/shaded/io/netty/util/concurrent/FastThreadLocalRunnable
instanceKlass com/alibaba/nacos/shaded/io/grpc/netty/shaded/io/netty/util/internal/ThreadExecutorMap$2
instanceKlass com/alibaba/nacos/shaded/io/grpc/netty/shaded/io/netty/util/concurrent/SingleThreadEventExecutor$4
instanceKlass com/alibaba/nacos/shaded/io/grpc/netty/shaded/io/netty/util/internal/shaded/org/jctools/queues/LinkedArrayQueueUtil
instanceKlass com/alibaba/nacos/shaded/io/grpc/internal/Rescheduler$FutureRunnable
instanceKlass com/alibaba/nacos/shaded/io/grpc/internal/ManagedChannelImpl$RealChannel$2
instanceKlass com/alibaba/nacos/api/grpc/auto/RequestGrpc$RequestBaseDescriptorSupplier
instanceKlass com/alibaba/nacos/shaded/io/grpc/protobuf/ProtoMethodDescriptorSupplier
instanceKlass com/alibaba/nacos/shaded/io/grpc/protobuf/ProtoServiceDescriptorSupplier
instanceKlass com/alibaba/nacos/shaded/io/grpc/protobuf/ProtoFileDescriptorSupplier
instanceKlass com/alibaba/nacos/shaded/io/grpc/KnownLength
instanceKlass com/alibaba/nacos/shaded/io/grpc/Drainable
instanceKlass com/alibaba/nacos/shaded/io/grpc/protobuf/lite/ProtoLiteUtils$MessageMarshaller
instanceKlass com/alibaba/nacos/shaded/io/grpc/MethodDescriptor$PrototypeMarshaller
instanceKlass com/alibaba/nacos/shaded/io/grpc/MethodDescriptor$ReflectableMarshaller
instanceKlass com/alibaba/nacos/shaded/io/grpc/MethodDescriptor$Marshaller
instanceKlass com/alibaba/nacos/shaded/io/grpc/protobuf/lite/ProtoLiteUtils
instanceKlass com/alibaba/nacos/shaded/io/grpc/protobuf/ProtoUtils
instanceKlass com/alibaba/nacos/shaded/io/grpc/MethodDescriptor$Builder
instanceKlass com/alibaba/nacos/shaded/io/grpc/MethodDescriptor
instanceKlass com/alibaba/nacos/shaded/com/google/protobuf/UnsafeByteOperations
instanceKlass com/alibaba/nacos/shaded/com/google/protobuf/AnyOrBuilder
instanceKlass com/alibaba/nacos/api/grpc/auto/PayloadOrBuilder
instanceKlass com/fasterxml/jackson/databind/ser/impl/PropertySerializerMap$SerializerAndMapResult
instanceKlass com/fasterxml/jackson/databind/ser/std/MapSerializer$1
instanceKlass com/fasterxml/jackson/databind/ser/std/StdKeySerializers
instanceKlass com/fasterxml/jackson/databind/ser/BasicSerializerFactory$1
instanceKlass com/fasterxml/jackson/databind/util/IgnorePropertiesUtil
instanceKlass java/util/AbstractMap$SimpleEntry
instanceKlass com/alibaba/nacos/shaded/com/google/protobuf/MapField$MutabilityAwareMap
instanceKlass com/alibaba/nacos/shaded/com/google/protobuf/MapField$ImmutableMessageConverter
instanceKlass com/alibaba/nacos/shaded/com/google/protobuf/MapField$Converter
instanceKlass com/alibaba/nacos/shaded/com/google/protobuf/MapField
instanceKlass com/alibaba/nacos/shaded/com/google/protobuf/MutabilityOracle
instanceKlass com/alibaba/nacos/shaded/com/google/protobuf/MapEntryLite$Metadata
instanceKlass com/alibaba/nacos/shaded/com/google/protobuf/DescriptorProtos$MethodOptionsOrBuilder
instanceKlass com/alibaba/nacos/shaded/com/google/protobuf/DescriptorProtos$MethodDescriptorProtoOrBuilder
instanceKlass com/alibaba/nacos/shaded/com/google/protobuf/DescriptorProtos$ServiceOptionsOrBuilder
instanceKlass com/alibaba/nacos/shaded/com/google/protobuf/TimestampProto
instanceKlass com/alibaba/nacos/shaded/com/google/protobuf/GeneratedMessageV3$FieldAccessorTable$OneofAccessor
instanceKlass com/alibaba/nacos/shaded/com/google/protobuf/GeneratedMessageV3$FieldAccessorTable$FieldAccessor
instanceKlass com/alibaba/nacos/shaded/com/google/protobuf/GeneratedMessageV3$FieldAccessorTable
instanceKlass com/alibaba/nacos/shaded/com/google/protobuf/Descriptors$1
instanceKlass com/alibaba/nacos/shaded/com/google/protobuf/Descriptors$FieldDescriptor$1
instanceKlass com/alibaba/nacos/shaded/com/google/protobuf/Descriptors$NumberGetter
instanceKlass com/alibaba/nacos/shaded/com/google/protobuf/Descriptors
instanceKlass com/alibaba/nacos/shaded/com/google/protobuf/UnsafeUtil$1
instanceKlass com/alibaba/nacos/shaded/com/google/protobuf/UnsafeUtil$MemoryAccessor
instanceKlass com/alibaba/nacos/shaded/com/google/protobuf/UnsafeUtil
instanceKlass com/alibaba/nacos/shaded/com/google/protobuf/Utf8$Processor
instanceKlass com/alibaba/nacos/shaded/com/google/protobuf/Utf8
instanceKlass com/alibaba/nacos/shaded/com/google/protobuf/Descriptors$DescriptorPool
instanceKlass com/alibaba/nacos/shaded/com/google/protobuf/DescriptorProtos$UninterpretedOptionOrBuilder
instanceKlass com/alibaba/nacos/shaded/com/google/protobuf/GeneratedMessageV3$1
instanceKlass com/alibaba/nacos/shaded/com/google/protobuf/GeneratedMessageV3$Builder$BuilderParentImpl
instanceKlass com/alibaba/nacos/shaded/com/google/protobuf/SmallSortedMap$EmptySet$2
instanceKlass com/alibaba/nacos/shaded/com/google/protobuf/SmallSortedMap$EmptySet$1
instanceKlass com/alibaba/nacos/shaded/com/google/protobuf/SmallSortedMap$EmptySet
instanceKlass com/alibaba/nacos/shaded/com/google/protobuf/LazyFieldLite
instanceKlass com/alibaba/nacos/shaded/com/google/protobuf/FieldSet
instanceKlass com/alibaba/nacos/shaded/com/google/protobuf/MessageReflection$MergeTarget
instanceKlass com/alibaba/nacos/shaded/com/google/protobuf/SingleFieldBuilderV3
instanceKlass com/alibaba/nacos/shaded/com/google/protobuf/DescriptorProtos$FieldDescriptorProto$Type$1
instanceKlass com/alibaba/nacos/shaded/com/google/protobuf/DescriptorProtos$FieldDescriptorProto$Label$1
instanceKlass com/alibaba/nacos/shaded/com/google/protobuf/Internal$EnumLiteMap
instanceKlass com/alibaba/nacos/shaded/com/google/protobuf/ProtocolMessageEnum
instanceKlass com/alibaba/nacos/shaded/com/google/protobuf/Internal$EnumLite
instanceKlass com/alibaba/nacos/shaded/com/google/protobuf/DescriptorProtos$FieldOptionsOrBuilder
instanceKlass com/alibaba/nacos/shaded/com/google/protobuf/DescriptorProtos$OneofDescriptorProtoOrBuilder
instanceKlass com/alibaba/nacos/shaded/com/google/protobuf/DescriptorProtos$DescriptorProto$ReservedRangeOrBuilder
instanceKlass com/alibaba/nacos/shaded/com/google/protobuf/DescriptorProtos$DescriptorProto$ExtensionRangeOrBuilder
instanceKlass com/alibaba/nacos/shaded/com/google/protobuf/DescriptorProtos$MessageOptionsOrBuilder
instanceKlass com/alibaba/nacos/shaded/com/google/protobuf/ByteString$2
instanceKlass com/alibaba/nacos/shaded/com/google/protobuf/ByteString$ArraysByteArrayCopier
instanceKlass com/alibaba/nacos/shaded/com/google/protobuf/Android
instanceKlass com/alibaba/nacos/shaded/com/google/protobuf/ByteString$ByteIterator
instanceKlass com/alibaba/nacos/shaded/com/google/protobuf/ByteString$ByteArrayCopier
instanceKlass com/alibaba/nacos/shaded/com/google/protobuf/ByteString
instanceKlass com/alibaba/nacos/shaded/com/google/protobuf/WireFormat
instanceKlass com/alibaba/nacos/shaded/com/google/protobuf/DescriptorProtos$ServiceDescriptorProtoOrBuilder
instanceKlass com/alibaba/nacos/shaded/com/google/protobuf/DescriptorProtos$EnumDescriptorProtoOrBuilder
instanceKlass com/alibaba/nacos/shaded/com/google/protobuf/DescriptorProtos$DescriptorProtoOrBuilder
instanceKlass com/alibaba/nacos/shaded/com/google/protobuf/DescriptorProtos$FieldDescriptorProtoOrBuilder
instanceKlass com/alibaba/nacos/shaded/com/google/protobuf/PrimitiveNonBoxingCollection
instanceKlass com/alibaba/nacos/shaded/com/google/protobuf/LazyStringList
instanceKlass com/alibaba/nacos/shaded/com/google/protobuf/DescriptorProtos$SourceCodeInfoOrBuilder
instanceKlass com/alibaba/nacos/shaded/com/google/protobuf/DescriptorProtos$FileOptionsOrBuilder
instanceKlass com/alibaba/nacos/shaded/com/google/protobuf/GeneratedMessageV3$ExtendableMessageOrBuilder
instanceKlass com/alibaba/nacos/shaded/com/google/protobuf/ProtocolStringList
instanceKlass com/alibaba/nacos/shaded/com/google/protobuf/DescriptorProtos$FileDescriptorProtoOrBuilder
instanceKlass com/alibaba/nacos/shaded/com/google/protobuf/CodedInputStream
instanceKlass com/alibaba/nacos/shaded/com/google/protobuf/Internal
instanceKlass com/alibaba/nacos/shaded/com/google/protobuf/AnyProto
instanceKlass com/alibaba/nacos/api/grpc/auto/NacosGrpcService
instanceKlass com/alibaba/nacos/api/grpc/auto/Metadata$HeadersDefaultEntryHolder
instanceKlass com/alibaba/nacos/api/utils/StringUtils
instanceKlass com/alibaba/nacos/api/utils/NetUtils
instanceKlass com/alibaba/nacos/shaded/com/google/protobuf/AbstractMessageLite$Builder
instanceKlass com/alibaba/nacos/shaded/com/google/protobuf/ExtensionRegistry$ExtensionInfo
instanceKlass com/alibaba/nacos/shaded/com/google/protobuf/Descriptors$GenericDescriptor
instanceKlass com/alibaba/nacos/shaded/com/google/protobuf/FieldSet$FieldDescriptorLite
instanceKlass com/alibaba/nacos/shaded/com/google/protobuf/ExtensionLite
instanceKlass com/alibaba/nacos/shaded/com/google/protobuf/ExtensionRegistryFactory
instanceKlass com/alibaba/nacos/shaded/com/google/protobuf/ExtensionRegistryLite
instanceKlass com/alibaba/nacos/shaded/com/google/protobuf/AbstractParser
instanceKlass com/alibaba/nacos/shaded/com/google/protobuf/UnknownFieldSet
instanceKlass com/alibaba/nacos/shaded/com/google/protobuf/Message$Builder
instanceKlass com/alibaba/nacos/shaded/com/google/protobuf/Parser
instanceKlass com/alibaba/nacos/shaded/com/google/protobuf/Internal$BooleanList
instanceKlass com/alibaba/nacos/shaded/com/google/protobuf/Internal$DoubleList
instanceKlass com/alibaba/nacos/shaded/com/google/protobuf/Internal$IntList
instanceKlass com/alibaba/nacos/shaded/com/google/protobuf/Internal$FloatList
instanceKlass com/alibaba/nacos/shaded/com/google/protobuf/Internal$LongList
instanceKlass com/alibaba/nacos/shaded/com/google/protobuf/Internal$ProtobufList
instanceKlass com/alibaba/nacos/shaded/com/google/protobuf/GeneratedMessageV3$BuilderParent
instanceKlass com/alibaba/nacos/shaded/com/google/protobuf/AbstractMessage$BuilderParent
instanceKlass com/alibaba/nacos/shaded/com/google/protobuf/Reader
instanceKlass com/alibaba/nacos/shaded/com/google/protobuf/MessageLite$Builder
instanceKlass com/alibaba/nacos/shaded/com/google/protobuf/AbstractMessageLite
instanceKlass com/alibaba/nacos/api/grpc/auto/MetadataOrBuilder
instanceKlass com/alibaba/nacos/common/remote/client/grpc/GrpcUtils
instanceKlass com/alibaba/nacos/shaded/io/grpc/CallOptions$Builder
instanceKlass com/alibaba/nacos/shaded/io/grpc/CallOptions
instanceKlass com/alibaba/nacos/shaded/io/grpc/stub/AbstractStub
instanceKlass com/alibaba/nacos/shaded/com/google/protobuf/Message
instanceKlass com/alibaba/nacos/shaded/com/google/protobuf/MessageOrBuilder
instanceKlass com/alibaba/nacos/shaded/com/google/protobuf/MessageLite
instanceKlass com/alibaba/nacos/shaded/com/google/protobuf/MessageLiteOrBuilder
instanceKlass com/alibaba/nacos/api/grpc/auto/RequestGrpc
instanceKlass com/alibaba/nacos/shaded/io/grpc/internal/ReflectionLongAdderCounter
instanceKlass com/alibaba/nacos/shaded/io/grpc/internal/LongCounter
instanceKlass com/alibaba/nacos/shaded/io/grpc/internal/LongCounterFactory
instanceKlass com/alibaba/nacos/shaded/io/grpc/internal/CallTracer$1
instanceKlass com/alibaba/nacos/shaded/io/grpc/internal/CallTracer
instanceKlass com/alibaba/nacos/shaded/io/grpc/internal/ManagedChannelImpl$1ChannelCallTracerFactory
instanceKlass com/alibaba/nacos/shaded/io/grpc/internal/ManagedChannelImpl$IdleModeTimer
instanceKlass com/alibaba/nacos/shaded/io/grpc/internal/Rescheduler
instanceKlass com/alibaba/nacos/shaded/io/grpc/ClientInterceptor
instanceKlass com/alibaba/nacos/shaded/io/grpc/ClientInterceptors
instanceKlass com/alibaba/nacos/shaded/io/grpc/internal/DelayedClientTransport$3
instanceKlass com/alibaba/nacos/shaded/io/grpc/internal/DelayedClientTransport$2
instanceKlass com/alibaba/nacos/shaded/io/grpc/internal/DelayedClientTransport$1
instanceKlass com/alibaba/nacos/shaded/io/grpc/internal/DelayedClientTransport
instanceKlass com/alibaba/nacos/shaded/io/grpc/internal/BackoffPolicyRetryScheduler
instanceKlass com/alibaba/nacos/shaded/com/google/common/base/Ticker
instanceKlass com/alibaba/nacos/shaded/com/google/common/base/Stopwatch
instanceKlass com/alibaba/nacos/shaded/io/grpc/internal/DnsNameResolver$AddressResolver
instanceKlass com/alibaba/nacos/shaded/io/grpc/NameResolver$Args$Builder
instanceKlass com/alibaba/nacos/shaded/io/grpc/NameResolver$Args
instanceKlass com/alibaba/nacos/shaded/io/grpc/util/SecretRoundRobinLoadBalancerProvider
instanceKlass com/alibaba/nacos/shaded/com/google/common/base/MoreObjects$ToStringHelper$ValueHolder
instanceKlass com/alibaba/nacos/shaded/com/google/common/base/MoreObjects$ToStringHelper
instanceKlass com/alibaba/nacos/shaded/com/google/common/base/MoreObjects
instanceKlass com/alibaba/nacos/shaded/io/grpc/LoadBalancerRegistry$LoadBalancerPriorityAccessor
instanceKlass com/alibaba/nacos/shaded/com/google/common/base/Platform$JdkPatternCompiler
instanceKlass com/alibaba/nacos/shaded/com/google/common/base/PatternCompiler
instanceKlass com/alibaba/nacos/shaded/com/google/common/base/Platform
instanceKlass com/alibaba/nacos/shaded/com/google/common/base/Strings
instanceKlass com/alibaba/nacos/shaded/io/grpc/NameResolver$ConfigOrError
instanceKlass com/alibaba/nacos/shaded/io/grpc/LoadBalancerProvider$UnknownConfig
instanceKlass com/alibaba/nacos/shaded/io/grpc/LoadBalancer
instanceKlass com/alibaba/nacos/shaded/io/grpc/LoadBalancer$Factory
instanceKlass com/alibaba/nacos/shaded/io/grpc/LoadBalancerRegistry
instanceKlass com/alibaba/nacos/shaded/io/grpc/internal/AutoConfiguredLoadBalancerFactory
instanceKlass com/alibaba/nacos/shaded/io/grpc/internal/ChannelTracer$2
instanceKlass com/alibaba/nacos/shaded/io/grpc/InternalChannelz$ChannelTrace$Event
instanceKlass com/alibaba/nacos/shaded/io/grpc/InternalChannelz$ChannelTrace$Event$Builder
instanceKlass com/alibaba/nacos/shaded/io/grpc/internal/ChannelTracer
instanceKlass com/alibaba/nacos/shaded/io/grpc/internal/ManagedChannelImpl$RestrictedScheduledExecutor
instanceKlass com/alibaba/nacos/shaded/io/grpc/internal/CallCredentialsApplyingTransportFactory
instanceKlass com/alibaba/nacos/shaded/io/grpc/internal/ManagedChannelImpl$ExecutorHolder
instanceKlass com/alibaba/nacos/shaded/io/grpc/InternalLogId
instanceKlass com/alibaba/nacos/shaded/io/grpc/internal/ClientStream
instanceKlass com/alibaba/nacos/shaded/io/grpc/internal/Stream
instanceKlass com/alibaba/nacos/shaded/io/grpc/LoadBalancer$PickSubchannelArgs
instanceKlass com/alibaba/nacos/shaded/io/grpc/internal/ManagedChannelImpl$ChannelStreamProvider
instanceKlass com/alibaba/nacos/shaded/io/grpc/internal/ClientCallImpl$ClientStreamProvider
instanceKlass com/alibaba/nacos/shaded/io/grpc/internal/ManagedChannelImpl$DelayedTransportListener
instanceKlass com/alibaba/nacos/shaded/io/grpc/internal/RetriableStream$ChannelBufferMeter
instanceKlass com/alibaba/nacos/shaded/io/grpc/internal/ManagedChannelImpl$UncommittedRetriableStreamsRegistry
instanceKlass com/alibaba/nacos/shaded/io/grpc/internal/ConnectivityStateManager
instanceKlass com/alibaba/nacos/shaded/io/grpc/internal/ManagedChannelImpl$2
instanceKlass com/alibaba/nacos/shaded/io/grpc/SynchronizationContext
instanceKlass com/alibaba/nacos/shaded/io/grpc/GlobalInterceptors
instanceKlass com/alibaba/nacos/shaded/io/grpc/InternalGlobalInterceptors
instanceKlass com/alibaba/nacos/shaded/io/grpc/internal/BackoffPolicy
instanceKlass com/alibaba/nacos/shaded/io/grpc/internal/ExponentialBackoffPolicy$Provider
instanceKlass com/alibaba/nacos/shaded/io/grpc/netty/shaded/io/grpc/netty/NettyChannelBuilder$LocalSocketPicker
instanceKlass com/alibaba/nacos/shaded/io/grpc/internal/AtomicBackoff
instanceKlass com/alibaba/nacos/shaded/io/grpc/netty/shaded/io/netty/util/concurrent/MultithreadEventExecutorGroup$1
instanceKlass com/alibaba/nacos/shaded/io/grpc/netty/shaded/io/netty/util/concurrent/DefaultEventExecutorChooserFactory$PowerOfTwoEventExecutorChooser
instanceKlass com/alibaba/nacos/shaded/io/grpc/netty/shaded/io/netty/channel/nio/NioEventLoop$SelectorTuple
instanceKlass com/alibaba/nacos/shaded/io/grpc/netty/shaded/io/netty/channel/nio/NioEventLoop$4
instanceKlass java/nio/channels/SelectionKey
instanceKlass com/alibaba/nacos/shaded/io/grpc/netty/shaded/io/netty/channel/nio/NioEventLoop$3
instanceKlass java/nio/BufferMismatch
instanceKlass java/nio/channels/spi/AbstractInterruptibleChannel$1
instanceKlass sun/nio/ch/Interruptible
instanceKlass sun/nio/ch/SelChImpl
instanceKlass sun/nio/ch/UnixDomainSocketsUtil
instanceKlass sun/nio/ch/UnixDomainSockets
instanceKlass sun/nio/ch/PipeImpl$Initializer$LoopbackConnector
instanceKlass sun/nio/ch/PipeImpl$Initializer
instanceKlass java/nio/channels/Pipe
instanceKlass sun/nio/ch/WEPoll
instanceKlass sun/nio/ch/Util$2
instanceKlass com/alibaba/nacos/shaded/io/grpc/netty/shaded/io/netty/channel/nio/NioEventLoop$1
instanceKlass com/alibaba/nacos/shaded/io/grpc/netty/shaded/io/netty/util/internal/ThreadExecutorMap$1
instanceKlass com/alibaba/nacos/shaded/io/grpc/netty/shaded/io/netty/util/internal/shaded/org/jctools/util/UnsafeRefArrayAccess
instanceKlass com/alibaba/nacos/shaded/io/grpc/netty/shaded/io/netty/util/internal/shaded/org/jctools/util/Pow2
instanceKlass com/alibaba/nacos/shaded/io/grpc/netty/shaded/io/netty/util/internal/shaded/org/jctools/util/RangeUtil
instanceKlass com/alibaba/nacos/shaded/io/grpc/netty/shaded/io/netty/util/internal/shaded/org/jctools/util/UnsafeAccess
instanceKlass com/alibaba/nacos/shaded/io/grpc/netty/shaded/io/netty/util/internal/PlatformDependent$Mpsc$1
instanceKlass com/alibaba/nacos/shaded/io/grpc/netty/shaded/io/netty/util/internal/PlatformDependent$Mpsc
instanceKlass com/alibaba/nacos/shaded/io/grpc/netty/shaded/io/netty/channel/DefaultSelectStrategy
instanceKlass com/alibaba/nacos/shaded/io/grpc/netty/shaded/io/netty/channel/SelectStrategy
instanceKlass java/util/concurrent/atomic/AtomicIntegerFieldUpdater$AtomicIntegerFieldUpdaterImpl$1
instanceKlass java/util/concurrent/atomic/AtomicIntegerFieldUpdater
instanceKlass com/alibaba/nacos/shaded/io/grpc/netty/shaded/io/netty/util/concurrent/SingleThreadEventExecutor$1
instanceKlass java/nio/channels/Selector
instanceKlass com/alibaba/nacos/shaded/io/grpc/netty/shaded/io/netty/util/IntSupplier
instanceKlass com/alibaba/nacos/shaded/io/grpc/netty/shaded/io/netty/channel/ChannelPromise
instanceKlass com/alibaba/nacos/shaded/io/grpc/netty/shaded/io/netty/util/concurrent/ThreadProperties
instanceKlass com/alibaba/nacos/shaded/io/grpc/netty/shaded/io/netty/util/internal/ThreadExecutorMap$3
instanceKlass com/alibaba/nacos/shaded/io/grpc/netty/shaded/io/netty/util/internal/UnpaddedInternalThreadLocalMap
instanceKlass com/alibaba/nacos/shaded/io/grpc/netty/shaded/io/netty/util/concurrent/FastThreadLocal
instanceKlass com/alibaba/nacos/shaded/io/grpc/netty/shaded/io/netty/util/internal/ThreadExecutorMap
instanceKlass com/alibaba/nacos/shaded/io/grpc/netty/shaded/io/netty/util/internal/StringUtil
instanceKlass com/alibaba/nacos/shaded/io/grpc/netty/shaded/io/netty/util/concurrent/GlobalEventExecutor$TaskRunner
instanceKlass com/alibaba/nacos/shaded/io/grpc/netty/shaded/io/netty/util/concurrent/GlobalEventExecutor$1
instanceKlass com/alibaba/nacos/shaded/io/grpc/netty/shaded/io/netty/util/concurrent/PromiseTask$SentinelRunnable
instanceKlass com/alibaba/nacos/shaded/io/grpc/netty/shaded/io/netty/util/internal/PriorityQueueNode
instanceKlass com/alibaba/nacos/shaded/io/grpc/netty/shaded/io/netty/util/concurrent/AbstractScheduledEventExecutor$2
instanceKlass com/alibaba/nacos/shaded/io/grpc/netty/shaded/io/netty/util/concurrent/AbstractScheduledEventExecutor$1
instanceKlass com/alibaba/nacos/shaded/io/grpc/netty/shaded/io/netty/util/internal/PriorityQueue
instanceKlass com/alibaba/nacos/shaded/io/grpc/netty/shaded/io/netty/util/concurrent/ScheduledFuture
instanceKlass com/alibaba/nacos/shaded/io/grpc/netty/shaded/io/netty/util/concurrent/ProgressivePromise
instanceKlass com/alibaba/nacos/shaded/io/grpc/netty/shaded/io/netty/util/concurrent/ProgressiveFuture
instanceKlass com/alibaba/nacos/shaded/io/grpc/netty/shaded/io/netty/util/internal/ThrowableUtil
instanceKlass com/alibaba/nacos/shaded/io/grpc/netty/shaded/io/netty/util/concurrent/DefaultFutureListeners
instanceKlass com/alibaba/nacos/shaded/io/grpc/netty/shaded/io/netty/util/concurrent/DefaultPromise$CauseHolder
instanceKlass com/alibaba/nacos/shaded/io/grpc/netty/shaded/io/netty/util/concurrent/AbstractFuture
instanceKlass com/alibaba/nacos/shaded/io/grpc/netty/shaded/io/netty/util/concurrent/EventExecutorChooserFactory$EventExecutorChooser
instanceKlass com/alibaba/nacos/shaded/io/grpc/netty/shaded/io/netty/util/concurrent/DefaultEventExecutorChooserFactory
instanceKlass com/alibaba/nacos/shaded/io/grpc/netty/shaded/io/netty/util/concurrent/ThreadPerTaskExecutor
instanceKlass com/alibaba/nacos/shaded/io/grpc/netty/shaded/io/netty/util/concurrent/RejectedExecutionHandlers$1
instanceKlass com/alibaba/nacos/shaded/io/grpc/netty/shaded/io/netty/util/concurrent/RejectedExecutionHandler
instanceKlass com/alibaba/nacos/shaded/io/grpc/netty/shaded/io/netty/util/concurrent/RejectedExecutionHandlers
instanceKlass com/alibaba/nacos/shaded/io/grpc/netty/shaded/io/netty/channel/DefaultSelectStrategyFactory
instanceKlass com/alibaba/nacos/shaded/io/grpc/netty/shaded/io/netty/channel/SelectStrategyFactory
instanceKlass sun/nio/ch/DefaultSelectorProvider
instanceKlass java/nio/channels/spi/SelectorProvider$Holder
instanceKlass com/alibaba/nacos/shaded/io/grpc/netty/shaded/io/netty/util/concurrent/EventExecutorChooserFactory
instanceKlass com/alibaba/nacos/shaded/io/grpc/netty/shaded/io/netty/util/concurrent/FutureListener
instanceKlass com/alibaba/nacos/shaded/io/grpc/netty/shaded/io/netty/util/concurrent/Promise
instanceKlass com/alibaba/nacos/shaded/io/grpc/netty/shaded/io/netty/util/concurrent/AbstractEventExecutorGroup
instanceKlass com/alibaba/nacos/shaded/io/grpc/netty/shaded/io/grpc/netty/Utils$2
instanceKlass com/alibaba/nacos/shaded/io/grpc/netty/shaded/io/netty/util/concurrent/DefaultThreadFactory
instanceKlass com/alibaba/nacos/shaded/io/grpc/internal/SharedResourceHolder$Instance
instanceKlass com/alibaba/nacos/shaded/io/grpc/internal/SharedResourceHolder$1
instanceKlass com/alibaba/nacos/shaded/io/grpc/internal/SharedResourceHolder$ScheduledExecutorFactory
instanceKlass com/alibaba/nacos/shaded/io/grpc/internal/SharedResourceHolder
instanceKlass com/alibaba/nacos/shaded/io/grpc/internal/ConnectionClientTransport
instanceKlass com/alibaba/nacos/shaded/io/grpc/internal/ManagedClientTransport
instanceKlass com/alibaba/nacos/shaded/io/grpc/netty/shaded/io/grpc/netty/NettyChannelBuilder$NettyTransportFactory
instanceKlass com/alibaba/nacos/shaded/io/grpc/netty/shaded/io/netty/channel/ChannelHandler
instanceKlass com/alibaba/nacos/shaded/io/grpc/netty/shaded/io/grpc/netty/ProtocolNegotiators$PlaintextProtocolNegotiator
instanceKlass com/alibaba/nacos/shaded/io/grpc/netty/shaded/io/grpc/netty/ProtocolNegotiator$ServerFactory
instanceKlass com/alibaba/nacos/shaded/io/grpc/netty/shaded/io/grpc/netty/ProtocolNegotiator
instanceKlass javax/net/ssl/TrustManagerFactory
instanceKlass javax/net/ssl/KeyManagerFactory
instanceKlass com/alibaba/nacos/shaded/io/grpc/netty/shaded/io/grpc/netty/ProtocolNegotiators
instanceKlass com/alibaba/nacos/shaded/io/grpc/netty/shaded/io/grpc/netty/NettyChannelBuilder$1
instanceKlass com/alibaba/nacos/shaded/io/grpc/Attributes$Key
instanceKlass com/alibaba/nacos/shaded/io/grpc/internal/ManagedChannelServiceConfig
instanceKlass com/alibaba/nacos/shaded/com/google/common/base/ExtraObjectsMethodsForWeb
instanceKlass com/alibaba/nacos/shaded/io/grpc/Status$StatusMessageMarshaller
instanceKlass com/alibaba/nacos/shaded/io/grpc/Status$StatusCodeMarshaller
instanceKlass com/alibaba/nacos/shaded/io/grpc/LoadBalancer$SubchannelPicker
instanceKlass com/alibaba/nacos/shaded/io/grpc/internal/RetryScheduler
instanceKlass com/alibaba/nacos/shaded/io/grpc/NameResolver$Listener2
instanceKlass com/alibaba/nacos/shaded/io/grpc/NameResolver$Listener
instanceKlass com/alibaba/nacos/shaded/io/grpc/LoadBalancer$Helper
instanceKlass com/alibaba/nacos/shaded/com/google/common/util/concurrent/ListenableFuture
instanceKlass com/alibaba/nacos/shaded/io/grpc/ClientCall
instanceKlass com/alibaba/nacos/shaded/io/grpc/InternalConfigSelector
instanceKlass com/alibaba/nacos/shaded/io/grpc/internal/CallTracer$Factory
instanceKlass com/alibaba/nacos/shaded/io/grpc/NameResolver$ServiceConfigParser
instanceKlass com/alibaba/nacos/shaded/io/grpc/ChannelLogger
instanceKlass com/alibaba/nacos/shaded/io/grpc/internal/InUseStateAggregator
instanceKlass com/alibaba/nacos/shaded/io/grpc/internal/ManagedClientTransport$Listener
instanceKlass com/alibaba/nacos/shaded/io/grpc/internal/KeepAliveManager
instanceKlass com/alibaba/nacos/shaded/io/grpc/internal/FixedObjectPool
instanceKlass com/alibaba/nacos/shaded/io/grpc/InternalChannelz
instanceKlass com/alibaba/nacos/shaded/com/google/common/collect/Hashing
instanceKlass com/alibaba/nacos/shaded/com/google/common/collect/CollectPreconditions
instanceKlass com/alibaba/nacos/shaded/com/google/common/collect/ImmutableMap$Builder
instanceKlass com/alibaba/nacos/shaded/com/google/common/collect/UnmodifiableIterator
instanceKlass com/alibaba/nacos/shaded/com/google/common/collect/ImmutableMap
instanceKlass com/alibaba/nacos/shaded/io/grpc/NameResolverRegistry$NameResolverPriorityAccessor
instanceKlass com/alibaba/nacos/shaded/io/grpc/InternalServiceProviders
instanceKlass com/alibaba/nacos/shaded/io/grpc/NameResolver
instanceKlass com/alibaba/nacos/shaded/io/grpc/NameResolverRegistry
instanceKlass com/alibaba/nacos/shaded/io/grpc/netty/shaded/io/grpc/netty/NettyChannelBuilder$NettyChannelDefaultPortProvider
instanceKlass com/alibaba/nacos/shaded/io/grpc/netty/shaded/io/grpc/netty/NettyChannelBuilder$NettyChannelTransportFactoryBuilder
instanceKlass com/alibaba/nacos/shaded/io/grpc/CompressorRegistry
instanceKlass com/alibaba/nacos/shaded/io/grpc/Codec$Identity
instanceKlass com/alibaba/nacos/shaded/io/grpc/DecompressorRegistry$DecompressorInfo
instanceKlass com/alibaba/nacos/shaded/io/grpc/Codec$Gzip
instanceKlass com/alibaba/nacos/shaded/io/grpc/Codec
instanceKlass com/alibaba/nacos/shaded/io/grpc/Compressor
instanceKlass com/alibaba/nacos/shaded/com/google/common/base/Joiner
instanceKlass com/alibaba/nacos/shaded/io/grpc/Decompressor
instanceKlass com/alibaba/nacos/shaded/io/grpc/DecompressorRegistry
instanceKlass com/alibaba/nacos/shaded/io/grpc/internal/BackoffPolicy$Provider
instanceKlass com/alibaba/nacos/shaded/io/grpc/NameResolver$Factory
instanceKlass com/alibaba/nacos/shaded/io/grpc/netty/shaded/io/grpc/netty/NettyChannelBuilder$DefaultProtocolNegotiator
instanceKlass com/alibaba/nacos/shaded/io/grpc/internal/TimeProvider$1
instanceKlass com/alibaba/nacos/shaded/io/grpc/internal/TimeProvider
instanceKlass com/alibaba/nacos/shaded/io/grpc/internal/TransportTracer$Factory
instanceKlass com/alibaba/nacos/shaded/io/grpc/internal/TransportTracer
instanceKlass com/alibaba/nacos/shaded/io/grpc/internal/SharedResourcePool
instanceKlass java/nio/channels/spi/SelectorProvider
instanceKlass com/alibaba/nacos/shaded/io/grpc/netty/shaded/io/netty/util/concurrent/GenericFutureListener
instanceKlass com/alibaba/nacos/shaded/io/grpc/netty/shaded/io/netty/channel/socket/SocketChannelConfig
instanceKlass com/alibaba/nacos/shaded/io/grpc/netty/shaded/io/netty/channel/socket/DuplexChannelConfig
instanceKlass com/alibaba/nacos/shaded/io/grpc/netty/shaded/io/netty/channel/ChannelConfig
instanceKlass java/nio/channels/NetworkChannel
instanceKlass com/alibaba/nacos/shaded/io/grpc/netty/shaded/io/netty/channel/nio/AbstractNioChannel$NioUnsafe
instanceKlass com/alibaba/nacos/shaded/io/grpc/netty/shaded/io/netty/channel/AbstractChannel$AbstractUnsafe
instanceKlass com/alibaba/nacos/shaded/io/grpc/netty/shaded/io/netty/channel/EventLoop
instanceKlass com/alibaba/nacos/shaded/io/grpc/netty/shaded/io/netty/util/concurrent/OrderedEventExecutor
instanceKlass com/alibaba/nacos/shaded/io/grpc/netty/shaded/io/netty/util/concurrent/EventExecutor
instanceKlass com/alibaba/nacos/shaded/io/grpc/netty/shaded/io/netty/channel/ChannelId
instanceKlass com/alibaba/nacos/shaded/io/grpc/netty/shaded/io/netty/channel/ChannelFuture
instanceKlass com/alibaba/nacos/shaded/io/grpc/netty/shaded/io/netty/util/concurrent/Future
instanceKlass com/alibaba/nacos/shaded/io/grpc/netty/shaded/io/netty/channel/ChannelPipeline
instanceKlass com/alibaba/nacos/shaded/io/grpc/netty/shaded/io/netty/channel/ChannelInboundInvoker
instanceKlass com/alibaba/nacos/shaded/io/grpc/netty/shaded/io/netty/channel/Channel$Unsafe
instanceKlass com/alibaba/nacos/shaded/io/grpc/netty/shaded/io/netty/util/Attribute
instanceKlass com/alibaba/nacos/shaded/io/grpc/netty/shaded/io/netty/channel/ReflectiveChannelFactory
instanceKlass com/alibaba/nacos/shaded/io/grpc/internal/ClientTransportFactory
instanceKlass com/alibaba/nacos/shaded/io/grpc/internal/ManagedChannelImplBuilder$ClientTransportFactoryBuilder
instanceKlass com/alibaba/nacos/shaded/io/grpc/internal/ManagedChannelImplBuilder$ChannelBuilderDefaultPortProvider
instanceKlass com/alibaba/nacos/shaded/io/grpc/netty/shaded/io/grpc/netty/ProtocolNegotiator$ClientFactory
instanceKlass com/alibaba/nacos/shaded/io/grpc/ManagedChannelRegistry$1
instanceKlass com/alibaba/nacos/shaded/io/grpc/ServiceProviders$1
instanceKlass com/alibaba/nacos/shaded/io/grpc/netty/shaded/io/netty/util/DefaultAttributeMap
instanceKlass com/alibaba/nacos/shaded/io/grpc/netty/shaded/io/netty/channel/socket/SocketChannel
instanceKlass com/alibaba/nacos/shaded/io/grpc/netty/shaded/io/netty/channel/socket/DuplexChannel
instanceKlass com/alibaba/nacos/shaded/io/grpc/netty/shaded/io/netty/channel/ServerChannel
instanceKlass com/alibaba/nacos/shaded/io/grpc/netty/shaded/io/netty/channel/Channel
instanceKlass com/alibaba/nacos/shaded/io/grpc/netty/shaded/io/netty/channel/ChannelOutboundInvoker
instanceKlass com/alibaba/nacos/shaded/io/grpc/netty/shaded/io/netty/util/AttributeMap
instanceKlass com/alibaba/nacos/shaded/io/grpc/netty/shaded/io/grpc/netty/Utils$1
instanceKlass com/alibaba/nacos/shaded/io/grpc/netty/shaded/io/netty/util/NettyRuntime$AvailableProcessorsHolder
instanceKlass com/alibaba/nacos/shaded/io/grpc/netty/shaded/io/netty/util/NettyRuntime
instanceKlass com/alibaba/nacos/shaded/io/grpc/netty/shaded/io/netty/channel/EventLoopGroup
instanceKlass com/alibaba/nacos/shaded/io/grpc/netty/shaded/io/netty/util/concurrent/EventExecutorGroup
instanceKlass com/alibaba/nacos/shaded/io/grpc/netty/shaded/io/grpc/netty/Utils$DefaultEventLoopGroupResource
instanceKlass com/alibaba/nacos/shaded/io/grpc/internal/GrpcUtil$5
instanceKlass com/alibaba/nacos/shaded/io/grpc/internal/GrpcUtil$4
instanceKlass com/alibaba/nacos/shaded/io/grpc/internal/GrpcUtil$3
instanceKlass com/alibaba/nacos/shaded/io/grpc/CallOptions$Key
instanceKlass com/alibaba/nacos/shaded/io/grpc/internal/GrpcUtil$1
instanceKlass com/alibaba/nacos/shaded/io/grpc/internal/ProxyDetectorImpl$2
instanceKlass com/alibaba/nacos/shaded/io/grpc/internal/ProxyDetectorImpl$1
instanceKlass com/alibaba/nacos/shaded/io/grpc/internal/ProxyDetectorImpl$AuthenticationProvider
instanceKlass com/alibaba/nacos/shaded/io/grpc/internal/ProxyDetectorImpl
instanceKlass com/alibaba/nacos/shaded/com/google/common/base/AbstractIterator
instanceKlass com/alibaba/nacos/shaded/com/google/common/base/Splitter$1
instanceKlass com/alibaba/nacos/shaded/com/google/common/base/CharMatcher
instanceKlass com/alibaba/nacos/shaded/com/google/common/base/Predicate
instanceKlass com/alibaba/nacos/shaded/com/google/common/base/CommonPattern
instanceKlass com/alibaba/nacos/shaded/com/google/common/base/Splitter$Strategy
instanceKlass com/alibaba/nacos/shaded/com/google/common/base/Splitter
instanceKlass com/alibaba/nacos/shaded/io/grpc/InternalMetadata
instanceKlass com/alibaba/nacos/shaded/io/grpc/internal/GrpcUtil$AcceptEncodingMarshaller
instanceKlass com/alibaba/nacos/shaded/com/google/common/math/IntMath$1
instanceKlass com/alibaba/nacos/shaded/com/google/common/math/MathPreconditions
instanceKlass com/alibaba/nacos/shaded/com/google/common/math/IntMath
instanceKlass com/alibaba/nacos/shaded/com/google/common/io/BaseEncoding$Alphabet
instanceKlass com/alibaba/nacos/shaded/com/google/common/io/ByteSource
instanceKlass com/alibaba/nacos/shaded/com/google/common/io/ByteSink
instanceKlass com/alibaba/nacos/shaded/com/google/common/io/BaseEncoding
instanceKlass com/alibaba/nacos/shaded/io/grpc/Metadata$2
instanceKlass com/alibaba/nacos/shaded/io/grpc/Metadata$1
instanceKlass com/alibaba/nacos/shaded/io/grpc/Metadata$BinaryMarshaller
instanceKlass com/alibaba/nacos/shaded/io/grpc/Metadata
instanceKlass com/alibaba/nacos/shaded/com/google/common/base/Preconditions
instanceKlass com/alibaba/nacos/shaded/io/grpc/Metadata$Key
instanceKlass com/alibaba/nacos/shaded/io/grpc/internal/GrpcUtil$TimeoutMarshaller
instanceKlass com/alibaba/nacos/shaded/io/grpc/Status
instanceKlass com/alibaba/nacos/shaded/com/google/common/base/Charsets
instanceKlass com/alibaba/nacos/shaded/io/grpc/internal/ClientTransport
instanceKlass com/alibaba/nacos/shaded/io/grpc/InternalInstrumented
instanceKlass com/alibaba/nacos/shaded/io/grpc/InternalWithLogId
instanceKlass com/alibaba/nacos/shaded/com/google/common/base/Supplier
instanceKlass com/alibaba/nacos/shaded/io/grpc/StreamTracer
instanceKlass com/alibaba/nacos/shaded/io/grpc/ProxyDetector
instanceKlass com/alibaba/nacos/shaded/io/grpc/InternalMetadata$TrustedAsciiMarshaller
instanceKlass com/alibaba/nacos/shaded/io/grpc/Metadata$TrustedAsciiMarshaller
instanceKlass com/alibaba/nacos/shaded/io/grpc/Metadata$AsciiMarshaller
instanceKlass com/alibaba/nacos/shaded/io/grpc/internal/GrpcUtil
instanceKlass com/alibaba/nacos/shaded/io/grpc/netty/shaded/io/netty/util/AsciiString$2
instanceKlass com/alibaba/nacos/shaded/io/grpc/netty/shaded/io/netty/util/AsciiString$1
instanceKlass com/alibaba/nacos/shaded/io/grpc/netty/shaded/io/netty/util/internal/PlatformDependent$4
instanceKlass com/alibaba/nacos/shaded/io/grpc/netty/shaded/io/netty/util/internal/CleanerJava9$1
instanceKlass com/alibaba/nacos/shaded/io/grpc/netty/shaded/io/netty/util/internal/CleanerJava9
instanceKlass com/alibaba/nacos/shaded/io/grpc/netty/shaded/io/netty/util/internal/PlatformDependent$2
instanceKlass com/alibaba/nacos/shaded/io/grpc/netty/shaded/io/netty/util/internal/PlatformDependent$1
instanceKlass java/util/stream/ReduceOps$2ReducingSink
instanceKlass com/alibaba/nacos/shaded/io/grpc/netty/shaded/io/netty/util/internal/PlatformDependent0$9
instanceKlass com/alibaba/nacos/shaded/io/grpc/netty/shaded/io/netty/util/internal/PlatformDependent0$7
instanceKlass com/alibaba/nacos/shaded/io/grpc/netty/shaded/io/netty/util/internal/PlatformDependent0$6
instanceKlass com/alibaba/nacos/shaded/io/grpc/netty/shaded/io/netty/util/internal/PlatformDependent0$5
instanceKlass jdk/internal/access/foreign/MemorySegmentProxy
instanceKlass com/alibaba/nacos/shaded/io/grpc/netty/shaded/io/netty/util/internal/PlatformDependent0$4
instanceKlass com/alibaba/nacos/shaded/io/grpc/netty/shaded/io/netty/util/internal/PlatformDependent0$3
instanceKlass com/alibaba/nacos/shaded/io/grpc/netty/shaded/io/netty/util/internal/PlatformDependent0$2
instanceKlass com/alibaba/nacos/shaded/io/grpc/netty/shaded/io/netty/util/internal/ReflectionUtil
instanceKlass sun/misc/Unsafe
instanceKlass com/alibaba/nacos/shaded/io/grpc/netty/shaded/io/netty/util/internal/PlatformDependent0$1
instanceKlass com/alibaba/nacos/shaded/io/grpc/netty/shaded/io/netty/util/internal/SystemPropertyUtil
instanceKlass com/alibaba/nacos/shaded/io/grpc/netty/shaded/io/netty/util/internal/PlatformDependent0
instanceKlass com/alibaba/nacos/shaded/io/grpc/netty/shaded/io/netty/util/internal/ObjectUtil
instanceKlass com/alibaba/nacos/shaded/io/grpc/netty/shaded/io/netty/util/internal/logging/Slf4JLoggerFactory$NopInstanceHolder
instanceKlass com/alibaba/nacos/shaded/io/grpc/netty/shaded/io/netty/util/internal/logging/AbstractInternalLogger
instanceKlass com/alibaba/nacos/shaded/io/grpc/netty/shaded/io/netty/util/internal/logging/InternalLogger
instanceKlass com/alibaba/nacos/shaded/io/grpc/netty/shaded/io/netty/util/internal/logging/InternalLoggerFactory
instanceKlass com/alibaba/nacos/shaded/io/grpc/netty/shaded/io/netty/util/internal/shaded/org/jctools/queues/SupportsIterator
instanceKlass com/alibaba/nacos/shaded/io/grpc/netty/shaded/io/netty/util/internal/shaded/org/jctools/queues/QueueProgressIndicators
instanceKlass com/alibaba/nacos/shaded/io/grpc/netty/shaded/io/netty/util/internal/shaded/org/jctools/queues/IndexedQueueSizeUtil$IndexedQueue
instanceKlass com/alibaba/nacos/shaded/io/grpc/netty/shaded/io/netty/util/internal/shaded/org/jctools/queues/MessagePassingQueue
instanceKlass com/alibaba/nacos/shaded/io/grpc/netty/shaded/io/netty/util/internal/LongCounter
instanceKlass com/alibaba/nacos/shaded/io/grpc/netty/shaded/io/netty/util/internal/PlatformDependent$ThreadLocalRandomProvider
instanceKlass com/alibaba/nacos/shaded/io/grpc/netty/shaded/io/netty/util/internal/Cleaner
instanceKlass com/alibaba/nacos/shaded/io/grpc/netty/shaded/io/netty/util/internal/PlatformDependent
instanceKlass com/alibaba/nacos/shaded/io/grpc/netty/shaded/io/netty/util/internal/MathUtil
instanceKlass com/alibaba/nacos/shaded/io/grpc/netty/shaded/io/netty/util/AsciiString$CharEqualityComparator
instanceKlass com/alibaba/nacos/shaded/io/grpc/netty/shaded/io/netty/util/HashingStrategy
instanceKlass com/alibaba/nacos/shaded/io/grpc/netty/shaded/io/netty/util/AsciiString
instanceKlass com/alibaba/nacos/shaded/io/grpc/netty/shaded/io/netty/buffer/ByteBufAllocator
instanceKlass com/alibaba/nacos/shaded/io/grpc/netty/shaded/io/netty/handler/codec/http2/Http2Headers
instanceKlass com/alibaba/nacos/shaded/io/grpc/netty/shaded/io/netty/handler/codec/Headers
instanceKlass com/alibaba/nacos/shaded/io/grpc/netty/shaded/io/netty/channel/ChannelFactory
instanceKlass com/alibaba/nacos/shaded/io/grpc/netty/shaded/io/netty/bootstrap/ChannelFactory
instanceKlass com/alibaba/nacos/shaded/io/grpc/internal/SharedResourceHolder$Resource
instanceKlass com/alibaba/nacos/shaded/io/grpc/netty/shaded/io/grpc/netty/Utils
instanceKlass com/alibaba/nacos/shaded/io/grpc/internal/ObjectPool
instanceKlass com/alibaba/nacos/shaded/io/grpc/ServiceProviders
instanceKlass com/alibaba/nacos/shaded/io/grpc/ManagedChannelRegistry$ManagedChannelPriorityAccessor
instanceKlass com/alibaba/nacos/shaded/io/grpc/ServiceProviders$PriorityAccessor
instanceKlass com/alibaba/nacos/shaded/io/grpc/ManagedChannelRegistry
instanceKlass com/alibaba/nacos/shaded/io/grpc/ManagedChannelProvider
instanceKlass com/fasterxml/jackson/annotation/JsonFilter
instanceKlass com/fasterxml/jackson/annotation/JsonIncludeProperties$Value
instanceKlass com/fasterxml/jackson/annotation/JsonIncludeProperties
instanceKlass com/fasterxml/jackson/annotation/JsonIgnoreProperties$Value
instanceKlass com/fasterxml/jackson/annotation/JsonIgnoreProperties
instanceKlass com/fasterxml/jackson/databind/annotation/JsonAppend
instanceKlass com/fasterxml/jackson/databind/ser/impl/PropertySerializerMap
instanceKlass com/fasterxml/jackson/databind/introspect/POJOPropertyBuilder$1
instanceKlass com/fasterxml/jackson/databind/ser/PropertyBuilder$1
instanceKlass com/fasterxml/jackson/databind/annotation/JsonTypeResolver
instanceKlass com/fasterxml/jackson/databind/BeanProperty$Std
instanceKlass com/fasterxml/jackson/databind/introspect/POJOPropertyBuilder$2
instanceKlass com/fasterxml/jackson/annotation/JsonTypeId
instanceKlass com/fasterxml/jackson/databind/introspect/POJOPropertyBuilder$3
instanceKlass com/fasterxml/jackson/annotation/JsonInclude
instanceKlass com/fasterxml/jackson/databind/ser/PropertyBuilder
instanceKlass com/fasterxml/jackson/annotation/JsonIgnoreType
instanceKlass com/fasterxml/jackson/databind/ser/BeanSerializerBuilder
instanceKlass com/fasterxml/jackson/databind/ObjectWriter
instanceKlass com/fasterxml/jackson/databind/util/BeanUtil
instanceKlass com/fasterxml/jackson/databind/ext/Java7Handlers
instanceKlass org/w3c/dom/Document
instanceKlass org/w3c/dom/Node
instanceKlass com/fasterxml/jackson/databind/ext/OptionalHandlerFactory
instanceKlass com/fasterxml/jackson/databind/PropertyMetadata
instanceKlass com/fasterxml/jackson/annotation/JsonPropertyDescription
instanceKlass com/fasterxml/jackson/annotation/JsonPropertyOrder
instanceKlass com/fasterxml/jackson/databind/annotation/JsonNaming
instanceKlass com/fasterxml/jackson/annotation/JacksonInject
instanceKlass com/fasterxml/jackson/databind/introspect/POJOPropertyBuilder$6
instanceKlass com/fasterxml/jackson/databind/introspect/POJOPropertyBuilder$5
instanceKlass com/fasterxml/jackson/databind/type/TypeBindings$AsKey
instanceKlass com/fasterxml/jackson/databind/type/TypeBindings$TypeParamStash
instanceKlass com/fasterxml/jackson/databind/introspect/MethodGenericTypeResolver
instanceKlass com/fasterxml/jackson/annotation/JsonSetter
instanceKlass com/fasterxml/jackson/databind/introspect/AnnotatedMethodMap
instanceKlass com/fasterxml/jackson/databind/introspect/AnnotatedMethodCollector$MethodBuilder
instanceKlass com/fasterxml/jackson/databind/introspect/MemberKey
instanceKlass com/fasterxml/jackson/databind/introspect/POJOPropertyBuilder$Linked
instanceKlass com/fasterxml/jackson/databind/AnnotationIntrospector$ReferenceProperty
instanceKlass com/fasterxml/jackson/databind/introspect/POJOPropertyBuilder$WithMember
instanceKlass com/fasterxml/jackson/annotation/JsonAutoDetect$1
instanceKlass com/fasterxml/jackson/annotation/JsonProperty
instanceKlass com/fasterxml/jackson/annotation/JsonGetter
instanceKlass com/fasterxml/jackson/annotation/JsonAnySetter
instanceKlass com/fasterxml/jackson/annotation/JsonAnyGetter
instanceKlass com/fasterxml/jackson/annotation/JsonValue
instanceKlass com/fasterxml/jackson/annotation/JsonKey
instanceKlass com/fasterxml/jackson/databind/introspect/AnnotatedFieldCollector$FieldBuilder
instanceKlass com/fasterxml/jackson/databind/introspect/TypeResolutionContext$Basic
instanceKlass com/fasterxml/jackson/databind/introspect/AnnotationMap
instanceKlass com/fasterxml/jackson/databind/introspect/CollectorBase
instanceKlass com/fasterxml/jackson/databind/util/ArrayIterator
instanceKlass com/fasterxml/jackson/annotation/JsonIdentityInfo
instanceKlass com/fasterxml/jackson/annotation/JsonAutoDetect
instanceKlass com/fasterxml/jackson/databind/introspect/POJOPropertiesCollector
instanceKlass com/fasterxml/jackson/databind/util/internal/PrivateMaxEntriesMap$AddTask
instanceKlass com/fasterxml/jackson/databind/util/internal/PrivateMaxEntriesMap$WeightedValue
instanceKlass com/fasterxml/jackson/databind/type/ClassStack
instanceKlass com/fasterxml/jackson/databind/util/internal/PrivateMaxEntriesMap$EntryIterator
instanceKlass com/fasterxml/jackson/databind/util/TypeKey
instanceKlass com/fasterxml/jackson/databind/ser/impl/ReadOnlyClassToSerializerMap$Bucket
instanceKlass com/fasterxml/jackson/databind/ser/impl/ReadOnlyClassToSerializerMap
instanceKlass com/fasterxml/jackson/core/util/JacksonFeatureSet
instanceKlass com/fasterxml/jackson/core/JsonStreamContext
instanceKlass com/fasterxml/jackson/core/io/IOContext
instanceKlass com/fasterxml/jackson/core/io/ContentReference
instanceKlass com/fasterxml/jackson/core/util/TextBuffer
instanceKlass com/fasterxml/jackson/core/util/BufferRecycler
instanceKlass com/fasterxml/jackson/core/util/BufferRecyclers
instanceKlass com/alibaba/nacos/api/common/Constants
instanceKlass com/alibaba/nacos/common/utils/ThreadFactoryBuilder
instanceKlass com/alibaba/nacos/common/utils/NumberUtils
instanceKlass com/alibaba/nacos/common/remote/client/RpcClient$ServerInfo
instanceKlass com/alibaba/nacos/client/config/impl/ServerListManager$ServerAddressIterator$RandomizedServerAddress
instanceKlass com/alibaba/nacos/client/config/impl/ServerListManager$ServerAddressIterator
instanceKlass com/alibaba/nacos/common/utils/ClassUtils
instanceKlass java/util/concurrent/atomic/AtomicReferenceFieldUpdater$AtomicReferenceFieldUpdaterImpl$1
instanceKlass java/util/concurrent/atomic/AtomicReferenceFieldUpdater
instanceKlass com/alibaba/nacos/common/notify/ShardedEventPublisher
instanceKlass com/alibaba/nacos/common/notify/EventPublisherFactory
instanceKlass com/alibaba/nacos/common/notify/EventPublisher
instanceKlass com/alibaba/nacos/common/notify/NotifyCenter
instanceKlass com/alibaba/nacos/client/config/impl/ClientWorker$ConfigRpcTransportClient$2
instanceKlass com/alibaba/nacos/client/config/impl/ClientWorker$ConfigRpcTransportClient$1
instanceKlass com/alibaba/nacos/common/utils/LoggerUtils
instanceKlass com/alibaba/nacos/common/remote/client/grpc/GrpcClient$SetupRequestHandler
instanceKlass com/alibaba/nacos/common/remote/client/grpc/GrpcClient$RecAbilityContext
instanceKlass com/alibaba/nacos/common/packagescan/resource/Resource
instanceKlass com/alibaba/nacos/common/packagescan/resource/InputStreamSource
instanceKlass com/alibaba/nacos/common/packagescan/resource/DefaultResourceLoader
instanceKlass com/alibaba/nacos/common/remote/client/grpc/DefaultGrpcClientConfig$Builder
instanceKlass com/alibaba/nacos/common/remote/client/grpc/DefaultGrpcClientConfig
instanceKlass com/alibaba/nacos/common/remote/client/grpc/GrpcClientConfig
instanceKlass com/alibaba/nacos/api/naming/pojo/ServiceInfo
instanceKlass com/alibaba/nacos/api/naming/pojo/Instance
instanceKlass com/alibaba/nacos/common/remote/PayloadRegistry
instanceKlass com/alibaba/nacos/shaded/io/grpc/stub/StreamObserver
instanceKlass com/alibaba/nacos/shaded/io/grpc/ManagedChannelBuilder
instanceKlass com/alibaba/nacos/common/remote/client/Connection
instanceKlass com/alibaba/nacos/api/remote/Requester
instanceKlass com/alibaba/nacos/shaded/io/grpc/Channel
instanceKlass com/alibaba/nacos/common/remote/client/RpcClientConfig
instanceKlass com/alibaba/nacos/common/remote/client/ServerRequestHandler
instanceKlass com/alibaba/nacos/common/packagescan/resource/ResourceLoader
instanceKlass com/alibaba/nacos/common/remote/client/RpcClient
instanceKlass com/alibaba/nacos/common/remote/client/RpcClientFactory
instanceKlass com/alibaba/nacos/common/remote/TlsConfig
instanceKlass com/alibaba/nacos/client/utils/EnvUtil
instanceKlass com/alibaba/nacos/client/config/impl/LocalConfigInfoProcessor
instanceKlass com/alibaba/nacos/client/config/filter/impl/ConfigContext
instanceKlass com/alibaba/nacos/api/config/filter/IConfigContext
instanceKlass com/alibaba/nacos/client/config/filter/impl/ConfigResponse
instanceKlass com/alibaba/nacos/client/config/utils/ParamUtils
instanceKlass com/alibaba/cloud/nacos/refresh/NacosSnapshotConfigManager
instanceKlass com/alibaba/nacos/api/config/listener/Listener
instanceKlass com/alibaba/cloud/nacos/refresh/NacosContextRefresher
instanceKlass com/alibaba/cloud/nacos/parser/NacosDataParserHandler$ParserHandler
instanceKlass com/alibaba/cloud/nacos/parser/NacosDataParserHandler
instanceKlass org/springframework/boot/builder/ParentContextApplicationContextInitializer$EventPublisher
instanceKlass org/springframework/beans/factory/config/Scope
instanceKlass org/springframework/ui/context/ThemeSource
instanceKlass org/springframework/boot/web/context/ConfigurableWebServerApplicationContext
instanceKlass org/springframework/boot/web/context/WebServerApplicationContext
instanceKlass org/springframework/boot/SpringApplicationBannerPrinter$PrintedBanner
instanceKlass org/springframework/boot/SpringBootVersion
instanceKlass org/springframework/boot/SpringBootBanner
instanceKlass org/springframework/boot/SpringApplicationBannerPrinter
instanceKlass org/springframework/boot/EnvironmentConverter
instanceKlass org/springframework/cloud/bootstrap/BootstrapApplicationListener$DelegatingEnvironmentDecryptApplicationInitializer
instanceKlass org/springframework/cloud/bootstrap/BootstrapApplicationListener$BootstrapMarkerConfiguration
instanceKlass org/springframework/cloud/bootstrap/BootstrapApplicationListener$CloseContextOnFailureApplicationListener
instanceKlass org/springframework/cloud/bootstrap/BootstrapApplicationListener$AncestorInitializer
instanceKlass java/util/IdentityHashMap$IdentityHashMapSpliterator
instanceKlass org/springframework/boot/SpringApplication$FactoryAwareOrderSourceProvider
instanceKlass org/springframework/context/support/DefaultLifecycleProcessor$LifecycleGroup
instanceKlass org/springframework/context/support/DefaultLifecycleProcessor
instanceKlass org/springframework/util/ConcurrentReferenceHashMap$EntryIterator
instanceKlass java/util/AbstractMap$1$1
instanceKlass org/springframework/core/MethodIntrospector
instanceKlass org/springframework/core/MethodIntrospector$MetadataLookup
instanceKlass org/springframework/context/event/EventListener
instanceKlass org/springframework/aop/scope/ScopedObject
instanceKlass org/springframework/aop/RawTargetAccess
instanceKlass org/springframework/aop/framework/autoproxy/AutoProxyUtils
instanceKlass org/springframework/jmx/export/annotation/ManagedResource
instanceKlass org/springframework/jmx/export/annotation/ManagedAttribute
instanceKlass org/springframework/jmx/export/annotation/ManagedOperation
instanceKlass org/springframework/cloud/bootstrap/encrypt/TextEncryptorUtils$FailsafeTextEncryptor
instanceKlass org/springframework/cloud/bootstrap/encrypt/KeyProperties$KeyStore
instanceKlass org/springframework/util/MethodInvoker
instanceKlass java/lang/reflect/AnnotatedType
instanceKlass java/lang/Class$EnclosingMethodInfo
instanceKlass org/springframework/beans/Mergeable
instanceKlass org/springframework/beans/factory/support/AutowireUtils
instanceKlass com/alibaba/cloud/nacos/client/NacosPropertySourceBuilder
instanceKlass com/alibaba/nacos/client/config/http/ServerHttpAgent
instanceKlass java/util/concurrent/ForkJoinPool$WorkQueue
instanceKlass java/util/concurrent/ForkJoinPool$DefaultCommonPoolForkJoinWorkerThreadFactory
instanceKlass java/util/concurrent/ForkJoinPool$1
instanceKlass com/alibaba/nacos/client/config/http/HttpAgent
instanceKlass java/util/concurrent/ForkJoinPool$DefaultForkJoinWorkerThreadFactory
instanceKlass java/util/concurrent/ForkJoinPool$ForkJoinWorkerThreadFactory
instanceKlass com/alibaba/nacos/client/auth/ram/injector/AbstractResourceInjector
instanceKlass com/alibaba/nacos/client/auth/ram/RamContext
instanceKlass com/alibaba/nacos/plugin/auth/api/LoginIdentityContext
instanceKlass com/alibaba/nacos/plugin/auth/spi/client/AbstractClientAuthService
instanceKlass com/alibaba/nacos/plugin/auth/spi/client/ClientAuthService
instanceKlass com/alibaba/nacos/plugin/auth/spi/client/ClientAuthPluginManager
instanceKlass com/alibaba/nacos/client/security/SecurityProxy
instanceKlass com/alibaba/nacos/api/remote/response/Response
instanceKlass com/alibaba/nacos/common/notify/listener/Subscriber
instanceKlass com/alibaba/nacos/common/remote/client/ServerListFactory
instanceKlass com/alibaba/nacos/common/remote/client/ConnectionEventListener
instanceKlass com/alibaba/nacos/api/remote/request/Request
instanceKlass com/alibaba/nacos/api/remote/Payload
instanceKlass com/alibaba/nacos/common/utils/ConnLabelsUtils
instanceKlass com/alibaba/nacos/client/env/SearchableProperties$1
instanceKlass com/alibaba/nacos/common/utils/CollectionUtils
instanceKlass com/alibaba/nacos/common/utils/ConvertUtils
instanceKlass java/util/UUID$Holder
instanceKlass com/alibaba/nacos/common/labels/impl/DefaultLabelsCollector
instanceKlass com/alibaba/nacos/common/labels/LabelsCollector
instanceKlass com/alibaba/nacos/common/labels/impl/DefaultLabelsCollectorManager
instanceKlass com/alibaba/nacos/common/labels/LabelsCollectorManager
instanceKlass com/alibaba/nacos/client/config/impl/ConfigTransportClient
instanceKlass com/alibaba/nacos/client/config/impl/ClientWorker
instanceKlass com/alibaba/nacos/common/utils/InternetAddressUtil
instanceKlass com/alibaba/nacos/client/config/impl/ConfigHttpClientManager$ConfigHttpClientManagerInstance
instanceKlass com/alibaba/nacos/client/config/impl/ConfigHttpClientManager$LimiterHttpClientRequestInterceptor
instanceKlass com/alibaba/nacos/common/http/client/HttpClientRequestInterceptor
instanceKlass com/alibaba/nacos/common/http/client/handler/AbstractResponseHandler
instanceKlass com/alibaba/nacos/common/http/client/handler/ResponseHandler
instanceKlass com/alibaba/nacos/common/http/client/AbstractNacosRestTemplate
instanceKlass com/alibaba/nacos/common/tls/TlsSystemConfig
instanceKlass com/alibaba/nacos/common/tls/TlsFileWatcher$FileChangeListener
instanceKlass javax/net/ssl/SSLContext
instanceKlass com/alibaba/nacos/common/http/client/response/HttpClientResponse
instanceKlass com/alibaba/nacos/common/http/client/request/JdkHttpClientRequest
instanceKlass com/alibaba/nacos/common/utils/PropertyUtils
instanceKlass com/alibaba/nacos/common/http/HttpClientConfig$HttpClientConfigBuilder
instanceKlass com/alibaba/nacos/common/http/HttpClientConfig
instanceKlass com/alibaba/nacos/common/utils/ThreadUtils
instanceKlass com/alibaba/nacos/common/http/HttpClientBeanHolder
instanceKlass org/apache/http/nio/reactor/IOReactorExceptionHandler
instanceKlass org/apache/http/nio/conn/NHttpClientConnectionManager
instanceKlass org/apache/http/nio/conn/SchemeIOSessionStrategy
instanceKlass org/apache/http/nio/reactor/ConnectingIOReactor
instanceKlass org/apache/http/nio/reactor/IOReactor
instanceKlass javax/net/ssl/HostnameVerifier
instanceKlass com/alibaba/nacos/common/http/client/request/AsyncHttpClientRequest
instanceKlass org/apache/http/HttpRequestInterceptor
instanceKlass com/alibaba/nacos/common/http/client/request/HttpClientRequest
instanceKlass com/alibaba/nacos/common/http/AbstractHttpClientFactory
instanceKlass com/alibaba/nacos/common/http/HttpClientFactory
instanceKlass com/alibaba/nacos/client/config/impl/ConfigHttpClientManager
instanceKlass com/alibaba/nacos/common/notify/Event
instanceKlass com/alibaba/nacos/client/config/impl/ServerListManager
instanceKlass com/alibaba/nacos/common/lifecycle/Closeable
instanceKlass com/alibaba/nacos/api/config/filter/AbstractConfigFilter
instanceKlass com/alibaba/nacos/api/config/filter/IConfigFilter
instanceKlass java/util/Collections$UnmodifiableMap$UnmodifiableEntrySet$UnmodifiableEntry
instanceKlass java/util/Collections$UnmodifiableMap$UnmodifiableEntrySet$1
instanceKlass com/alibaba/nacos/client/config/filter/impl/ConfigFilterChainManager
instanceKlass com/alibaba/nacos/api/config/filter/IConfigFilterChain
instanceKlass com/alibaba/nacos/client/utils/TemplateUtils
instanceKlass com/alibaba/nacos/client/utils/TenantUtil
instanceKlass com/alibaba/nacos/client/auth/ram/identify/CredentialWatcher$1
instanceKlass jdk/internal/math/FDBigInteger
instanceKlass com/alibaba/nacos/common/executor/ExecutorFactory
instanceKlass com/alibaba/nacos/common/executor/NameThreadFactory
instanceKlass com/alibaba/nacos/common/utils/VersionUtils
instanceKlass ch/qos/logback/core/pattern/SpacePadder
instanceKlass com/alibaba/nacos/client/auth/ram/identify/CredentialWatcher
instanceKlass com/alibaba/nacos/client/auth/ram/identify/Credentials
instanceKlass java/time/LocalTime$1
instanceKlass java/time/format/DateTimeFormatterBuilder$2
instanceKlass java/time/LocalDate$1
instanceKlass java/time/ZonedDateTime$1
instanceKlass java/time/temporal/TemporalQueries$7
instanceKlass java/time/temporal/TemporalQueries$6
instanceKlass java/time/temporal/TemporalQueries$5
instanceKlass java/time/temporal/TemporalQueries$4
instanceKlass java/time/temporal/TemporalQueries$3
instanceKlass java/time/temporal/TemporalQueries$2
instanceKlass java/time/temporal/TemporalQueries$1
instanceKlass java/time/temporal/TemporalQueries
instanceKlass java/time/format/DateTimePrintContext
instanceKlass com/alibaba/nacos/client/auth/ram/identify/SpasCredential
instanceKlass org/slf4j/helpers/FormattingTuple
instanceKlass com/alibaba/nacos/client/auth/ram/identify/CredentialService
instanceKlass com/alibaba/nacos/client/auth/ram/identify/SpasCredentialLoader
instanceKlass org/slf4j/helpers/NormalizedParameters
instanceKlass java/security/Key
instanceKlass com/alibaba/nacos/client/auth/ram/utils/SpasAdapter
instanceKlass org/slf4j/helpers/MessageFormatter
instanceKlass ch/qos/logback/classic/spi/EventArgUtil
instanceKlass ch/qos/logback/classic/spi/IThrowableProxy
instanceKlass ch/qos/logback/classic/spi/LoggingEvent
instanceKlass com/alibaba/nacos/client/utils/AppNameUtils
instanceKlass com/alibaba/nacos/client/utils/ParamUtil
instanceKlass com/alibaba/nacos/common/utils/JacksonUtils
instanceKlass com/alibaba/nacos/client/utils/ValidatorUtils
instanceKlass com/alibaba/nacos/client/utils/PreInitUtils
instanceKlass com/alibaba/nacos/client/utils/LogUtils
instanceKlass com/alibaba/nacos/api/config/filter/IConfigResponse
instanceKlass com/alibaba/nacos/api/config/filter/IConfigRequest
instanceKlass com/alibaba/nacos/client/config/NacosConfigService
instanceKlass com/alibaba/nacos/api/config/ConfigFactory
instanceKlass com/alibaba/nacos/api/NacosFactory
instanceKlass com/alibaba/spring/util/ObjectUtils
instanceKlass com/alibaba/spring/util/PropertySourcesUtils
instanceKlass org/springframework/boot/autoconfigure/BackgroundPreinitializer$JdkInitializer
instanceKlass org/springframework/beans/factory/support/ConstructorResolver$ArgumentsHolder
instanceKlass com/alibaba/cloud/commons/lang/StringUtils
instanceKlass com/sun/security/sasl/Provider$1
instanceKlass sun/security/jgss/SunProvider$1
instanceKlass com/sun/security/sasl/gsskerb/JdkSASL$1
instanceKlass org/jcp/xml/dsig/internal/dom/XMLDSigRI$2
instanceKlass org/jcp/xml/dsig/internal/dom/XMLDSigRI$1
instanceKlass sun/security/smartcardio/SunPCSC$1
instanceKlass sun/security/pkcs11/SunPKCS11$Descriptor
instanceKlass javax/security/auth/callback/CallbackHandler
instanceKlass sun/security/mscapi/SunMSCAPI$2
instanceKlass org/springframework/beans/factory/annotation/BeanFactoryAnnotationUtils
instanceKlass org/springframework/boot/context/properties/ConversionServiceDeducer$ConverterBeans
instanceKlass org/springframework/boot/context/properties/ConversionServiceDeducer
instanceKlass sun/security/mscapi/SunMSCAPI$1
instanceKlass org/springframework/beans/factory/support/DefaultListableBeanFactory$1
instanceKlass org/springframework/beans/factory/support/DefaultListableBeanFactory$BeanObjectProvider
instanceKlass org/springframework/boot/context/properties/ConfigurationPropertiesBindHandlerAdvisor
instanceKlass org/springframework/validation/annotation/Validated
instanceKlass org/springframework/core/annotation/SynthesizedMergedAnnotationInvocationHandler
instanceKlass java/security/spec/ECFieldF2m
instanceKlass org/springframework/core/SerializableTypeWrapper$FieldTypeProvider
instanceKlass org/springframework/core/annotation/AnnotatedElementUtils$AnnotatedElementForAnnotations
instanceKlass sun/security/util/ObjectIdentifier
instanceKlass sun/security/util/ByteArrayTagOrder
instanceKlass sun/security/util/ByteArrayLexOrder
instanceKlass sun/security/util/DerEncoder
instanceKlass java/security/spec/ECParameterSpec
instanceKlass java/security/spec/AlgorithmParameterSpec
instanceKlass java/security/spec/ECPoint
instanceKlass java/security/spec/EllipticCurve
instanceKlass java/security/spec/ECFieldFp
instanceKlass java/security/spec/ECField
instanceKlass sun/security/util/CurveDB
instanceKlass sun/security/ec/SunEC$1
instanceKlass org/springframework/beans/factory/annotation/InjectionMetadata$InjectedElement
instanceKlass sun/security/jca/ProviderConfig$ProviderLoader
instanceKlass sun/security/jca/ProviderConfig$3
instanceKlass sun/security/rsa/SunRsaSignEntries
instanceKlass com/fasterxml/jackson/annotation/JacksonAnnotation
instanceKlass com/fasterxml/jackson/annotation/JsonIgnore
instanceKlass org/springframework/boot/context/properties/DeprecatedConfigurationProperty
instanceKlass org/springframework/beans/factory/annotation/InitDestroyAnnotationBeanPostProcessor$LifecycleMethod
instanceKlass com/alibaba/nacos/api/config/ConfigService
instanceKlass com/alibaba/cloud/nacos/NacosConfigProperties$Config
instanceKlass org/apache/tomcat/util/http/ConcurrentDateFormat
instanceKlass org/apache/tomcat/util/http/FastHttpDateFormat
instanceKlass org/springframework/beans/factory/SmartFactoryBean
instanceKlass org/springframework/beans/factory/annotation/Lookup
instanceKlass org/springframework/context/weaving/LoadTimeWeaverAware
instanceKlass org/springframework/context/support/MessageSourceSupport
instanceKlass org/springframework/context/HierarchicalMessageSource
instanceKlass org/springframework/util/ReflectionUtils$FieldCallback
instanceKlass org/springframework/beans/factory/annotation/InjectionMetadata
instanceKlass org/springframework/lang/Nullable
instanceKlass jakarta/validation/ValidatorFactory
instanceKlass jakarta/validation/Validator
instanceKlass org/springframework/validation/Errors
instanceKlass org/springframework/boot/context/properties/ConfigurationPropertiesJsr303Validator
instanceKlass org/apache/catalina/SessionIdGenerator
instanceKlass org/springframework/boot/context/properties/PropertySourcesDeducer
instanceKlass org/springframework/jndi/JndiTemplate
instanceKlass org/apache/catalina/Container
instanceKlass jakarta/security/auth/message/MessageInfo
instanceKlass jakarta/annotation/PreDestroy
instanceKlass jakarta/annotation/Resource
instanceKlass jakarta/servlet/http/HttpServletRequest
instanceKlass jakarta/servlet/ServletRequest
instanceKlass org/springframework/beans/factory/annotation/InitDestroyAnnotationBeanPostProcessor$LifecycleMetadata
instanceKlass jakarta/servlet/http/HttpServletResponse
instanceKlass jakarta/servlet/ServletResponse
instanceKlass org/springframework/beans/factory/support/MethodOverride
instanceKlass org/apache/catalina/util/LifecycleBase
instanceKlass org/apache/catalina/Lifecycle
instanceKlass org/springframework/context/support/PostProcessorRegistrationDelegate$BeanPostProcessorChecker
instanceKlass org/apache/catalina/JmxEnabled
instanceKlass org/springframework/context/expression/CachedExpressionEvaluator
instanceKlass org/apache/catalina/Valve
instanceKlass org/springframework/beans/factory/config/RuntimeBeanNameReference
instanceKlass org/apache/catalina/Contained
instanceKlass org/springframework/beans/factory/config/BeanDefinitionVisitor
instanceKlass org/springframework/context/annotation/ImportAware
instanceKlass jakarta/security/auth/message/config/RegistrationListener
instanceKlass org/springframework/context/annotation/ConfigurationClassEnhancer$EnhancedConfiguration
instanceKlass org/springframework/util/DefaultPropertiesPersister
instanceKlass org/apache/catalina/Authenticator
instanceKlass org/springframework/beans/factory/support/ConstructorResolver
instanceKlass org/springframework/context/annotation/ConfigurationClassPostProcessor$ImportAwareBeanPostProcessor
instanceKlass org/springframework/boot/autoconfigure/context/PropertyPlaceholderAutoConfiguration
instanceKlass org/springframework/core/io/support/PropertiesLoaderSupport
instanceKlass java/util/ResourceBundle$Control$2
instanceKlass java/util/ResourceBundle$CacheKeyReference
instanceKlass java/util/ResourceBundle$CacheKey
instanceKlass java/util/spi/ResourceBundleControlProvider
instanceKlass org/springframework/cloud/autoconfigure/ConfigurationPropertiesRebinderAutoConfiguration
instanceKlass java/util/ResourceBundle$ResourceBundleControlProviderHolder
instanceKlass org/springframework/aop/scope/ScopedProxyUtils
instanceKlass org/apache/tomcat/util/res/StringManager
instanceKlass org/apache/juli/logging/DirectJDKLog
instanceKlass org/apache/juli/logging/Log
instanceKlass org/springframework/cloud/bootstrap/encrypt/EncryptionBootstrapConfiguration
instanceKlass org/apache/juli/logging/LogFactory
instanceKlass org/springframework/cloud/bootstrap/config/PropertySourceBootstrapConfiguration
instanceKlass java/text/DontCareFieldPosition$1
instanceKlass java/text/Format$FieldDelegate
instanceKlass org/apache/tomcat/util/http/CookieProcessorBase
instanceKlass org/apache/tomcat/util/http/CookieProcessor
instanceKlass org/springframework/boot/context/properties/BindMethodAttribute
instanceKlass org/springframework/boot/context/properties/ConfigurationPropertiesBean
instanceKlass org/springframework/boot/autoconfigure/BackgroundPreinitializer$TomcatInitializer
instanceKlass org/springframework/boot/autoconfigure/BackgroundPreinitializer$CharsetInitializer
instanceKlass org/springframework/http/converter/json/ProblemDetailJacksonMixin
instanceKlass org/springframework/http/ProblemDetail
instanceKlass com/fasterxml/jackson/databind/deser/ValueInstantiators$Base
instanceKlass org/springframework/boot/context/properties/ConfigurationPropertiesBeanRegistrar
instanceKlass org/springframework/beans/factory/config/ConstructorArgumentValues$ValueHolder
instanceKlass com/fasterxml/jackson/module/paramnames/ParameterExtractor
instanceKlass org/springframework/beans/factory/config/ConstructorArgumentValues
instanceKlass org/springframework/boot/context/properties/ConfigurationProperties
instanceKlass org/springframework/boot/validation/beanvalidation/MethodValidationExcludeFilter
instanceKlass org/springframework/boot/context/properties/BoundConfigurationProperties
instanceKlass org/springframework/boot/context/properties/ConfigurationPropertiesBinder$ConfigurationPropertiesBinderFactory
instanceKlass org/springframework/validation/Validator
instanceKlass org/springframework/boot/context/properties/ConfigurationPropertiesBinder
instanceKlass org/springframework/boot/context/properties/ConfigurationPropertiesBindingPostProcessor
instanceKlass org/springframework/cloud/bootstrap/config/PropertySourceBootstrapProperties
instanceKlass com/fasterxml/jackson/databind/util/ArrayBuilders
instanceKlass org/springframework/core/annotation/AnnotatedElementUtils
instanceKlass org/springframework/context/annotation/BeanAnnotationHelper
instanceKlass com/alibaba/cloud/nacos/client/NacosPropertySourceLocator
instanceKlass org/springframework/cloud/bootstrap/config/PropertySourceLocator
instanceKlass com/fasterxml/jackson/databind/ObjectMapper$1
instanceKlass org/springframework/cloud/context/properties/ConfigurationPropertiesBeans
instanceKlass com/fasterxml/jackson/datatype/jdk8/PackageVersion
instanceKlass org/springframework/cloud/context/properties/ConfigurationPropertiesRebinder
instanceKlass com/fasterxml/jackson/databind/module/SimpleKeyDeserializers
instanceKlass com/alibaba/cloud/nacos/NacosConfigManager
instanceKlass org/springframework/core/type/StandardMethodMetadata
instanceKlass com/alibaba/cloud/nacos/NacosConfigBootstrapConfiguration
instanceKlass org/springframework/boot/autoconfigure/condition/OnBeanCondition$MatchResult
instanceKlass com/alibaba/cloud/nacos/NacosConfigProperties
instanceKlass java/util/function/ToLongFunction
instanceKlass com/fasterxml/jackson/databind/ser/Serializers$Base
instanceKlass org/springframework/boot/autoconfigure/condition/ConditionalOnSingleCandidate
instanceKlass com/fasterxml/jackson/databind/type/ClassKey
instanceKlass com/fasterxml/jackson/databind/deser/Deserializers$Base
instanceKlass org/springframework/context/annotation/ConfigurationClassBeanDefinitionReader$TrackedConditionEvaluator
instanceKlass com/fasterxml/jackson/datatype/jsr310/deser/InstantDeserializer$FromDecimalArguments
instanceKlass com/fasterxml/jackson/datatype/jsr310/deser/InstantDeserializer$FromIntegerArguments
instanceKlass com/fasterxml/jackson/datatype/jsr310/PackageVersion
instanceKlass org/springframework/boot/autoconfigure/condition/OnBeanCondition$Spec
instanceKlass org/springframework/boot/autoconfigure/condition/ConditionalOnMissingClass
instanceKlass org/springframework/boot/autoconfigure/condition/ConditionMessage$ItemsBuilder
instanceKlass org/springframework/boot/autoconfigure/condition/OnClassCondition$OutcomesResolver
instanceKlass com/fasterxml/jackson/core/Version
instanceKlass com/fasterxml/jackson/core/util/VersionUtil
instanceKlass com/fasterxml/jackson/module/paramnames/PackageVersion
instanceKlass org/springframework/context/annotation/ConfigurationMethod
instanceKlass org/springframework/boot/autoconfigure/condition/ConditionEvaluationReport$ConditionAndOutcome
instanceKlass org/springframework/boot/autoconfigure/condition/ConditionEvaluationReport$ConditionAndOutcomes
instanceKlass com/fasterxml/jackson/databind/type/TypeModifier
instanceKlass org/springframework/boot/autoconfigure/condition/ConditionOutcome
instanceKlass org/springframework/boot/autoconfigure/condition/ConditionMessage$Builder
instanceKlass com/fasterxml/jackson/databind/ser/BeanSerializerModifier
instanceKlass org/springframework/boot/autoconfigure/condition/ConditionMessage
instanceKlass com/fasterxml/jackson/databind/ser/Serializers
instanceKlass com/fasterxml/jackson/databind/cfg/SerializerFactoryConfig
instanceKlass org/springframework/boot/autoconfigure/condition/OnPropertyCondition$Spec
instanceKlass com/fasterxml/jackson/databind/ser/std/StdJdkSerializers
instanceKlass org/springframework/core/annotation/MergedAnnotationCollectors
instanceKlass org/springframework/core/annotation/MergedAnnotationPredicates$UniquePredicate
instanceKlass org/springframework/core/annotation/MergedAnnotationsCollection$AnnotationsSpliterator
instanceKlass com/fasterxml/jackson/databind/ser/std/NumberSerializers
instanceKlass org/springframework/context/annotation/DeferredImportSelector$Group$Entry
instanceKlass org/springframework/boot/autoconfigure/AutoConfigurationImportSelector
instanceKlass org/springframework/boot/context/annotation/DeterminableImports
instanceKlass org/springframework/boot/autoconfigure/ImportAutoConfiguration
instanceKlass org/springframework/boot/autoconfigure/AutoConfigureOrder
instanceKlass org/springframework/boot/autoconfigure/AutoConfigureBefore
instanceKlass org/springframework/boot/autoconfigure/AutoConfigureAfter
instanceKlass org/springframework/boot/autoconfigure/AutoConfiguration
instanceKlass org/springframework/boot/autoconfigure/condition/ConditionalOnBean
instanceKlass org/springframework/boot/autoconfigure/condition/ConditionalOnClass
instanceKlass org/springframework/boot/context/properties/EnableConfigurationPropertiesRegistrar
instanceKlass org/springframework/context/annotation/ImportBeanDefinitionRegistrar
instanceKlass org/springframework/boot/context/properties/EnableConfigurationProperties
instanceKlass org/springframework/core/type/classreading/SimpleAnnotationMetadata
instanceKlass com/fasterxml/jackson/databind/deser/DeserializerCache
instanceKlass com/alibaba/cloud/nacos/refresh/condition/ConditionalOnNonDefaultBehavior
instanceKlass com/fasterxml/jackson/databind/KeyDeserializer
instanceKlass org/springframework/core/annotation/MergedAnnotationsCollection
instanceKlass com/fasterxml/jackson/databind/deser/std/StdKeyDeserializers
instanceKlass com/fasterxml/jackson/databind/deser/KeyDeserializers
instanceKlass com/fasterxml/jackson/databind/deser/ValueInstantiators
instanceKlass org/springframework/boot/autoconfigure/AutoConfigurationImportFilter
instanceKlass com/fasterxml/jackson/databind/AbstractTypeResolver
instanceKlass com/fasterxml/jackson/databind/deser/BeanDeserializerModifier
instanceKlass org/springframework/context/annotation/ConfigurationCondition
instanceKlass com/fasterxml/jackson/databind/cfg/DeserializerFactoryConfig
instanceKlass com/fasterxml/jackson/databind/PropertyName
instanceKlass com/fasterxml/jackson/databind/deser/Deserializers
instanceKlass org/springframework/boot/autoconfigure/condition/ConditionalOnMissingBean
instanceKlass com/fasterxml/jackson/annotation/ObjectIdGenerator
instanceKlass org/springframework/core/type/classreading/SimpleMethodMetadataReadingVisitor$Source
instanceKlass org/springframework/core/type/classreading/SimpleMethodMetadata
instanceKlass org/springframework/core/type/MethodMetadata
instanceKlass org/springframework/boot/autoconfigure/condition/SpringBootCondition
instanceKlass org/springframework/boot/autoconfigure/condition/ConditionalOnProperty
instanceKlass org/springframework/asm/Type
instanceKlass org/springframework/asm/AnnotationVisitor
instanceKlass org/springframework/core/type/classreading/SimpleAnnotationMetadataReadingVisitor$Source
instanceKlass org/springframework/asm/Context
instanceKlass org/springframework/asm/Attribute
instanceKlass org/springframework/asm/ClassReader
instanceKlass org/springframework/asm/MethodVisitor
instanceKlass org/springframework/asm/ClassVisitor
instanceKlass org/springframework/core/type/classreading/SimpleMetadataReader
instanceKlass com/fasterxml/jackson/databind/deser/ResolvableDeserializer
instanceKlass org/springframework/cloud/bootstrap/BootstrapImportSelector$OrderedAnnotatedElement
instanceKlass org/springframework/cloud/bootstrap/BootstrapConfiguration
instanceKlass com/fasterxml/jackson/databind/deser/ValueInstantiator$Gettable
instanceKlass org/springframework/context/annotation/ConfigurationClassParser$DefaultDeferredImportSelectorGroup
instanceKlass org/springframework/context/annotation/DeferredImportSelector$Group
instanceKlass org/springframework/context/annotation/ConfigurationClassParser$DeferredImportSelectorGrouping
instanceKlass org/springframework/context/annotation/ConfigurationClassParser$DeferredImportSelectorGroupingHandler
instanceKlass com/fasterxml/jackson/databind/deser/ContextualDeserializer
instanceKlass org/springframework/context/annotation/Bean
instanceKlass org/springframework/context/annotation/ParserStrategyUtils
instanceKlass org/springframework/context/annotation/ComponentScans
instanceKlass java/util/stream/SortedOps
instanceKlass java/util/Collections$ReverseComparator2
instanceKlass java/util/Collections$ReverseComparator
instanceKlass java/util/function/ToIntFunction
instanceKlass org/springframework/core/annotation/MergedAnnotationPredicates
instanceKlass com/fasterxml/jackson/databind/JsonDeserializer
instanceKlass com/fasterxml/jackson/databind/deser/NullValueProvider
instanceKlass org/springframework/context/annotation/PropertySources
instanceKlass org/springframework/context/annotation/PropertySource
instanceKlass com/fasterxml/jackson/databind/ser/SerializerCache
instanceKlass com/fasterxml/jackson/databind/ser/ResolvableSerializer
instanceKlass org/springframework/context/annotation/ConfigurationClass
instanceKlass org/springframework/context/annotation/ComponentScanAnnotationParser
instanceKlass org/springframework/core/io/support/DefaultPropertySourceFactory
instanceKlass org/springframework/core/io/support/PropertySourceFactory
instanceKlass org/springframework/core/io/support/PropertySourceProcessor
instanceKlass org/springframework/context/annotation/PropertySourceRegistry
instanceKlass com/fasterxml/jackson/databind/ser/ContextualSerializer
instanceKlass org/springframework/context/annotation/ConfigurationClassParser$SourceClass
instanceKlass org/springframework/context/annotation/ConfigurationClassParser$DeferredImportSelectorHandler
instanceKlass com/fasterxml/jackson/databind/jsonschema/SchemaAware
instanceKlass org/springframework/context/annotation/ConfigurationClassParser$DeferredImportSelectorHolder
instanceKlass com/fasterxml/jackson/databind/JsonSerializer
instanceKlass org/springframework/beans/factory/parsing/Problem
instanceKlass com/fasterxml/jackson/databind/jsonFormatVisitors/JsonFormatVisitable
instanceKlass org/springframework/context/annotation/ImportRegistry
instanceKlass org/springframework/context/annotation/ConfigurationClassParser
instanceKlass org/springframework/aop/framework/AopInfrastructureBean
instanceKlass org/springframework/beans/AbstractNestablePropertyAccessor$PropertyTokenHolder
instanceKlass org/springframework/beans/factory/config/TypedStringValue
instanceKlass com/fasterxml/jackson/databind/node/JsonNodeFactory
instanceKlass com/fasterxml/jackson/databind/node/JsonNodeCreator
instanceKlass org/springframework/context/annotation/ConfigurationClassBeanDefinitionReader
instanceKlass org/springframework/core/convert/Property
instanceKlass com/fasterxml/jackson/databind/cfg/ContextAttributes
instanceKlass com/sun/beans/WildcardTypeImpl
instanceKlass com/sun/beans/WeakCache
instanceKlass com/fasterxml/jackson/databind/cfg/DatatypeFeature
instanceKlass com/fasterxml/jackson/databind/cfg/DatatypeFeatures$DefaultHolder
instanceKlass com/sun/beans/TypeResolver
instanceKlass com/fasterxml/jackson/databind/cfg/DatatypeFeatures
instanceKlass java/beans/SimpleBeanInfo
instanceKlass com/fasterxml/jackson/core/util/Separators
instanceKlass java/beans/MethodRef
instanceKlass com/fasterxml/jackson/core/util/DefaultPrettyPrinter$NopIndenter
instanceKlass org/springframework/beans/factory/aot/BeanFactoryInitializationAotContribution
instanceKlass org/springframework/beans/factory/aot/BeanRegistrationAotContribution
instanceKlass org/springframework/beans/factory/support/RegisteredBean
instanceKlass com/fasterxml/jackson/databind/cfg/ConfigFeature
instanceKlass org/springframework/beans/PropertyDescriptorUtils
instanceKlass com/fasterxml/jackson/databind/cfg/ConfigOverride
instanceKlass org/springframework/beans/SimpleBeanInfoFactory
instanceKlass com/fasterxml/jackson/annotation/JsonFormat$Features
instanceKlass java/beans/BeanInfo
instanceKlass org/springframework/data/util/KotlinBeanInfoFactory
instanceKlass com/fasterxml/jackson/annotation/JsonFormat$Value
instanceKlass org/springframework/beans/BeanInfoFactory
instanceKlass org/springframework/beans/CachedIntrospectionResults
instanceKlass org/springframework/beans/PropertyAccessorUtils
instanceKlass com/fasterxml/jackson/databind/cfg/CoercionConfig
instanceKlass org/reactivestreams/Publisher
instanceKlass com/fasterxml/jackson/databind/cfg/CoercionConfigs
instanceKlass org/springframework/beans/factory/support/DisposableBeanAdapter
instanceKlass com/fasterxml/jackson/databind/introspect/VisibilityChecker$Std
instanceKlass org/springframework/beans/factory/InitializingBean
instanceKlass com/fasterxml/jackson/annotation/JsonSetter$Value
instanceKlass org/springframework/expression/spel/support/StandardTypeConverter
instanceKlass org/springframework/expression/spel/support/StandardTypeLocator
instanceKlass org/springframework/context/expression/BeanFactoryResolver
instanceKlass com/fasterxml/jackson/annotation/JsonInclude$Value
instanceKlass org/springframework/context/expression/EnvironmentAccessor
instanceKlass com/fasterxml/jackson/annotation/JacksonAnnotationValue
instanceKlass org/springframework/context/expression/MapAccessor
instanceKlass org/springframework/expression/spel/CompilablePropertyAccessor
instanceKlass org/springframework/asm/Opcodes
instanceKlass com/fasterxml/jackson/databind/cfg/ConfigOverrides
instanceKlass org/springframework/context/expression/BeanFactoryAccessor
instanceKlass org/springframework/expression/spel/support/ReflectivePropertyAccessor
instanceKlass com/fasterxml/jackson/databind/introspect/AnnotatedClass$Creators
instanceKlass org/springframework/context/expression/BeanExpressionContextAccessor
instanceKlass com/fasterxml/jackson/databind/introspect/AnnotationCollector$NoAnnotations
instanceKlass org/springframework/expression/TypedValue
instanceKlass org/springframework/expression/spel/support/StandardOperatorOverloader
instanceKlass com/fasterxml/jackson/databind/util/Annotations
instanceKlass com/fasterxml/jackson/databind/introspect/AnnotationCollector
instanceKlass org/springframework/expression/spel/support/StandardTypeComparator
instanceKlass com/fasterxml/jackson/databind/introspect/AnnotatedClassResolver
instanceKlass org/springframework/expression/OperatorOverloader
instanceKlass org/springframework/expression/TypeComparator
instanceKlass org/springframework/expression/spel/support/StandardEvaluationContext
instanceKlass org/springframework/expression/common/LiteralExpression
instanceKlass org/springframework/beans/factory/config/AutowiredPropertyMarker
instanceKlass org/springframework/beans/factory/support/BeanDefinitionValueResolver
instanceKlass com/fasterxml/jackson/databind/BeanDescription
instanceKlass org/springframework/core/io/ContextResource
instanceKlass org/springframework/beans/AbstractNestablePropertyAccessor$PropertyHandler
instanceKlass com/fasterxml/jackson/databind/cfg/MapperConfig
instanceKlass com/fasterxml/jackson/databind/introspect/SimpleMixInResolver
instanceKlass com/fasterxml/jackson/databind/introspect/ClassIntrospector$MixInResolver
instanceKlass com/fasterxml/jackson/databind/util/RootNameLookup
instanceKlass com/fasterxml/jackson/core/StreamReadConstraints
instanceKlass com/fasterxml/jackson/core/sym/ByteQuadsCanonicalizer$TableInfo
instanceKlass com/fasterxml/jackson/core/sym/ByteQuadsCanonicalizer
instanceKlass com/fasterxml/jackson/core/sym/CharsToNameCanonicalizer$Bucket
instanceKlass com/fasterxml/jackson/core/sym/CharsToNameCanonicalizer$TableInfo
instanceKlass org/springframework/beans/factory/parsing/PassThroughSourceExtractor
instanceKlass com/fasterxml/jackson/core/sym/CharsToNameCanonicalizer
instanceKlass org/springframework/beans/factory/aot/BeanRegistrationCodeFragments
instanceKlass com/fasterxml/jackson/core/io/CharTypes
instanceKlass com/fasterxml/jackson/core/io/JsonStringEncoder
instanceKlass com/fasterxml/jackson/core/io/SerializedString
instanceKlass com/fasterxml/jackson/core/util/DefaultPrettyPrinter
instanceKlass com/fasterxml/jackson/core/util/Instantiatable
instanceKlass org/springframework/beans/factory/support/NullBean
instanceKlass com/fasterxml/jackson/core/util/JacksonFeature
instanceKlass org/springframework/beans/factory/support/AbstractBeanFactory$BeanPostProcessorCache
instanceKlass org/springframework/beans/factory/config/RuntimeBeanReference
instanceKlass org/springframework/beans/factory/config/BeanReference
instanceKlass org/springframework/beans/MutablePropertyValues
instanceKlass org/springframework/beans/factory/support/InstanceSupplier
instanceKlass org/springframework/beans/factory/support/BeanDefinitionBuilder
instanceKlass org/springframework/boot/autoconfigure/SharedMetadataReaderFactoryContextInitializer$SharedMetadataReaderFactoryBean
instanceKlass org/springframework/beans/factory/FactoryBean
instanceKlass org/springframework/context/support/PostProcessorRegistrationDelegate
instanceKlass org/springframework/context/support/ApplicationListenerDetector
instanceKlass com/fasterxml/jackson/core/async/ByteBufferFeeder
instanceKlass org/springframework/context/MessageSourceAware
instanceKlass org/springframework/context/ApplicationEventPublisherAware
instanceKlass org/springframework/beans/factory/config/BeanExpressionContext
instanceKlass org/springframework/beans/factory/config/EmbeddedValueResolver
instanceKlass org/springframework/util/StringValueResolver
instanceKlass org/springframework/context/support/ApplicationContextAwareProcessor
instanceKlass org/springframework/beans/support/ResourceEditorRegistrar
instanceKlass org/springframework/expression/Expression
instanceKlass org/springframework/expression/common/TemplateAwareExpressionParser
instanceKlass com/fasterxml/jackson/core/async/ByteArrayFeeder
instanceKlass com/fasterxml/jackson/core/async/NonBlockingInputFeeder
instanceKlass org/springframework/expression/spel/SpelParserConfiguration
instanceKlass org/springframework/context/expression/StandardBeanExpressionResolver$1
instanceKlass org/springframework/expression/EvaluationContext
instanceKlass org/springframework/expression/TypeConverter
instanceKlass org/springframework/expression/TypeLocator
instanceKlass org/springframework/expression/BeanResolver
instanceKlass org/springframework/expression/PropertyAccessor
instanceKlass com/fasterxml/jackson/core/TSFBuilder
instanceKlass org/springframework/expression/ExpressionParser
instanceKlass org/springframework/expression/ParserContext
instanceKlass com/fasterxml/jackson/core/SerializableString
instanceKlass org/springframework/context/expression/StandardBeanExpressionResolver
instanceKlass org/springframework/boot/context/logging/LoggingApplicationListener$Lifecycle
instanceKlass org/springframework/context/SmartLifecycle
instanceKlass org/springframework/context/Phased
instanceKlass com/fasterxml/jackson/databind/introspect/AccessorNamingStrategy
instanceKlass org/springframework/beans/factory/BeanFactoryUtils
instanceKlass org/springframework/boot/logging/DeferredLog$1
instanceKlass com/fasterxml/jackson/core/Base64Variant
instanceKlass org/springframework/beans/factory/support/BeanDefinitionReaderUtils
instanceKlass com/fasterxml/jackson/core/Base64Variants
instanceKlass org/springframework/context/annotation/Description
instanceKlass org/springframework/context/annotation/Role
instanceKlass org/springframework/context/annotation/DependsOn
instanceKlass org/springframework/context/annotation/Primary
instanceKlass java/text/DigitList
instanceKlass java/text/FieldPosition
instanceKlass org/springframework/context/annotation/Lazy
instanceKlass java/lang/StringUTF16$CharsSpliterator
instanceKlass java/util/OptionalInt
instanceKlass java/text/DecimalFormatSymbols
instanceKlass org/springframework/core/annotation/TypeMappedAnnotations$Aggregate
instanceKlass org/springframework/core/annotation/TypeMappedAnnotations$AggregatesCollector
instanceKlass org/springframework/core/annotation/TypeMappedAnnotations$AggregatesSpliterator
instanceKlass java/text/DateFormatSymbols
instanceKlass org/springframework/context/annotation/ScopeMetadata
instanceKlass org/springframework/beans/BeanMetadataAttribute
instanceKlass org/springframework/context/annotation/ImportResource
instanceKlass org/springframework/context/annotation/ComponentScan
instanceKlass org/springframework/core/Conventions
instanceKlass org/springframework/context/annotation/ConfigurationClassUtils
instanceKlass org/springframework/core/annotation/TypeMappedAnnotations$IsPresent
instanceKlass org/springframework/context/annotation/Conditional
instanceKlass org/springframework/cloud/bootstrap/BootstrapImportSelector
instanceKlass org/springframework/context/annotation/DeferredImportSelector
instanceKlass org/springframework/context/annotation/ImportSelector
instanceKlass org/springframework/context/annotation/Import
instanceKlass sun/util/locale/provider/CalendarDataUtility$CalendarWeekParameterGetter
instanceKlass java/util/Locale$Builder
instanceKlass sun/util/locale/provider/CalendarDataUtility
instanceKlass java/util/Calendar$Builder
instanceKlass sun/util/locale/provider/AvailableLanguageTags
instanceKlass org/springframework/context/annotation/Configuration
instanceKlass java/text/AttributedCharacterIterator$Attribute
instanceKlass org/springframework/core/type/StandardClassMetadata
instanceKlass org/springframework/core/type/AnnotationMetadata
instanceKlass com/fasterxml/jackson/databind/type/TypeBindings
instanceKlass org/springframework/core/type/ClassMetadata
instanceKlass com/fasterxml/jackson/databind/type/TypeParser
instanceKlass com/fasterxml/jackson/databind/type/TypeFactory
instanceKlass org/springframework/util/xml/XmlValidationModeDetector
instanceKlass org/springframework/util/xml/SimpleSaxErrorHandler
instanceKlass com/fasterxml/jackson/databind/cfg/BaseSettings
instanceKlass org/springframework/beans/factory/xml/DefaultDocumentLoader
instanceKlass org/springframework/beans/factory/parsing/NullSourceExtractor
instanceKlass org/springframework/beans/factory/parsing/EmptyReaderEventListener
instanceKlass java/util/concurrent/atomic/AtomicReferenceArray
instanceKlass org/springframework/beans/factory/parsing/FailFastProblemReporter
instanceKlass org/springframework/beans/factory/xml/DefaultBeanDefinitionDocumentReader
instanceKlass org/springframework/beans/factory/xml/BeanDefinitionDocumentReader
instanceKlass java/util/concurrent/atomic/AtomicLongArray
instanceKlass org/springframework/beans/factory/support/DefaultBeanNameGenerator
instanceKlass org/springframework/beans/factory/xml/NamespaceHandlerResolver
instanceKlass org/xml/sax/ErrorHandler
instanceKlass org/springframework/beans/factory/xml/DocumentLoader
instanceKlass java/util/concurrent/ConcurrentLinkedQueue$Node
instanceKlass org/springframework/beans/factory/parsing/SourceExtractor
instanceKlass org/springframework/beans/factory/parsing/ReaderEventListener
instanceKlass org/springframework/beans/factory/parsing/ProblemReporter
instanceKlass com/fasterxml/jackson/databind/util/internal/Linked
instanceKlass org/springframework/beans/factory/support/AbstractBeanDefinitionReader
instanceKlass org/springframework/beans/factory/support/BeanDefinitionReader
instanceKlass org/springframework/boot/SpringApplication$PropertySourceOrderingBeanFactoryPostProcessor
instanceKlass com/fasterxml/jackson/databind/util/internal/PrivateMaxEntriesMap$Builder
instanceKlass com/fasterxml/jackson/databind/util/LRUMap
instanceKlass com/fasterxml/jackson/databind/util/LookupCache
instanceKlass org/springframework/core/ResolvableType$WildcardBounds
instanceKlass java/beans/ConstructorProperties
instanceKlass java/beans/Transient
instanceKlass com/fasterxml/jackson/databind/util/ClassUtil$Ctor
instanceKlass com/fasterxml/jackson/databind/util/ClassUtil
instanceKlass org/springframework/boot/autoconfigure/logging/ConditionEvaluationReportLogger
instanceKlass org/springframework/boot/autoconfigure/condition/ConditionEvaluationReport$AncestorsMatchedCondition
instanceKlass org/springframework/context/annotation/Condition
instanceKlass com/fasterxml/jackson/databind/ext/Java7Support
instanceKlass org/springframework/boot/autoconfigure/condition/ConditionEvaluationReport
instanceKlass com/fasterxml/jackson/annotation/JsonMerge
instanceKlass com/fasterxml/jackson/databind/annotation/JsonDeserialize
instanceKlass com/fasterxml/jackson/annotation/JsonManagedReference
instanceKlass org/springframework/boot/autoconfigure/logging/ConditionEvaluationReportLoggingListener$ConditionEvaluationReportListener
instanceKlass com/fasterxml/jackson/annotation/JsonBackReference
instanceKlass com/fasterxml/jackson/annotation/JsonUnwrapped
instanceKlass com/fasterxml/jackson/annotation/JsonRawValue
instanceKlass com/fasterxml/jackson/annotation/JsonTypeInfo
instanceKlass com/fasterxml/jackson/annotation/JsonFormat
instanceKlass org/springframework/boot/rsocket/context/RSocketPortInfoApplicationContextInitializer$Listener
instanceKlass com/fasterxml/jackson/annotation/JsonView
instanceKlass com/fasterxml/jackson/databind/annotation/JsonSerialize
instanceKlass org/springframework/boot/context/ConfigurationWarningsApplicationContextInitializer$ComponentScanPackageCheck
instanceKlass org/springframework/boot/context/ConfigurationWarningsApplicationContextInitializer$Check
instanceKlass org/springframework/boot/context/ConfigurationWarningsApplicationContextInitializer$ConfigurationWarningsPostProcessor
instanceKlass com/fasterxml/jackson/databind/introspect/ConcreteBeanPropertyBase
instanceKlass com/fasterxml/jackson/databind/BeanProperty
instanceKlass org/springframework/boot/context/ContextIdApplicationContextInitializer$ContextId
instanceKlass org/springframework/boot/autoconfigure/SharedMetadataReaderFactoryContextInitializer$CachingMetadataReaderFactoryPostProcessor
instanceKlass com/fasterxml/jackson/databind/introspect/BeanPropertyDefinition
instanceKlass com/fasterxml/jackson/databind/util/Named
instanceKlass org/springframework/context/index/CandidateComponentsIndex
instanceKlass org/springframework/context/index/CandidateComponentsIndexLoader
instanceKlass org/springframework/core/type/classreading/MetadataReader
instanceKlass com/fasterxml/jackson/databind/introspect/TypeResolutionContext
instanceKlass org/springframework/core/type/classreading/SimpleMetadataReaderFactory
instanceKlass org/springframework/core/io/support/ResourcePatternUtils
instanceKlass com/fasterxml/jackson/databind/introspect/Annotated
instanceKlass jakarta/annotation/ManagedBean
instanceKlass com/fasterxml/jackson/databind/introspect/VisibilityChecker
instanceKlass com/fasterxml/jackson/databind/introspect/ClassIntrospector
instanceKlass org/springframework/stereotype/Indexed
instanceKlass org/springframework/stereotype/Component
instanceKlass org/springframework/core/type/filter/AbstractTypeHierarchyTraversingFilter
instanceKlass org/springframework/core/type/filter/TypeFilter
instanceKlass org/springframework/beans/factory/support/BeanDefinitionDefaults
instanceKlass org/springframework/core/type/classreading/MetadataReaderFactory
instanceKlass org/springframework/context/annotation/ClassPathScanningCandidateComponentProvider
instanceKlass com/fasterxml/jackson/core/type/ResolvedType
instanceKlass org/springframework/context/event/DefaultEventListenerFactory
instanceKlass org/springframework/context/event/EventListenerFactory
instanceKlass org/springframework/context/event/EventListenerMethodProcessor
instanceKlass org/springframework/beans/factory/SmartInitializingSingleton
instanceKlass org/springframework/beans/factory/annotation/InitDestroyAnnotationBeanPostProcessor
instanceKlass org/springframework/beans/factory/config/DestructionAwareBeanPostProcessor
instanceKlass com/fasterxml/jackson/core/JsonParser
instanceKlass org/springframework/beans/factory/annotation/AutowiredAnnotationBeanPostProcessor
instanceKlass org/springframework/beans/factory/support/MergedBeanDefinitionPostProcessor
instanceKlass org/springframework/beans/factory/config/SmartInstantiationAwareBeanPostProcessor
instanceKlass org/springframework/beans/factory/config/InstantiationAwareBeanPostProcessor
instanceKlass com/fasterxml/jackson/databind/JsonSerializable$Base
instanceKlass org/springframework/beans/factory/config/BeanDefinitionHolder
instanceKlass com/fasterxml/jackson/databind/JsonSerializable
instanceKlass com/fasterxml/jackson/core/TreeNode
instanceKlass org/springframework/beans/factory/support/MethodOverrides
instanceKlass com/fasterxml/jackson/databind/Module$SetupContext
instanceKlass org/springframework/context/annotation/ConfigurationClassPostProcessor
instanceKlass org/springframework/context/ApplicationStartupAware
instanceKlass org/springframework/context/ResourceLoaderAware
instanceKlass com/fasterxml/jackson/databind/jsontype/TypeResolverBuilder
instanceKlass org/springframework/beans/factory/aot/BeanRegistrationAotProcessor
instanceKlass org/springframework/beans/factory/support/BeanDefinitionRegistryPostProcessor
instanceKlass com/fasterxml/jackson/databind/jsontype/PolymorphicTypeValidator
instanceKlass com/fasterxml/jackson/databind/introspect/AccessorNamingStrategy$Provider
instanceKlass org/springframework/beans/factory/annotation/Qualifier
instanceKlass org/springframework/aop/TargetSource
instanceKlass com/fasterxml/jackson/databind/AnnotationIntrospector
instanceKlass jakarta/annotation/PostConstruct
instanceKlass org/springframework/context/annotation/AnnotationConfigUtils
instanceKlass org/springframework/context/annotation/ConditionEvaluator$ConditionContextImpl
instanceKlass org/springframework/context/annotation/ConditionContext
instanceKlass org/springframework/context/annotation/ConditionEvaluator
instanceKlass com/fasterxml/jackson/databind/ser/SerializerFactory
instanceKlass org/springframework/context/annotation/Scope
instanceKlass org/springframework/context/annotation/AnnotationScopeMetadataResolver
instanceKlass org/springframework/context/annotation/AnnotationBeanNameGenerator
instanceKlass org/springframework/beans/factory/annotation/AnnotatedBeanDefinition
instanceKlass org/springframework/core/type/AnnotatedTypeMetadata
instanceKlass org/springframework/context/annotation/ScopeMetadataResolver
instanceKlass org/springframework/context/annotation/AnnotatedBeanDefinitionReader
instanceKlass org/springframework/beans/factory/support/SimpleAutowireCandidateResolver
instanceKlass org/springframework/beans/factory/support/SimpleInstantiationStrategy
instanceKlass org/springframework/beans/factory/BeanNameAware
instanceKlass com/fasterxml/jackson/databind/deser/DeserializerFactory
instanceKlass com/fasterxml/jackson/databind/DatabindContext
instanceKlass org/springframework/beans/factory/ObjectProvider
instanceKlass org/springframework/beans/factory/ObjectFactory
instanceKlass org/springframework/beans/factory/support/AutowireCandidateResolver
instanceKlass com/fasterxml/jackson/databind/jsontype/SubtypeResolver
instanceKlass org/springframework/util/ReflectionUtils$MethodCallback
instanceKlass com/fasterxml/jackson/core/TokenStreamFactory
instanceKlass org/springframework/beans/PropertyValues
instanceKlass org/springframework/beans/factory/InjectionPoint
instanceKlass org/springframework/beans/BeanWrapper
instanceKlass org/springframework/beans/ConfigurablePropertyAccessor
instanceKlass org/springframework/beans/PropertyAccessor
instanceKlass java/text/Format
instanceKlass org/springframework/core/AttributeAccessorSupport
instanceKlass com/fasterxml/jackson/databind/cfg/HandlerInstantiator
instanceKlass com/fasterxml/jackson/databind/Module
instanceKlass org/springframework/http/converter/json/Jackson2ObjectMapperBuilder
instanceKlass org/springframework/beans/factory/support/InstantiationStrategy
instanceKlass org/springframework/beans/factory/DisposableBean
instanceKlass com/fasterxml/jackson/core/PrettyPrinter
instanceKlass com/fasterxml/jackson/core/util/DefaultPrettyPrinter$Indenter
instanceKlass org/springframework/http/converter/GenericHttpMessageConverter
instanceKlass org/springframework/core/SimpleAliasRegistry
instanceKlass jdk/xml/internal/JdkProperty
instanceKlass jdk/xml/internal/XMLSecurityManager
instanceKlass com/sun/org/apache/xalan/internal/utils/FeaturePropertyBase
instanceKlass jdk/xml/internal/JdkXmlFeatures
instanceKlass jdk/xml/internal/JdkConstants
instanceKlass javax/xml/catalog/CatalogFeatures$Builder
instanceKlass javax/xml/catalog/CatalogFeatures
instanceKlass jdk/xml/internal/TransformErrorListener
instanceKlass javax/xml/transform/ErrorListener
instanceKlass com/sun/org/apache/xalan/internal/xsltc/compiler/SourceLoader
instanceKlass org/springframework/beans/factory/config/BeanDefinition
instanceKlass org/springframework/beans/BeanMetadataElement
instanceKlass org/springframework/core/AttributeAccessor
instanceKlass org/springframework/context/LifecycleProcessor
instanceKlass org/springframework/core/SmartClassLoader
instanceKlass org/springframework/beans/factory/config/BeanPostProcessor
instanceKlass org/springframework/beans/PropertyEditorRegistrar
instanceKlass org/springframework/beans/factory/config/BeanExpressionResolver
instanceKlass javax/xml/transform/FactoryFinder$1
instanceKlass jdk/xml/internal/SecuritySupport
instanceKlass javax/xml/transform/FactoryFinder
instanceKlass javax/xml/transform/TransformerFactory
instanceKlass sun/invoke/util/VerifyAccess$1
instanceKlass org/xml/sax/EntityResolver
instanceKlass org/springframework/context/annotation/AnnotationConfigRegistry
instanceKlass javax/xml/transform/Result
instanceKlass javax/xml/transform/Source
instanceKlass org/apache/commons/logging/impl/NoOpLog
instanceKlass org/springframework/core/log/CompositeLog
instanceKlass org/springframework/core/log/LogDelegateFactory
instanceKlass org/springframework/http/HttpLogging
instanceKlass org/springframework/http/converter/AbstractHttpMessageConverter
instanceKlass org/springframework/boot/Banner
instanceKlass com/fasterxml/jackson/core/JsonGenerator
instanceKlass org/springframework/boot/CommandLineRunner
instanceKlass org/springframework/boot/ApplicationRunner
instanceKlass org/springframework/beans/factory/support/BeanNameGenerator
instanceKlass org/springframework/boot/BeanDefinitionLoader
instanceKlass org/springframework/beans/factory/support/BeanDefinitionRegistry
instanceKlass com/fasterxml/jackson/core/TreeCodec
instanceKlass org/springframework/core/AliasRegistry
instanceKlass org/springframework/boot/SpringBootExceptionHandler
instanceKlass org/springframework/util/function/ThrowingSupplier
instanceKlass org/springframework/boot/SpringApplicationHook
instanceKlass org/springframework/beans/factory/config/ConfigurableListableBeanFactory
instanceKlass org/springframework/beans/factory/config/AutowireCapableBeanFactory
instanceKlass org/springframework/boot/Runner
instanceKlass org/springframework/boot/SpringApplication$Augmented
instanceKlass com/fasterxml/jackson/core/Versioned
instanceKlass org/springframework/util/function/ThrowingConsumer
instanceKlass org/springframework/boot/ExitCodeGenerator
instanceKlass jakarta/xml/bind/Binder
instanceKlass org/springframework/util/MimeType$SpecificityComparator
instanceKlass ch/qos/logback/core/joran/sanity/SanityChecker
instanceKlass java/lang/StrictMath
instanceKlass ch/qos/logback/core/joran/spi/RuleStore
instanceKlass org/springframework/util/LinkedCaseInsensitiveMap
instanceKlass org/springframework/util/MimeType
instanceKlass com/alibaba/nacos/common/spi/NacosServiceLoader
instanceKlass com/alibaba/nacos/common/log/NacosLogbackConfigurator
instanceKlass org/springframework/http/HttpOutputMessage
instanceKlass org/springframework/http/HttpMessage
instanceKlass org/springframework/http/StreamingHttpOutputMessage$Body
instanceKlass org/springframework/http/converter/FormHttpMessageConverter
instanceKlass org/springframework/http/converter/HttpMessageConverter
instanceKlass com/alibaba/nacos/common/utils/StringUtils
instanceKlass org/springframework/boot/autoconfigure/BackgroundPreinitializer$MessageConverterInitializer
instanceKlass com/alibaba/nacos/client/env/convert/AbstractPropertyConverter
instanceKlass jakarta/validation/spi/ValidationProvider
instanceKlass jakarta/validation/Validation$GetValidationProviderListAction
instanceKlass com/alibaba/nacos/client/env/convert/CompositeConverter
instanceKlass jakarta/validation/Validation$DefaultValidationProviderResolver
instanceKlass com/alibaba/nacos/client/env/AbstractPropertySource
instanceKlass jakarta/validation/ValidationProviderResolver
instanceKlass com/alibaba/nacos/client/env/SearchableProperties
instanceKlass jakarta/validation/Validation$GenericBootstrapImpl
instanceKlass jakarta/validation/spi/BootstrapState
instanceKlass com/alibaba/nacos/client/env/NacosClientProperties
instanceKlass jakarta/validation/bootstrap/ProviderSpecificBootstrap
instanceKlass ch/qos/logback/core/model/Model
instanceKlass jakarta/validation/bootstrap/GenericBootstrap
instanceKlass jakarta/validation/Validation
instanceKlass com/alibaba/nacos/client/logging/NacosLogging$NacosLoggingInstance
instanceKlass org/springframework/boot/autoconfigure/BackgroundPreinitializer$ValidationInitializer
instanceKlass com/alibaba/nacos/client/logging/AbstractNacosLogging
instanceKlass com/alibaba/nacos/client/logging/NacosLogging
instanceKlass org/springframework/boot/autoconfigure/BackgroundPreinitializer$ConversionServiceInitializer
instanceKlass org/springframework/boot/autoconfigure/BackgroundPreinitializer$1
instanceKlass ch/qos/logback/classic/pattern/TargetLengthBasedClassNameAbbreviator
instanceKlass ch/qos/logback/core/pattern/ConverterUtil
instanceKlass ch/qos/logback/classic/pattern/NamedConverter$CacheMissCalculator
instanceKlass ch/qos/logback/classic/pattern/Abbreviator
instanceKlass ch/qos/logback/core/pattern/FormatInfo
instanceKlass ch/qos/logback/core/pattern/util/AsIsEscapeUtil
instanceKlass ch/qos/logback/core/pattern/parser/OptionTokenizer
instanceKlass ch/qos/logback/core/pattern/util/RestrictedEscapeUtil
instanceKlass ch/qos/logback/core/pattern/parser/TokenStream
instanceKlass ch/qos/logback/core/pattern/util/RegularEscapeUtil
instanceKlass ch/qos/logback/classic/pattern/EnsureExceptionHandling
instanceKlass ch/qos/logback/core/pattern/parser/Token
instanceKlass ch/qos/logback/core/pattern/parser/Node
instanceKlass ch/qos/logback/core/pattern/util/IEscapeUtil
instanceKlass ch/qos/logback/core/pattern/PostCompileProcessor
instanceKlass ch/qos/logback/classic/jul/JULHelper
instanceKlass java/util/Vector$Itr
instanceKlass ch/qos/logback/core/subst/NodeToStringTransformer$1
instanceKlass ch/qos/logback/core/CoreConstants
instanceKlass ch/qos/logback/core/subst/Node
instanceKlass ch/qos/logback/core/subst/Parser$1
instanceKlass ch/qos/logback/core/subst/Parser
instanceKlass ch/qos/logback/core/subst/Token
instanceKlass ch/qos/logback/core/subst/Tokenizer
instanceKlass ch/qos/logback/core/subst/NodeToStringTransformer
instanceKlass ch/qos/logback/core/rolling/RollingPolicy
instanceKlass org/springframework/boot/logging/logback/DefaultLogbackConfiguration
instanceKlass java/util/concurrent/Executors$DefaultThreadFactory
instanceKlass ch/qos/logback/core/util/ExecutorServiceUtil$1
instanceKlass ch/qos/logback/core/util/ExecutorServiceUtil
instanceKlass ch/qos/logback/core/LifeCycleManager
instanceKlass org/springframework/aot/AotDetector
instanceKlass org/springframework/boot/logging/LoggingInitializationContext
instanceKlass org/springframework/boot/logging/LoggerGroup
instanceKlass org/springframework/boot/logging/LoggerGroups
instanceKlass org/springframework/boot/logging/LogFile
instanceKlass java/lang/ProcessHandleImpl
instanceKlass java/lang/ProcessHandle
instanceKlass org/springframework/boot/system/ApplicationPid
instanceKlass org/springframework/boot/ansi/AnsiElement
instanceKlass java/util/RegularEnumSet$EnumSetIterator
instanceKlass java/util/stream/Sink$ChainedInt
instanceKlass java/util/function/IntUnaryOperator
instanceKlass org/springframework/boot/ansi/AnsiOutput
instanceKlass org/springframework/boot/convert/LenientObjectToEnumConverterFactory$LenientToEnumConverter
instanceKlass java/lang/Short$ShortCache
instanceKlass java/lang/Byte$ByteCache
instanceKlass org/springframework/beans/BeanUtils
instanceKlass java/util/regex/ASCII
instanceKlass com/baomidou/mybatisplus/core/toolkit/StringUtils
instanceKlass java/util/LinkedList$LLSpliterator
instanceKlass org/springframework/cloud/bootstrap/BootstrapConfigFileApplicationListener$DocumentsCacheKey
instanceKlass java/io/FileFilter
instanceKlass org/springframework/cloud/bootstrap/BootstrapConfigFileApplicationListener$Document
instanceKlass org/springframework/cloud/bootstrap/BootstrapConfigFileApplicationListener$DocumentConsumer
instanceKlass org/springframework/cloud/bootstrap/BootstrapConfigFileApplicationListener$DocumentFilter
instanceKlass org/springframework/cloud/bootstrap/BootstrapConfigFileApplicationListener$DocumentFilterFactory
instanceKlass org/springframework/cloud/bootstrap/BootstrapConfigFileApplicationListener$Profile
instanceKlass org/springframework/cloud/bootstrap/BootstrapConfigFileApplicationListener$Loader
instanceKlass java/lang/StackTraceElement$HashedModules
instanceKlass java/lang/Throwable$PrintStreamOrWriter
instanceKlass javax/management/remote/rmi/RMIConnectionImpl$PrivilegedOperation
instanceKlass sun/rmi/transport/DGCAckHandler$1
instanceKlass sun/rmi/transport/DGCAckHandler
instanceKlass javax/management/remote/NotificationResult
instanceKlass javax/security/auth/Subject
instanceKlass java/rmi/MarshalledObject
instanceKlass com/sun/jmx/remote/internal/ServerCommunicatorAdmin$Timeout
instanceKlass com/sun/jmx/remote/internal/ServerCommunicatorAdmin
instanceKlass javax/management/remote/rmi/RMIConnectionImpl$3
instanceKlass javax/management/remote/rmi/RMIConnectionImpl$2
instanceKlass javax/management/remote/rmi/RMIConnectionImpl$1
instanceKlass com/sun/jmx/remote/security/SubjectDelegator
instanceKlass javax/management/remote/rmi/RMIConnectionImpl
instanceKlass java/rmi/server/Unreferenced
instanceKlass java/io/ObjectStreamClass$5
instanceKlass java/io/ObjectStreamClass$4
instanceKlass java/io/ObjectStreamClass$3
instanceKlass java/io/ObjectStreamClass$MemberSignature
instanceKlass java/io/ObjectStreamClass$1
instanceKlass java/util/concurrent/locks/AbstractQueuedSynchronizer$Node
instanceKlass sun/rmi/server/MarshalOutputStream$1
instanceKlass java/util/concurrent/TimeUnit$1
instanceKlass sun/rmi/transport/SequenceEntry
instanceKlass java/util/concurrent/Executors$RunnableAdapter
instanceKlass sun/rmi/transport/DGCImpl$1
instanceKlass sun/rmi/transport/DGCImpl$LeaseInfo
instanceKlass java/rmi/dgc/VMID
instanceKlass java/rmi/dgc/Lease
instanceKlass java/io/ObjectInputStream$GetField
instanceKlass java/io/ObjectStreamClass$ExceptionInfo
instanceKlass java/io/ObjectInputStream$Logging
instanceKlass java/io/ObjectInputStream$FilterValues
instanceKlass sun/rmi/server/LoaderHandler
instanceKlass java/rmi/server/RMIClassLoader$1
instanceKlass java/rmi/server/RMIClassLoaderSpi
instanceKlass java/rmi/server/RMIClassLoader
instanceKlass sun/rmi/transport/Transport$1
instanceKlass java/io/ObjectInputStream$ValidationList
instanceKlass java/io/ObjectInputStream$HandleTable$HandleList
instanceKlass java/io/ObjectInputStream$HandleTable
instanceKlass java/rmi/registry/Registry
instanceKlass jdk/internal/access/JavaObjectInputStreamReadString
instanceKlass jdk/internal/access/JavaObjectInputStreamAccess
instanceKlass sun/rmi/transport/StreamRemoteCall
instanceKlass java/rmi/server/RemoteCall
instanceKlass sun/rmi/transport/tcp/TCPConnection
instanceKlass sun/rmi/transport/Connection
instanceKlass sun/rmi/transport/tcp/TCPChannel
instanceKlass sun/rmi/transport/Channel
instanceKlass sun/nio/ch/ExtendedSocketOption$1
instanceKlass sun/nio/ch/ExtendedSocketOption
instanceKlass sun/nio/ch/OptionKey
instanceKlass sun/nio/ch/SocketOptionRegistry$LazyInitialization
instanceKlass sun/nio/ch/SocketOptionRegistry$RegistryKey
instanceKlass sun/nio/ch/SocketOptionRegistry
instanceKlass java/net/StandardSocketOptions$StdSocketOption
instanceKlass java/net/StandardSocketOptions
instanceKlass sun/rmi/transport/tcp/TCPTransport$ConnectionHandler
instanceKlass sun/util/cldr/CLDRBaseLocaleDataMetaInfo$TZCanonicalIDMapHolder
instanceKlass sun/util/resources/Bundles$CacheKeyReference
instanceKlass java/util/ResourceBundle$ResourceBundleProviderHelper
instanceKlass sun/util/resources/Bundles$CacheKey
instanceKlass java/util/ResourceBundle$1
instanceKlass jdk/internal/access/JavaUtilResourceBundleAccess
instanceKlass sun/util/resources/Bundles
instanceKlass sun/util/resources/LocaleData$LocaleDataStrategy
instanceKlass sun/util/resources/Bundles$Strategy
instanceKlass sun/util/resources/LocaleData$1
instanceKlass sun/util/resources/LocaleData
instanceKlass sun/util/locale/provider/LocaleResources
instanceKlass sun/util/resources/provider/NonBaseLocaleDataMetaInfo
instanceKlass sun/util/locale/provider/BaseLocaleDataMetaInfo
instanceKlass sun/util/resources/cldr/provider/CLDRLocaleDataMetaInfo
instanceKlass jdk/internal/module/ModulePatcher$PatchedModuleReader
instanceKlass sun/util/locale/BaseLocale$Key
instanceKlass sun/util/locale/InternalLocaleBuilder$CaseInsensitiveChar
instanceKlass sun/util/locale/InternalLocaleBuilder
instanceKlass sun/util/locale/StringTokenIterator
instanceKlass sun/util/locale/ParseStatus
instanceKlass sun/util/locale/LanguageTag
instanceKlass sun/util/cldr/CLDRBaseLocaleDataMetaInfo
instanceKlass sun/util/locale/provider/LocaleDataMetaInfo
instanceKlass sun/util/locale/provider/ResourceBundleBasedAdapter
instanceKlass sun/util/locale/provider/LocaleProviderAdapter$1
instanceKlass sun/util/locale/provider/LocaleProviderAdapter
instanceKlass sun/util/locale/LocaleObjectCache
instanceKlass java/util/ResourceBundle
instanceKlass java/util/ResourceBundle$Control
instanceKlass sun/util/locale/provider/TimeZoneNameUtility$TimeZoneNameGetter
instanceKlass sun/util/locale/provider/LocaleServiceProviderPool$LocalizedObjectGetter
instanceKlass sun/util/locale/provider/LocaleServiceProviderPool
instanceKlass java/util/spi/LocaleServiceProvider
instanceKlass sun/util/locale/provider/TimeZoneNameUtility
instanceKlass sun/util/calendar/CalendarUtils
instanceKlass sun/util/calendar/CalendarDate
instanceKlass sun/nio/cs/Surrogate
instanceKlass sun/nio/cs/Surrogate$Parser
instanceKlass java/util/concurrent/FutureTask$WaitNode
instanceKlass java/util/concurrent/FutureTask
instanceKlass org/springframework/cloud/commons/util/InetUtils$HostInfo
instanceKlass java/util/concurrent/Executors$DelegatedExecutorService
instanceKlass java/util/concurrent/Executors
instanceKlass org/springframework/cloud/commons/util/InetUtils
instanceKlass org/springframework/beans/factory/annotation/Value
instanceKlass org/springframework/boot/context/properties/bind/JavaBeanBinder$BeanSupplier
instanceKlass java/beans/Introspector$1
instanceKlass jdk/internal/access/JavaBeansAccess
instanceKlass java/beans/FeatureDescriptor
instanceKlass java/beans/Introspector
instanceKlass org/springframework/boot/context/properties/bind/JavaBeanBinder$BeanProperty
instanceKlass java/lang/invoke/MethodHandleImpl$ArrayAccessor
instanceKlass java/lang/invoke/MethodHandleImpl$2
instanceKlass java/lang/invoke/MethodHandleImpl$LoopClauses
instanceKlass java/lang/invoke/MethodHandleImpl$CasesHolder
instanceKlass java/lang/invoke/MethodHandleImpl$BindCaller
instanceKlass org/springframework/core/BridgeMethodResolver
instanceKlass org/springframework/cloud/commons/util/InetUtilsProperties
instanceKlass org/springframework/boot/context/properties/bind/MapBinder$EntryBinder
instanceKlass org/springframework/boot/context/config/Profiles
instanceKlass org/springframework/boot/context/config/ConfigDataEnvironmentContributors$InactiveSourceChecker
instanceKlass org/springframework/boot/context/properties/bind/DefaultValue
instanceKlass org/springframework/boot/context/properties/bind/DataObjectPropertyName
instanceKlass org/springframework/boot/context/properties/bind/ValueObjectBinder$ConstructorParameter
instanceKlass org/springframework/core/SerializableTypeWrapper$MethodInvokeTypeProvider
instanceKlass org/springframework/core/SerializableTypeWrapper$TypeProxyInvocationHandler
instanceKlass org/springframework/core/SerializableTypeWrapper$MethodParameterTypeProvider
instanceKlass org/springframework/core/MethodParameter
instanceKlass org/springframework/boot/context/properties/bind/Name
instanceKlass org/springframework/boot/context/properties/bind/ConstructorBinding
instanceKlass org/springframework/beans/factory/annotation/Autowired
instanceKlass org/springframework/boot/context/config/ConfigDataProperties$Activate
instanceKlass org/springframework/boot/context/properties/bind/DefaultBindConstructorProvider$Constructors
instanceKlass org/springframework/boot/context/properties/bind/AbstractBindHandler
instanceKlass org/springframework/boot/context/config/ConfigDataEnvironmentContributorPlaceholdersResolver
instanceKlass org/springframework/boot/origin/OriginTrackedValue
instanceKlass org/springframework/boot/origin/TextResourceOrigin
instanceKlass org/springframework/boot/origin/TextResourceOrigin$Location
instanceKlass sun/net/DefaultProgressMeteringPolicy
instanceKlass sun/net/ProgressMeteringPolicy
instanceKlass sun/net/ProgressMonitor
instanceKlass org/springframework/boot/env/OriginTrackedPropertiesLoader$CharacterReader
instanceKlass org/springframework/boot/env/OriginTrackedPropertiesLoader$Document
instanceKlass org/springframework/boot/env/OriginTrackedPropertiesLoader
instanceKlass org/springframework/boot/origin/OriginTrackedResource
instanceKlass org/springframework/boot/context/config/ConfigData
instanceKlass org/springframework/boot/context/config/ConfigDataResolutionResult
instanceKlass org/springframework/core/io/WritableResource
instanceKlass org/springframework/boot/context/config/StandardConfigDataReference
instanceKlass java/util/regex/IntHashSet
instanceKlass java/util/regex/Matcher
instanceKlass java/util/regex/MatchResult
instanceKlass org/springframework/boot/context/config/ConfigDataEnvironmentContributors$ContributorDataLoaderContext
instanceKlass org/springframework/boot/context/config/ConfigDataEnvironmentContributors$ContributorConfigDataLocationResolverContext
instanceKlass org/springframework/boot/context/config/ConfigDataEnvironmentContributor$ContributorIterator
instanceKlass org/springframework/boot/BootstrapRegistry$InstanceSupplier$1
instanceKlass org/springframework/boot/context/config/ConfigDataActivationContext
instanceKlass org/springframework/boot/context/config/ConfigDataImporter
instanceKlass org/springframework/boot/context/config/ConfigDataLocationResolverContext
instanceKlass org/springframework/boot/context/config/ConfigDataLoaderContext
instanceKlass org/springframework/boot/context/config/ConfigDataEnvironmentContributors
instanceKlass org/springframework/boot/context/config/ConfigDataProperties
instanceKlass java/util/function/BooleanSupplier
instanceKlass java/util/stream/StreamSpliterators
instanceKlass java/util/stream/StreamSpliterators$AbstractWrappingSpliterator
instanceKlass org/springframework/boot/context/properties/source/FilteredConfigurationPropertiesSource
instanceKlass org/springframework/boot/context/config/ConfigDataEnvironmentContributor
instanceKlass com/alibaba/cloud/nacos/configdata/NacosConfigDataLoader
instanceKlass org/springframework/boot/context/config/ConfigData$Options
instanceKlass org/springframework/boot/context/config/ConfigData$AlwaysPropertySourceOptions
instanceKlass org/springframework/boot/context/config/ConfigData$PropertySourceOptions
instanceKlass org/springframework/boot/context/config/StandardConfigDataLoader
instanceKlass org/springframework/boot/context/config/ConfigDataResource
instanceKlass org/springframework/boot/context/config/ConfigTreeConfigDataLoader
instanceKlass org/springframework/boot/context/config/ConfigDataLoader
instanceKlass org/springframework/boot/context/config/ConfigDataLoaders
instanceKlass org/springframework/boot/context/config/ConfigDataEnvironmentUpdateListener$1
instanceKlass org/springframework/boot/context/config/ConfigDataEnvironmentUpdateListener
instanceKlass com/alibaba/cloud/nacos/configdata/NacosConfigDataLocationResolver
instanceKlass org/springframework/core/CollectionFactory
instanceKlass org/springframework/boot/convert/Delimiter
instanceKlass org/springframework/core/convert/support/ConversionUtils
instanceKlass org/springframework/util/AntPathMatcher$PathSeparatorPatternCache
instanceKlass org/springframework/util/AntPathMatcher
instanceKlass sun/nio/fs/ExtendedFileSystemProvider
instanceKlass org/springframework/util/PathMatcher
instanceKlass org/springframework/core/io/support/PathMatchingResourcePatternResolver
instanceKlass org/xml/sax/InputSource
instanceKlass java/util/concurrent/ConcurrentLinkedDeque$AbstractItr
instanceKlass org/springframework/core/convert/support/GenericConversionService$ConverterCacheKey
instanceKlass org/springframework/boot/context/properties/bind/AggregateBinder$AggregateSupplier
instanceKlass org/springframework/boot/context/properties/bind/AggregateElementBinder
instanceKlass org/springframework/boot/context/properties/source/ConfigurationProperty
instanceKlass org/springframework/boot/origin/PropertySourceOrigin
instanceKlass com/alibaba/cloud/nacos/parser/AbstractPropertySourceLoader
instanceKlass org/springframework/boot/env/YamlPropertySourceLoader
instanceKlass org/springframework/boot/env/PropertiesPropertySourceLoader
instanceKlass org/springframework/boot/env/PropertySourceLoader
instanceKlass org/springframework/boot/context/config/StandardConfigDataLocationResolver
instanceKlass org/springframework/boot/context/config/LocationResourceLoader
instanceKlass org/springframework/boot/context/config/ConfigTreeConfigDataLocationResolver
instanceKlass org/springframework/boot/context/config/ConfigDataLocationResolver
instanceKlass org/springframework/boot/context/config/ConfigDataLocationResolvers
instanceKlass org/springframework/boot/context/properties/bind/BindResult
instanceKlass org/springframework/boot/context/properties/bind/JavaBeanBinder$BeanProperties
instanceKlass org/springframework/boot/context/properties/bind/ValueObjectBinder$ValueObject
instanceKlass org/springframework/core/StandardReflectionParameterNameDiscoverer
instanceKlass org/springframework/core/PrioritizedParameterNameDiscoverer
instanceKlass org/springframework/boot/context/properties/bind/ValueObjectBinder$Discoverer
instanceKlass org/springframework/core/ParameterNameDiscoverer
instanceKlass java/util/AbstractList$RandomAccessSpliterator
instanceKlass org/springframework/boot/context/properties/bind/DataObjectPropertyBinder
instanceKlass org/springframework/boot/context/properties/bind/Binder$Context
instanceKlass org/springframework/boot/context/properties/bind/JavaBeanBinder
instanceKlass org/springframework/boot/context/properties/bind/ValueObjectBinder
instanceKlass org/springframework/boot/context/properties/bind/DataObjectBinder
instanceKlass org/springframework/boot/context/properties/bind/DefaultBindConstructorProvider
instanceKlass org/springframework/boot/context/properties/bind/BindConstructorProvider
instanceKlass org/springframework/boot/context/properties/bind/BindHandler$1
instanceKlass org/springframework/beans/TypeConverterDelegate
instanceKlass org/springframework/beans/PropertyEditorRegistrySupport
instanceKlass org/springframework/beans/PropertyEditorRegistry
instanceKlass org/springframework/beans/TypeConverter
instanceKlass java/beans/PropertyEditorSupport
instanceKlass java/beans/PropertyEditor
instanceKlass org/springframework/boot/context/properties/bind/BindConverter$TypeConverterConverter
instanceKlass org/springframework/boot/context/properties/bind/BindConverter
instanceKlass org/springframework/boot/context/properties/bind/PropertySourcesPlaceholdersResolver
instanceKlass org/springframework/boot/context/properties/bind/AggregateBinder
instanceKlass org/springframework/boot/context/properties/bind/BindContext
instanceKlass org/springframework/boot/context/properties/bind/Binder
instanceKlass org/springframework/boot/context/config/ConfigDataLocation
instanceKlass org/springframework/boot/context/properties/bind/PlaceholdersResolver
instanceKlass org/springframework/boot/origin/OriginProvider
instanceKlass org/springframework/boot/context/config/ConfigDataEnvironment
instanceKlass org/springframework/boot/env/SpringApplicationJsonEnvironmentPostProcessor$JsonPropertyValue
instanceKlass org/springframework/boot/origin/Origin
instanceKlass org/springframework/boot/logging/DeferredLog$Line
instanceKlass com/baomidou/mybatisplus/autoconfigure/SafetyEncryptProcessor
instanceKlass org/springframework/cloud/util/random/CachedRandomPropertySourceEnvironmentPostProcessor
instanceKlass org/springframework/cloud/bootstrap/encrypt/AbstractEnvironmentDecrypt
instanceKlass org/springframework/cloud/bootstrap/BootstrapConfigFileApplicationListener
instanceKlass org/springframework/cloud/commons/ConfigDataMissingEnvironmentPostProcessor
instanceKlass org/springframework/cloud/client/HostInfoEnvironmentPostProcessor
instanceKlass org/springframework/boot/autoconfigure/integration/IntegrationPropertiesEnvironmentPostProcessor
instanceKlass org/springframework/boot/reactor/ReactorEnvironmentPostProcessor
instanceKlass org/springframework/boot/env/SystemEnvironmentPropertySourceEnvironmentPostProcessor
instanceKlass org/springframework/boot/env/SpringApplicationJsonEnvironmentPostProcessor
instanceKlass org/springframework/boot/env/RandomValuePropertySourceEnvironmentPostProcessor
instanceKlass org/springframework/boot/context/config/ConfigDataEnvironmentPostProcessor
instanceKlass org/springframework/boot/logging/DeferredLog
instanceKlass org/springframework/boot/cloud/CloudFoundryVcapEnvironmentPostProcessor
instanceKlass org/springframework/boot/env/EnvironmentPostProcessor
instanceKlass org/springframework/boot/env/SpringFactoriesEnvironmentPostProcessorsFactory
instanceKlass org/springframework/cloud/bootstrap/BootstrapImportSelectorConfiguration
instanceKlass org/springframework/boot/builder/SpringApplicationBuilder
instanceKlass org/springframework/boot/context/properties/source/ConfigurationPropertyName$ElementCharPredicate
instanceKlass org/springframework/boot/builder/ParentContextApplicationContextInitializer
instanceKlass org/springframework/util/PropertyPlaceholderHelper$PlaceholderResolver
instanceKlass org/springframework/util/PropertyPlaceholderHelper
instanceKlass java/util/stream/Sink$OfInt
instanceKlass java/util/function/IntConsumer
instanceKlass java/util/stream/MatchOps$BooleanTerminalSink
instanceKlass java/util/stream/MatchOps$MatchOp
instanceKlass java/util/stream/MatchOps
instanceKlass java/util/function/IntPredicate
instanceKlass java/util/stream/IntStream
instanceKlass java/lang/StringLatin1$CharsSpliterator
instanceKlass java/util/function/UnaryOperator
instanceKlass org/springframework/boot/context/properties/source/SpringIterableConfigurationPropertySource$Mappings
instanceKlass org/springframework/boot/context/properties/source/DefaultPropertyMapper$LastMapping
instanceKlass java/time/Clock
instanceKlass java/time/InstantSource
instanceKlass org/springframework/boot/context/properties/source/SoftReferenceConfigurationPropertyCache
instanceKlass org/springframework/boot/context/properties/source/ConfigurationPropertyCaching
instanceKlass org/springframework/boot/context/properties/source/SystemEnvironmentPropertyMapper
instanceKlass java/util/function/BiPredicate
instanceKlass org/springframework/boot/context/properties/source/DefaultPropertyMapper
instanceKlass org/springframework/boot/context/properties/source/PropertyMapper
instanceKlass org/springframework/boot/context/properties/source/CachingConfigurationPropertySource
instanceKlass org/springframework/boot/context/properties/source/IterableConfigurationPropertySource
instanceKlass org/springframework/boot/context/properties/source/SpringConfigurationPropertySource
instanceKlass org/springframework/boot/context/properties/source/SpringConfigurationPropertySources$SourcesIterator
instanceKlass org/springframework/cloud/bootstrap/marker/Marker
instanceKlass org/springframework/cloud/util/PropertyUtils
instanceKlass org/springframework/boot/context/properties/source/ConfigurationPropertySource
instanceKlass org/springframework/boot/context/properties/source/SpringConfigurationPropertySources
instanceKlass org/springframework/boot/convert/CharSequenceToObjectConverter
instanceKlass org/springframework/boot/convert/LenientObjectToEnumConverterFactory
instanceKlass sun/reflect/generics/tree/ByteSignature
instanceKlass org/springframework/boot/convert/InputStreamSourceToByteArrayConverter
instanceKlass org/springframework/core/io/DefaultResourceLoader
instanceKlass org/springframework/boot/convert/StringToFileConverter
instanceKlass org/springframework/boot/convert/NumberToDataSizeConverter
instanceKlass org/springframework/util/unit/DataSize
instanceKlass org/springframework/boot/convert/StringToDataSizeConverter
instanceKlass org/springframework/boot/convert/NumberToPeriodConverter
instanceKlass org/springframework/boot/convert/PeriodToStringConverter
instanceKlass org/springframework/boot/convert/StringToPeriodConverter
instanceKlass org/springframework/boot/convert/DurationToNumberConverter
instanceKlass org/springframework/boot/convert/NumberToDurationConverter
instanceKlass org/springframework/boot/convert/DurationToStringConverter
instanceKlass org/springframework/boot/convert/StringToDurationConverter
instanceKlass org/springframework/boot/convert/DelimitedStringToCollectionConverter
instanceKlass org/springframework/boot/convert/DelimitedStringToArrayConverter
instanceKlass org/springframework/boot/convert/CollectionToDelimitedStringConverter
instanceKlass org/springframework/boot/convert/ArrayToDelimitedStringConverter
instanceKlass org/springframework/boot/convert/IsoOffsetFormatter
instanceKlass org/springframework/boot/convert/InetAddressFormatter
instanceKlass sun/reflect/generics/tree/ArrayTypeSignature
instanceKlass sun/reflect/generics/tree/CharSignature
instanceKlass org/springframework/boot/convert/CharArrayFormatter
instanceKlass org/springframework/format/annotation/DateTimeFormat
instanceKlass org/springframework/format/datetime/standard/MonthDayFormatter
instanceKlass java/time/MonthDay
instanceKlass org/springframework/format/datetime/standard/YearMonthFormatter
instanceKlass java/time/YearMonth
instanceKlass org/springframework/format/datetime/standard/MonthFormatter
instanceKlass org/springframework/format/datetime/standard/YearFormatter
instanceKlass java/time/Year
instanceKlass org/springframework/format/datetime/standard/DurationFormatter
instanceKlass org/springframework/format/datetime/standard/PeriodFormatter
instanceKlass org/springframework/format/datetime/standard/InstantFormatter
instanceKlass java/time/OffsetTime
instanceKlass org/springframework/format/support/FormattingConversionService$ParserConverter
instanceKlass org/springframework/format/support/FormattingConversionService$PrinterConverter
instanceKlass org/springframework/format/datetime/standard/TemporalAccessorParser
instanceKlass org/springframework/format/datetime/standard/TemporalAccessorPrinter
instanceKlass java/time/format/DateTimeFormatterBuilder$LocalizedPrinterParser
instanceKlass org/springframework/format/datetime/standard/DateTimeFormatterRegistrar$1
instanceKlass org/springframework/format/datetime/standard/DateTimeConverters$InstantToLongConverter
instanceKlass org/springframework/format/datetime/standard/DateTimeConverters$LongToInstantConverter
instanceKlass org/springframework/format/datetime/standard/DateTimeConverters$CalendarToInstantConverter
instanceKlass org/springframework/format/datetime/standard/DateTimeConverters$CalendarToLocalDateTimeConverter
instanceKlass org/springframework/format/datetime/standard/DateTimeConverters$CalendarToLocalTimeConverter
instanceKlass org/springframework/format/datetime/standard/DateTimeConverters$CalendarToLocalDateConverter
instanceKlass org/springframework/format/datetime/standard/DateTimeConverters$CalendarToOffsetDateTimeConverter
instanceKlass org/springframework/format/datetime/standard/DateTimeConverters$CalendarToZonedDateTimeConverter
instanceKlass org/springframework/format/datetime/standard/DateTimeConverters$OffsetDateTimeToInstantConverter
instanceKlass org/springframework/format/datetime/standard/DateTimeConverters$OffsetDateTimeToZonedDateTimeConverter
instanceKlass org/springframework/format/datetime/standard/DateTimeConverters$OffsetDateTimeToLocalDateTimeConverter
instanceKlass org/springframework/format/datetime/standard/DateTimeConverters$OffsetDateTimeToLocalTimeConverter
instanceKlass org/springframework/format/datetime/standard/DateTimeConverters$OffsetDateTimeToLocalDateConverter
instanceKlass java/time/Instant
instanceKlass org/springframework/format/datetime/standard/DateTimeConverters$ZonedDateTimeToInstantConverter
instanceKlass java/time/OffsetDateTime
instanceKlass org/springframework/format/datetime/standard/DateTimeConverters$ZonedDateTimeToOffsetDateTimeConverter
instanceKlass org/springframework/format/datetime/standard/DateTimeConverters$ZonedDateTimeToLocalDateTimeConverter
instanceKlass org/springframework/format/datetime/standard/DateTimeConverters$ZonedDateTimeToLocalTimeConverter
instanceKlass org/springframework/format/datetime/standard/DateTimeConverters$ZonedDateTimeToLocalDateConverter
instanceKlass org/springframework/format/datetime/standard/DateTimeConverters$LocalDateTimeToLocalTimeConverter
instanceKlass org/springframework/format/datetime/standard/DateTimeConverters$LocalDateTimeToLocalDateConverter
instanceKlass org/springframework/format/datetime/DateFormatterRegistrar$LongToCalendarConverter
instanceKlass org/springframework/format/datetime/DateFormatterRegistrar$LongToDateConverter
instanceKlass org/springframework/format/datetime/DateFormatterRegistrar$CalendarToLongConverter
instanceKlass org/springframework/format/datetime/DateFormatterRegistrar$CalendarToDateConverter
instanceKlass org/springframework/format/datetime/DateFormatterRegistrar$DateToCalendarConverter
instanceKlass org/springframework/format/datetime/DateFormatterRegistrar$DateToLongConverter
instanceKlass org/springframework/format/datetime/DateFormatterRegistrar
instanceKlass org/springframework/format/datetime/standard/DateTimeConverters
instanceKlass org/springframework/format/datetime/standard/DateTimeFormatterFactory
instanceKlass org/springframework/format/datetime/standard/DateTimeFormatterRegistrar
instanceKlass org/springframework/format/FormatterRegistrar
instanceKlass org/springframework/format/support/FormattingConversionService$AnnotationParserConverter
instanceKlass org/springframework/format/support/FormattingConversionService$AnnotationPrinterConverter
instanceKlass org/springframework/util/NumberUtils
instanceKlass org/springframework/format/annotation/NumberFormat
instanceKlass org/springframework/core/GenericTypeResolver
instanceKlass org/springframework/context/support/EmbeddedValueResolutionSupport
instanceKlass org/springframework/format/AnnotationFormatterFactory
instanceKlass org/springframework/core/convert/support/ObjectToOptionalConverter
instanceKlass org/springframework/core/convert/support/FallbackObjectToStringConverter
instanceKlass org/springframework/core/convert/support/IdToEntityConverter
instanceKlass org/springframework/core/convert/support/ObjectToObjectConverter
instanceKlass java/time/ZonedDateTime
instanceKlass java/time/chrono/ChronoZonedDateTime
instanceKlass java/util/Calendar
instanceKlass org/springframework/core/convert/support/ZonedDateTimeToCalendarConverter
instanceKlass org/springframework/core/convert/support/ZoneIdToTimeZoneConverter
instanceKlass org/springframework/core/convert/support/StringToTimeZoneConverter
instanceKlass org/springframework/core/convert/support/ByteBufferConverter
instanceKlass org/springframework/core/convert/TypeDescriptor$AnnotatedElementAdapter
instanceKlass org/springframework/core/convert/TypeDescriptor
instanceKlass org/springframework/core/convert/support/StreamConverter
instanceKlass org/springframework/core/convert/support/ObjectToCollectionConverter
instanceKlass org/springframework/core/convert/support/CollectionToObjectConverter
instanceKlass org/springframework/core/convert/support/StringToCollectionConverter
instanceKlass org/springframework/core/convert/support/ObjectToArrayConverter
instanceKlass org/springframework/core/convert/support/ArrayToObjectConverter
instanceKlass org/springframework/core/convert/support/StringToArrayConverter
instanceKlass org/springframework/core/convert/support/CollectionToStringConverter
instanceKlass org/springframework/core/convert/support/ArrayToStringConverter
instanceKlass org/springframework/core/convert/support/MapToMapConverter
instanceKlass org/springframework/core/convert/support/CollectionToCollectionConverter
instanceKlass org/springframework/core/convert/support/ArrayToArrayConverter
instanceKlass org/springframework/core/convert/support/CollectionToArrayConverter
instanceKlass org/springframework/core/convert/support/ArrayToCollectionConverter
instanceKlass org/springframework/core/convert/support/StringToPatternConverter
instanceKlass java/util/UUID
instanceKlass org/springframework/core/convert/support/StringToUUIDConverter
instanceKlass org/springframework/core/convert/support/PropertiesToStringConverter
instanceKlass org/springframework/core/convert/support/StringToPropertiesConverter
instanceKlass java/util/Currency
instanceKlass org/springframework/core/convert/support/StringToCurrencyConverter
instanceKlass org/springframework/core/convert/support/StringToCharsetConverter
instanceKlass org/springframework/core/convert/support/StringToLocaleConverter
instanceKlass org/springframework/core/convert/support/IntegerToEnumConverterFactory
instanceKlass sun/reflect/generics/tree/Wildcard
instanceKlass sun/reflect/generics/tree/BottomSignature
instanceKlass org/springframework/core/convert/support/AbstractConditionalEnumConverter
instanceKlass org/springframework/core/convert/support/StringToEnumConverterFactory
instanceKlass org/springframework/core/convert/support/StringToBooleanConverter
instanceKlass org/springframework/core/convert/support/CharacterToNumberFactory
instanceKlass org/springframework/core/convert/support/NumberToCharacterConverter
instanceKlass org/springframework/core/convert/support/StringToCharacterConverter
instanceKlass org/springframework/core/convert/support/GenericConversionService$ConverterAdapter
instanceKlass org/springframework/core/convert/support/ObjectToStringConverter
instanceKlass org/springframework/core/convert/support/StringToNumberConverterFactory
instanceKlass java/util/concurrent/ConcurrentLinkedDeque$Node
instanceKlass org/springframework/core/convert/support/GenericConversionService$ConvertersForPair
instanceKlass org/springframework/core/convert/converter/GenericConverter$ConvertiblePair
instanceKlass org/springframework/core/convert/support/GenericConversionService$ConverterFactoryAdapter
instanceKlass org/springframework/core/convert/converter/ConditionalGenericConverter
instanceKlass org/springframework/core/convert/support/NumberToNumberConverterFactory
instanceKlass org/springframework/core/convert/converter/ConditionalConverter
instanceKlass org/springframework/core/convert/support/GenericConversionService$Converters
instanceKlass org/springframework/core/convert/support/GenericConversionService$NoOpConverter
instanceKlass org/springframework/format/Formatter
instanceKlass org/springframework/core/convert/converter/ConverterFactory
instanceKlass org/springframework/core/convert/converter/Converter
instanceKlass org/springframework/format/Parser
instanceKlass org/springframework/format/Printer
instanceKlass org/springframework/core/convert/converter/GenericConverter
instanceKlass org/springframework/core/convert/support/GenericConversionService
instanceKlass org/springframework/context/EmbeddedValueResolverAware
instanceKlass org/springframework/format/FormatterRegistry
instanceKlass java/lang/ProcessEnvironment$CheckedEntry
instanceKlass java/lang/ProcessEnvironment$CheckedEntrySet$1
instanceKlass java/lang/ProcessEnvironment$EntryComparator
instanceKlass java/lang/ProcessEnvironment$NameComparator
instanceKlass javax/naming/spi/NamingManager
instanceKlass com/sun/naming/internal/VersionHelper$InputStreamEnumeration
instanceKlass javax/naming/NamingEnumeration
instanceKlass com/sun/naming/internal/VersionHelper
instanceKlass com/sun/naming/internal/ResourceManager
instanceKlass org/springframework/core/SpringProperties
instanceKlass org/springframework/jndi/JndiAccessor
instanceKlass org/springframework/core/env/AbstractPropertyResolver
instanceKlass org/springframework/boot/context/properties/source/ConfigurationPropertySources
instanceKlass org/springframework/core/env/MutablePropertySources
instanceKlass javax/naming/InitialContext
instanceKlass javax/naming/Context
instanceKlass org/springframework/core/env/AbstractEnvironment
instanceKlass org/springframework/web/context/ConfigurableWebEnvironment
instanceKlass org/springframework/boot/web/servlet/context/ServletWebServerApplicationContextFactory
instanceKlass org/springframework/boot/web/reactive/context/ReactiveWebServerApplicationContextFactory
instanceKlass org/springframework/core/env/CommandLineArgs
instanceKlass org/springframework/core/env/SimpleCommandLineArgsParser
instanceKlass org/springframework/boot/DefaultApplicationArguments
instanceKlass org/springframework/core/NativeDetector
instanceKlass java/util/logging/LogManager$CloseOnReset
instanceKlass org/springframework/boot/logging/AbstractLoggingSystem$LogLevels
instanceKlass org/springframework/boot/logging/LoggerConfigurationComparator
instanceKlass ch/qos/logback/classic/spi/LoggerContextListener
instanceKlass org/springframework/boot/logging/logback/LogbackConfigurator
instanceKlass org/springframework/boot/logging/LoggingSystemProperties
instanceKlass org/springframework/core/annotation/AnnotationUtils
instanceKlass org/springframework/core/annotation/ValueExtractor
instanceKlass java/lang/invoke/MethodHandle$1
instanceKlass org/springframework/core/annotation/AliasFor
instanceKlass org/springframework/core/annotation/AnnotationTypeMapping$MirrorSets
instanceKlass org/springframework/core/annotation/AnnotationTypeMapping$MirrorSets$MirrorSet
instanceKlass org/springframework/core/annotation/AnnotationTypeMapping
instanceKlass org/springframework/core/annotation/AnnotationTypeMappings$Cache
instanceKlass org/springframework/core/annotation/AnnotationTypeMappings
instanceKlass org/springframework/core/annotation/AttributeMethods
instanceKlass org/springframework/boot/logging/java/JavaLoggingSystem$Factory
instanceKlass org/springframework/boot/logging/log4j2/Log4J2LoggingSystem$Factory
instanceKlass org/springframework/beans/factory/aot/BeanFactoryInitializationAotProcessor
instanceKlass org/springframework/boot/logging/logback/LogbackLoggingSystem$Factory
instanceKlass org/springframework/boot/logging/DelegatingLoggingSystemFactory
instanceKlass org/springframework/boot/logging/LoggingSystemFactory
instanceKlass org/springframework/boot/logging/LoggingSystem
instanceKlass org/springframework/aop/SpringProxy
instanceKlass org/springframework/aop/support/AopUtils
instanceKlass org/springframework/context/event/GenericApplicationListenerAdapter
instanceKlass org/springframework/context/event/AbstractApplicationEventMulticaster$CachedListenerRetriever
instanceKlass org/springframework/context/event/AbstractApplicationEventMulticaster$ListenerCacheKey
instanceKlass org/springframework/core/ResolvableTypeProvider
instanceKlass org/springframework/boot/SpringApplicationRunListeners
instanceKlass com/alibaba/cloud/nacos/logging/NacosLoggingAppRunListener
instanceKlass java/util/stream/Nodes$ArrayNode
instanceKlass org/springframework/util/ErrorHandler
instanceKlass org/springframework/boot/availability/AvailabilityState
instanceKlass org/springframework/boot/context/event/EventPublishingRunListener
instanceKlass org/springframework/boot/SpringApplicationRunListener
instanceKlass org/springframework/core/io/support/SpringFactoriesLoader$ArgumentResolver$1
instanceKlass org/springframework/core/io/support/SpringFactoriesLoader$ArgumentResolver
instanceKlass org/springframework/boot/context/properties/bind/BindHandler
instanceKlass org/springframework/core/env/PropertySources
instanceKlass org/springframework/cloud/bootstrap/encrypt/TextEncryptorUtils
instanceKlass org/springframework/cloud/bootstrap/encrypt/RsaProperties
instanceKlass org/springframework/boot/BootstrapRegistry$InstanceSupplier
instanceKlass org/springframework/cloud/bootstrap/encrypt/KeyProperties
instanceKlass org/springframework/aop/framework/Advised
instanceKlass org/springframework/aop/TargetClassAware
instanceKlass org/springframework/aop/framework/AopProxyUtils
instanceKlass org/springframework/context/event/AbstractApplicationEventMulticaster$DefaultListenerRetriever
instanceKlass org/springframework/context/event/AbstractApplicationEventMulticaster
instanceKlass org/springframework/beans/factory/BeanFactoryAware
instanceKlass org/springframework/beans/factory/BeanClassLoaderAware
instanceKlass org/springframework/context/event/ApplicationEventMulticaster
instanceKlass org/springframework/boot/DefaultBootstrapContext
instanceKlass org/springframework/boot/SpringApplication$Startup
instanceKlass java/lang/StackStreamFactory$FrameBuffer
instanceKlass java/lang/StackStreamFactory$1
instanceKlass java/lang/StackStreamFactory
instanceKlass org/springframework/cloud/context/restart/RestartListener
instanceKlass org/springframework/cloud/bootstrap/LoggingSystemShutdownListener
instanceKlass org/springframework/boot/origin/OriginLookup
instanceKlass org/springframework/cloud/bootstrap/BootstrapApplicationListener
instanceKlass java/util/concurrent/CountDownLatch
instanceKlass org/springframework/boot/autoconfigure/BackgroundPreinitializer
instanceKlass org/springframework/boot/logging/DeferredLog$Lines
instanceKlass org/springframework/boot/logging/DeferredLogs
instanceKlass org/springframework/boot/env/EnvironmentPostProcessorsFactory
instanceKlass org/springframework/boot/logging/DeferredLogFactory
instanceKlass org/springframework/boot/env/EnvironmentPostProcessorApplicationListener
instanceKlass org/springframework/util/MultiValueMapAdapter
instanceKlass org/springframework/core/ResolvableType$DefaultVariableResolver
instanceKlass org/springframework/core/ResolvableType$TypeVariablesVariableResolver
instanceKlass org/springframework/core/ResolvableType$SyntheticParameterizedType
instanceKlass org/springframework/core/SerializableTypeWrapper$SerializableTypeProxy
instanceKlass java/lang/reflect/WildcardType
instanceKlass org/springframework/core/SerializableTypeWrapper
instanceKlass org/springframework/core/ResolvableType$EmptyType
instanceKlass org/springframework/core/ResolvableType$VariableResolver
instanceKlass org/springframework/core/SerializableTypeWrapper$TypeProvider
instanceKlass org/springframework/core/ResolvableType
instanceKlass org/springframework/boot/context/properties/bind/Bindable
instanceKlass org/springframework/boot/context/properties/source/ConfigurationPropertyName$ElementsParser
instanceKlass org/springframework/boot/context/properties/source/ConfigurationPropertyName$Elements
instanceKlass org/springframework/boot/context/properties/source/ConfigurationPropertyName
instanceKlass org/springframework/boot/context/logging/LoggingApplicationListener
instanceKlass org/springframework/context/event/GenericApplicationListener
instanceKlass org/springframework/context/event/SmartApplicationListener
instanceKlass org/springframework/boot/context/config/DelegatingApplicationListener
instanceKlass org/springframework/boot/context/config/AnsiOutputApplicationListener
instanceKlass org/springframework/boot/context/FileEncodingApplicationListener
instanceKlass org/springframework/boot/builder/ParentContextCloserApplicationListener
instanceKlass org/springframework/boot/ClearCachesApplicationListener
instanceKlass org/springframework/boot/logging/LogLevel$LogMethod
instanceKlass org/springframework/boot/autoconfigure/logging/ConditionEvaluationReportLoggingListener
instanceKlass org/springframework/boot/autoconfigure/SharedMetadataReaderFactoryContextInitializer
instanceKlass org/springframework/beans/factory/aot/BeanRegistrationExcludeFilter
instanceKlass org/springframework/boot/web/context/ServerPortInfoApplicationContextInitializer
instanceKlass org/springframework/boot/rsocket/context/RSocketPortInfoApplicationContextInitializer
instanceKlass org/springframework/boot/context/config/DelegatingApplicationContextInitializer
instanceKlass org/springframework/boot/context/ContextIdApplicationContextInitializer
instanceKlass org/springframework/boot/context/ConfigurationWarningsApplicationContextInitializer
instanceKlass org/springframework/context/ApplicationContextInitializer
instanceKlass org/springframework/core/DecoratingProxy
instanceKlass org/springframework/util/ObjectUtils
instanceKlass org/springframework/core/annotation/AbstractMergedAnnotation
instanceKlass java/lang/FunctionalInterface
instanceKlass org/springframework/core/annotation/AnnotationsScanner$1
instanceKlass org/springframework/core/annotation/MergedAnnotationSelectors$FirstDirectlyDeclared
instanceKlass org/springframework/core/annotation/MergedAnnotationSelectors$Nearest
instanceKlass org/springframework/core/annotation/MergedAnnotationSelector
instanceKlass org/springframework/core/annotation/MergedAnnotationSelectors
instanceKlass org/springframework/core/annotation/MergedAnnotation
instanceKlass org/springframework/core/annotation/TypeMappedAnnotations$MergedAnnotationFinder
instanceKlass org/springframework/core/annotation/Order
instanceKlass org/springframework/core/annotation/OrderUtils
instanceKlass org/springframework/core/annotation/AnnotationsScanner
instanceKlass org/springframework/core/annotation/AnnotationsProcessor
instanceKlass org/springframework/core/annotation/TypeMappedAnnotations
instanceKlass org/springframework/core/annotation/MergedAnnotations$Search
instanceKlass org/springframework/core/annotation/AnnotationFilter$2
instanceKlass org/springframework/core/annotation/AnnotationFilter$1
instanceKlass org/springframework/core/annotation/PackagesAnnotationFilter
instanceKlass org/springframework/core/annotation/AnnotationFilter
instanceKlass org/springframework/core/annotation/RepeatableContainers
instanceKlass org/springframework/core/annotation/MergedAnnotations
instanceKlass org/springframework/core/PriorityOrdered
instanceKlass org/springframework/core/Ordered
instanceKlass org/springframework/security/rsa/crypto/RsaSecretEncryptor
instanceKlass org/springframework/security/rsa/crypto/RsaKeyHolder
instanceKlass org/springframework/security/crypto/encrypt/TextEncryptor
instanceKlass org/springframework/security/crypto/encrypt/BytesEncryptor
instanceKlass org/springframework/cloud/bootstrap/TextEncryptorConfigBootstrapper
instanceKlass org/springframework/util/ReflectionUtils$FieldFilter
instanceKlass org/springframework/util/ReflectionUtils$MethodFilter
instanceKlass org/springframework/util/ReflectionUtils
instanceKlass org/springframework/core/KotlinDetector
instanceKlass org/springframework/core/io/support/SpringFactoriesLoader$FactoryInstantiator
instanceKlass org/springframework/cloud/bootstrap/RefreshBootstrapRegistryInitializer
instanceKlass org/springframework/core/log/LogMessage
instanceKlass java/util/ImmutableCollections$Access$1
instanceKlass jdk/internal/access/JavaUtilCollectionAccess
instanceKlass java/util/ImmutableCollections$Access
instanceKlass java/util/stream/DistinctOps
instanceKlass java/net/URLEncoder
instanceKlass java/net/URLDecoder
instanceKlass org/springframework/util/MultiValueMap
instanceKlass org/springframework/util/CollectionUtils
instanceKlass org/springframework/util/ResourceUtils
instanceKlass org/springframework/util/PropertiesPersister
instanceKlass org/springframework/core/io/support/PropertiesLoaderUtils
instanceKlass org/springframework/core/io/AbstractResource
instanceKlass org/springframework/util/ConcurrentReferenceHashMap$Entry
instanceKlass org/springframework/util/ConcurrentReferenceHashMap$Entries
instanceKlass org/springframework/util/StringUtils
instanceKlass org/springframework/core/io/support/SpringFactoriesLoader$FailureHandler
instanceKlass org/springframework/core/io/Resource
instanceKlass org/springframework/core/io/InputStreamSource
instanceKlass org/springframework/core/io/support/SpringFactoriesLoader
instanceKlass org/springframework/boot/BootstrapRegistryInitializer
instanceKlass org/springframework/web/context/ConfigurableWebApplicationContext
instanceKlass org/springframework/web/context/WebApplicationContext
instanceKlass jakarta/servlet/GenericServlet
instanceKlass jakarta/servlet/ServletConfig
instanceKlass jakarta/servlet/Servlet
instanceKlass org/springframework/context/EnvironmentAware
instanceKlass org/springframework/web/reactive/DispatcherHandler
instanceKlass org/springframework/context/ApplicationContextAware
instanceKlass org/springframework/beans/factory/Aware
instanceKlass org/springframework/web/cors/reactive/PreFlightRequestHandler
instanceKlass org/springframework/web/server/WebHandler
instanceKlass java/util/IdentityHashMap$EntryIterator$Entry
instanceKlass java/util/IdentityHashMap$IdentityHashMapIterator
instanceKlass org/springframework/util/ConcurrentReferenceHashMap$Reference
instanceKlass org/springframework/util/ConcurrentReferenceHashMap$ReferenceManager
instanceKlass org/springframework/util/ConcurrentReferenceHashMap$Task
instanceKlass org/springframework/util/ClassUtils
instanceKlass org/springframework/util/Assert
instanceKlass org/springframework/core/metrics/DefaultApplicationStartup$DefaultStartupStep$DefaultTags
instanceKlass org/springframework/core/metrics/StartupStep$Tags
instanceKlass org/springframework/core/metrics/DefaultApplicationStartup$DefaultStartupStep
instanceKlass org/springframework/core/metrics/StartupStep
instanceKlass org/springframework/core/metrics/DefaultApplicationStartup
instanceKlass org/springframework/core/metrics/ApplicationStartup
instanceKlass org/springframework/context/ConfigurableApplicationContext
instanceKlass org/springframework/context/Lifecycle
instanceKlass org/springframework/boot/DefaultApplicationContextFactory
instanceKlass org/springframework/boot/ApplicationContextFactory
instanceKlass org/springframework/boot/SpringApplicationShutdownHook$ApplicationContextClosedListener
instanceKlass org/springframework/boot/SpringApplicationShutdownHook$Handlers
instanceKlass org/springframework/boot/SpringApplicationShutdownHandlers
instanceKlass org/springframework/boot/SpringApplicationShutdownHook
instanceKlass org/apache/commons/logging/LogAdapter$Slf4jLog
instanceKlass ch/qos/logback/classic/util/LoggerNameUtil
instanceKlass ch/qos/logback/classic/util/LogbackMDCAdapter
instanceKlass ch/qos/logback/core/util/StatusPrinter
instanceKlass ch/qos/logback/core/status/StatusUtil
instanceKlass ch/qos/logback/core/spi/AppenderAttachableImpl
instanceKlass ch/qos/logback/core/pattern/Converter
instanceKlass java/util/concurrent/atomic/AtomicReference
instanceKlass ch/qos/logback/core/util/CachingDateFormatter$CacheTuple
instanceKlass java/time/Period
instanceKlass java/time/chrono/ChronoPeriod
instanceKlass java/time/format/DateTimeFormatterBuilder$TextPrinterParser
instanceKlass java/time/format/DateTimeTextProvider$1
instanceKlass java/time/format/DateTimeTextProvider
instanceKlass java/time/format/DateTimeTextProvider$LocaleStore
instanceKlass java/time/format/DateTimeFormatterBuilder$InstantPrinterParser
instanceKlass java/time/format/DateTimeFormatterBuilder$StringLiteralPrinterParser
instanceKlass java/time/format/DateTimeFormatterBuilder$ZoneIdPrinterParser
instanceKlass java/time/format/DateTimeFormatterBuilder$OffsetIdPrinterParser
instanceKlass java/time/format/DecimalStyle
instanceKlass java/time/format/DateTimeFormatterBuilder$CompositePrinterParser
instanceKlass java/time/format/DateTimeFormatterBuilder$CharLiteralPrinterParser
instanceKlass java/time/format/DateTimeFormatterBuilder$NumberPrinterParser
instanceKlass java/time/format/DateTimeFormatterBuilder$DateTimePrinterParser
instanceKlass java/time/temporal/JulianFields
instanceKlass java/time/temporal/IsoFields
instanceKlass java/lang/Character$CharacterCache
instanceKlass java/time/temporal/TemporalQuery
instanceKlass java/time/format/DateTimeFormatterBuilder
instanceKlass java/time/format/DateTimeFormatter
instanceKlass java/time/chrono/AbstractChronology
instanceKlass java/time/chrono/Chronology
instanceKlass java/time/LocalTime
instanceKlass java/time/temporal/ValueRange
instanceKlass java/time/temporal/TemporalUnit
instanceKlass java/time/temporal/TemporalField
instanceKlass java/time/LocalDate
instanceKlass java/time/chrono/ChronoLocalDate
instanceKlass java/time/zone/ZoneOffsetTransition
instanceKlass java/time/LocalDateTime
instanceKlass java/time/chrono/ChronoLocalDateTime
instanceKlass java/time/temporal/TemporalAdjuster
instanceKlass java/time/temporal/Temporal
instanceKlass java/time/zone/ZoneOffsetTransitionRule
instanceKlass java/time/zone/ZoneRules
instanceKlass java/time/zone/Ser
instanceKlass java/time/zone/ZoneRulesProvider$1
instanceKlass java/time/zone/ZoneRulesProvider
instanceKlass sun/util/calendar/ZoneInfoFile$ZoneOffsetTransitionRule
instanceKlass sun/util/calendar/ZoneInfoFile$1
instanceKlass sun/util/calendar/ZoneInfoFile
instanceKlass java/util/TimeZone
instanceKlass java/time/ZoneId
instanceKlass java/time/temporal/TemporalAccessor
instanceKlass ch/qos/logback/core/util/CachingDateFormatter
instanceKlass ch/qos/logback/core/util/COWArrayList
instanceKlass ch/qos/logback/core/spi/FilterAttachableImpl
instanceKlass ch/qos/logback/core/Appender
instanceKlass ch/qos/logback/core/spi/FilterAttachable
instanceKlass ch/qos/logback/core/encoder/Encoder
instanceKlass ch/qos/logback/core/Layout
instanceKlass ch/qos/logback/core/spi/ContextAwareBase
instanceKlass ch/qos/logback/classic/util/ClassicEnvUtil
instanceKlass ch/qos/logback/core/status/StatusListener
instanceKlass ch/qos/logback/core/util/StatusListenerConfigHelper
instanceKlass ch/qos/logback/core/status/StatusBase
instanceKlass ch/qos/logback/core/util/EnvUtil
instanceKlass java/security/PermissionsEnumerator
instanceKlass java/io/FilePermissionCollection$1
instanceKlass java/util/PropertyPermissionCollection$1
instanceKlass sun/security/provider/PolicyFile$8
instanceKlass sun/security/provider/PolicyFile$6
instanceKlass sun/security/util/PolicyUtil
instanceKlass sun/security/provider/PolicyFile$4
instanceKlass java/net/HostPortrange
instanceKlass java/net/URLPermission$Authority
instanceKlass sun/security/provider/PolicyFile$PolicyEntry
instanceKlass java/util/Vector$1
instanceKlass sun/security/util/PropertyExpander
instanceKlass sun/security/provider/PolicyParser$PermissionEntry
instanceKlass sun/security/provider/PolicyParser$GrantEntry
instanceKlass sun/nio/ch/IOStatus
instanceKlass java/io/StreamTokenizer
instanceKlass sun/security/provider/PolicyParser
instanceKlass java/nio/channels/Channels
instanceKlass sun/nio/ch/FileChannelImpl$Closer
instanceKlass sun/nio/ch/NativeThreadSet
instanceKlass sun/nio/fs/WindowsChannelFactory$Flags
instanceKlass sun/nio/fs/WindowsChannelFactory$1
instanceKlass sun/nio/fs/WindowsChannelFactory
instanceKlass sun/nio/fs/WindowsSecurityDescriptor
instanceKlass sun/security/provider/PolicyFile$2
instanceKlass java/security/ProtectionDomain$JavaSecurityAccessImpl$1
instanceKlass jdk/internal/access/JavaSecurityAccess$ProtectionDomainCache
instanceKlass sun/security/provider/PolicyFile$PolicyInfo
instanceKlass sun/security/provider/PolicyFile$1
instanceKlass java/security/Policy$1
instanceKlass java/security/Policy$PolicyInfo
instanceKlass java/security/Policy
instanceKlass ch/qos/logback/core/util/Loader$1
instanceKlass ch/qos/logback/core/util/OptionHelper
instanceKlass ch/qos/logback/core/util/Loader
instanceKlass ch/qos/logback/classic/spi/Configurator
instanceKlass ch/qos/logback/core/spi/ContextAwareImpl
instanceKlass ch/qos/logback/classic/util/ContextInitializer$1
instanceKlass ch/qos/logback/core/spi/ContextAware
instanceKlass ch/qos/logback/classic/util/ContextInitializer
instanceKlass ch/qos/logback/classic/Level
instanceKlass ch/qos/logback/classic/spi/ILoggingEvent
instanceKlass ch/qos/logback/core/spi/DeferredProcessingAware
instanceKlass org/slf4j/spi/LoggingEventBuilder
instanceKlass ch/qos/logback/classic/Logger
instanceKlass ch/qos/logback/core/spi/AppenderAttachable
instanceKlass org/slf4j/spi/LoggingEventAware
instanceKlass ch/qos/logback/classic/spi/LoggerContextVO
instanceKlass ch/qos/logback/core/spi/LogbackLock
instanceKlass ch/qos/logback/core/helpers/CyclicBuffer
instanceKlass ch/qos/logback/core/BasicStatusManager
instanceKlass ch/qos/logback/core/status/Status
instanceKlass ch/qos/logback/core/status/StatusManager
instanceKlass ch/qos/logback/core/ContextBase
instanceKlass ch/qos/logback/core/spi/LifeCycle
instanceKlass ch/qos/logback/core/Context
instanceKlass ch/qos/logback/core/spi/PropertyContainer
instanceKlass ch/qos/logback/classic/spi/LogbackServiceProvider
instanceKlass sun/net/www/MessageHeader
instanceKlass sun/net/www/protocol/jar/JarFileFactory
instanceKlass sun/net/www/protocol/jar/URLJarFile$URLJarFileCloseController
instanceKlass java/net/URLConnection
instanceKlass org/slf4j/helpers/Util
instanceKlass org/slf4j/helpers/NOPMDCAdapter
instanceKlass org/slf4j/helpers/NOPLoggerFactory
instanceKlass org/slf4j/helpers/NOP_FallbackServiceProvider
instanceKlass org/slf4j/helpers/ThreadLocalMapOfStacks
instanceKlass org/slf4j/helpers/BasicMDCAdapter
instanceKlass org/slf4j/Marker
instanceKlass org/slf4j/helpers/BasicMarkerFactory
instanceKlass java/util/concurrent/LinkedBlockingQueue$Node
instanceKlass org/slf4j/helpers/SubstituteLoggerFactory
instanceKlass org/slf4j/ILoggerFactory
instanceKlass org/slf4j/spi/MDCAdapter
instanceKlass org/slf4j/IMarkerFactory
instanceKlass org/slf4j/helpers/SubstituteServiceProvider
instanceKlass org/slf4j/event/LoggingEvent
instanceKlass org/slf4j/spi/SLF4JServiceProvider
instanceKlass org/slf4j/LoggerFactory
instanceKlass org/apache/commons/logging/Log
instanceKlass org/apache/commons/logging/LogAdapter$Slf4jAdapter
instanceKlass org/slf4j/spi/LocationAwareLogger
instanceKlass org/slf4j/Logger
instanceKlass org/apache/logging/log4j/spi/Provider
instanceKlass org/apache/logging/log4j/spi/ExtendedLogger
instanceKlass org/apache/logging/log4j/Logger
instanceKlass org/apache/commons/logging/LogAdapter
instanceKlass org/apache/commons/logging/LogFactory
instanceKlass org/springframework/context/ApplicationContext
instanceKlass org/springframework/core/io/support/ResourcePatternResolver
instanceKlass org/springframework/context/ApplicationEventPublisher
instanceKlass org/springframework/context/MessageSource
instanceKlass org/springframework/beans/factory/ListableBeanFactory
instanceKlass org/springframework/core/env/EnvironmentCapable
instanceKlass org/springframework/context/ApplicationListener
instanceKlass org/springframework/beans/factory/config/BeanFactoryPostProcessor
instanceKlass org/springframework/core/io/ResourceLoader
instanceKlass org/springframework/core/OrderComparator$OrderSourceProvider
instanceKlass org/springframework/beans/factory/config/ConfigurableBeanFactory
instanceKlass org/springframework/beans/factory/config/SingletonBeanRegistry
instanceKlass org/springframework/beans/factory/HierarchicalBeanFactory
instanceKlass org/springframework/beans/factory/BeanFactory
instanceKlass org/springframework/core/env/PropertySource
instanceKlass org/springframework/core/env/ConfigurableEnvironment
instanceKlass org/springframework/core/env/ConfigurablePropertyResolver
instanceKlass org/springframework/core/env/Environment
instanceKlass org/springframework/core/env/PropertyResolver
instanceKlass org/springframework/core/convert/support/ConfigurableConversionService
instanceKlass org/springframework/core/convert/converter/ConverterRegistry
instanceKlass org/springframework/core/convert/ConversionService
instanceKlass org/springframework/core/OrderComparator
instanceKlass org/springframework/boot/ApplicationArguments
instanceKlass org/springframework/boot/ConfigurableBootstrapContext
instanceKlass org/springframework/boot/BootstrapContext
instanceKlass org/springframework/boot/BootstrapRegistry
instanceKlass org/springframework/boot/SpringApplication
instanceKlass org/springframework/http/client/support/HttpAccessor
instanceKlass org/springframework/web/client/RestOperations
instanceKlass com/daijia/ServiceMapApplication
instanceKlass sun/launcher/LauncherHelper
instanceKlass jdk/internal/vm/PostVMInitHook$1
instanceKlass jdk/internal/util/EnvUtils
instanceKlass jdk/internal/vm/PostVMInitHook$2
instanceKlass jdk/internal/vm/PostVMInitHook
instanceKlass sun/management/counter/Units
instanceKlass jdk/internal/agent/ConnectorAddressLink
instanceKlass java/io/SerialCallbackContext
instanceKlass java/io/ObjectStreamClass$ClassDataSlot
instanceKlass java/io/ObjectStreamClass$FieldReflector
instanceKlass java/io/ObjectStreamClass$FieldReflectorKey
instanceKlass java/io/ObjectInput
instanceKlass java/io/ObjectStreamClass$2
instanceKlass java/io/ClassCache
instanceKlass java/io/ObjectStreamClass$Caches
instanceKlass java/io/ObjectStreamClass
instanceKlass java/io/Bits
instanceKlass java/io/ObjectOutputStream$ReplaceTable
instanceKlass java/io/ObjectOutputStream$HandleTable
instanceKlass java/io/ObjectStreamConstants
instanceKlass java/io/ObjectOutput
instanceKlass sun/rmi/server/UnicastServerRef$HashToMethod_Maps$1
instanceKlass sun/rmi/server/WeakClassHashMap$ValueCell
instanceKlass sun/rmi/transport/tcp/TCPTransport$AcceptLoop
instanceKlass sun/rmi/runtime/NewThreadAction$2
instanceKlass sun/rmi/runtime/NewThreadAction$1
instanceKlass sun/rmi/runtime/NewThreadAction
instanceKlass java/util/LinkedList$ListItr
instanceKlass java/net/Inet4AddressImpl
instanceKlass java/net/ServerSocket
instanceKlass sun/rmi/transport/ObjectEndpoint
instanceKlass sun/rmi/transport/DGCImpl$2$1
instanceKlass java/net/SocketPermissionCollection$1
instanceKlass sun/rmi/transport/DGCImpl_Skel
instanceKlass java/rmi/server/Skeleton
instanceKlass java/rmi/server/Operation
instanceKlass java/io/ObjectInputFilter$FilterInfo
instanceKlass sun/rmi/transport/DGCImpl$2
instanceKlass java/util/concurrent/RunnableScheduledFuture
instanceKlass java/util/concurrent/ScheduledFuture
instanceKlass java/util/concurrent/Delayed
instanceKlass java/util/concurrent/RunnableFuture
instanceKlass java/util/concurrent/Future
instanceKlass sun/rmi/runtime/RuntimeUtil$1
instanceKlass java/util/concurrent/ScheduledExecutorService
instanceKlass sun/rmi/runtime/RuntimeUtil
instanceKlass sun/rmi/runtime/RuntimeUtil$GetInstanceAction
instanceKlass sun/rmi/transport/DGCImpl
instanceKlass java/rmi/dgc/DGC
instanceKlass sun/rmi/transport/ObjectTable
instanceKlass sun/rmi/transport/Target
instanceKlass javax/management/remote/rmi/RMIConnection
instanceKlass java/rmi/server/RemoteObject
instanceKlass java/rmi/server/RMISocketFactory
instanceKlass java/rmi/server/RMIClientSocketFactory
instanceKlass java/util/concurrent/locks/AbstractQueuedSynchronizer$ConditionObject
instanceKlass java/util/concurrent/locks/Condition
instanceKlass sun/rmi/transport/tcp/TCPTransport$1
instanceKlass java/util/concurrent/SynchronousQueue$TransferStack$SNode
instanceKlass java/util/concurrent/ForkJoinPool$ManagedBlocker
instanceKlass java/util/concurrent/SynchronousQueue$Transferer
instanceKlass java/util/concurrent/BlockingQueue
instanceKlass java/util/concurrent/ThreadPoolExecutor$AbortPolicy
instanceKlass java/util/concurrent/RejectedExecutionHandler
instanceKlass java/util/concurrent/AbstractExecutorService
instanceKlass java/util/concurrent/ExecutorService
instanceKlass sun/rmi/transport/Transport
instanceKlass java/net/InetAddress$CachedLocalHost
instanceKlass sun/rmi/transport/tcp/TCPEndpoint
instanceKlass sun/rmi/transport/Endpoint
instanceKlass sun/security/provider/AbstractDrbg$NonceProvider
instanceKlass sun/nio/fs/BasicFileAttributesHolder
instanceKlass sun/nio/fs/WindowsDirectoryStream$WindowsDirectoryIterator
instanceKlass sun/nio/fs/WindowsDirectoryStream
instanceKlass java/nio/file/DirectoryStream
instanceKlass java/nio/file/Files$AcceptAllFilter
instanceKlass java/nio/file/DirectoryStream$Filter
instanceKlass java/net/NetworkInterface$1
instanceKlass java/net/DefaultInterface
instanceKlass java/net/InterfaceAddress
instanceKlass java/net/NetworkInterface
instanceKlass java/lang/constant/DynamicConstantDesc
instanceKlass java/lang/constant/DirectMethodHandleDesc$1
instanceKlass java/lang/constant/DirectMethodHandleDescImpl$1
instanceKlass java/lang/constant/DirectMethodHandleDescImpl
instanceKlass java/lang/constant/DirectMethodHandleDesc
instanceKlass java/lang/constant/MethodHandleDesc$1
instanceKlass java/lang/constant/MethodHandleDesc
instanceKlass java/lang/constant/MethodTypeDescImpl
instanceKlass java/lang/constant/MethodTypeDesc
instanceKlass java/lang/constant/ReferenceClassDescImpl
instanceKlass java/lang/constant/ConstantUtils
instanceKlass java/lang/constant/ClassDesc
instanceKlass java/lang/constant/ConstantDescs
instanceKlass java/lang/invoke/VarHandle$2
instanceKlass java/lang/invoke/VarHandle$TypesAndInvokers
instanceKlass java/lang/invoke/VarHandleByteArrayBase
instanceKlass sun/security/provider/ByteArrayAccess$BE
instanceKlass sun/security/provider/ByteArrayAccess
instanceKlass sun/security/provider/SeedGenerator$1
instanceKlass sun/security/util/MessageDigestSpi2
instanceKlass sun/security/jca/GetInstance$Instance
instanceKlass sun/security/jca/GetInstance
instanceKlass java/security/MessageDigestSpi
instanceKlass sun/security/provider/SeedGenerator
instanceKlass sun/security/provider/AbstractDrbg$SeederHolder
instanceKlass java/security/DrbgParameters$NextBytes
instanceKlass sun/security/provider/EntropySource
instanceKlass sun/security/provider/AbstractDrbg
instanceKlass java/security/DrbgParameters$Instantiation
instanceKlass java/security/DrbgParameters
instanceKlass sun/security/provider/MoreDrbgParameters
instanceKlass java/security/SecureRandomSpi
instanceKlass java/security/SecureRandomParameters
instanceKlass jdk/internal/event/Event
instanceKlass sun/security/util/SecurityProviderConstants
instanceKlass java/security/Provider$UString
instanceKlass java/security/Provider$Service
instanceKlass sun/security/provider/NativePRNG$NonBlocking
instanceKlass sun/security/provider/NativePRNG$Blocking
instanceKlass sun/security/provider/NativePRNG
instanceKlass sun/security/provider/SunEntries$1
instanceKlass sun/security/provider/SunEntries
instanceKlass java/util/AbstractList$Itr
instanceKlass sun/security/jca/ProviderList$2
instanceKlass jdk/internal/math/FloatingDecimal$ASCIIToBinaryBuffer
instanceKlass jdk/internal/math/FloatingDecimal$PreparedASCIIToBinaryBuffer
instanceKlass jdk/internal/math/FloatingDecimal$ASCIIToBinaryConverter
instanceKlass jdk/internal/math/FloatingDecimal$BinaryToASCIIBuffer
instanceKlass jdk/internal/math/FloatingDecimal$ExceptionalBinaryToASCIIBuffer
instanceKlass jdk/internal/math/FloatingDecimal$BinaryToASCIIConverter
instanceKlass jdk/internal/math/FloatingDecimal
instanceKlass java/security/Provider$EngineDescription
instanceKlass java/security/Provider$ServiceKey
instanceKlass sun/security/jca/ProviderConfig
instanceKlass sun/security/jca/ProviderList
instanceKlass sun/security/jca/Providers
instanceKlass java/rmi/server/UID
instanceKlass java/rmi/server/ObjID
instanceKlass sun/rmi/transport/LiveRef
instanceKlass sun/rmi/server/WeakClassHashMap
instanceKlass java/util/logging/StreamHandler$1
instanceKlass java/util/logging/Handler$1
instanceKlass java/util/logging/ErrorManager
instanceKlass jdk/internal/logger/SimpleConsoleLogger$Formatting
instanceKlass java/util/logging/Formatter
instanceKlass sun/rmi/runtime/Log$LoggerLog$1
instanceKlass java/util/logging/Logger$SystemLoggerHelper$1
instanceKlass java/util/logging/Logger$SystemLoggerHelper
instanceKlass sun/rmi/runtime/Log$LoggerLogFactory
instanceKlass sun/rmi/runtime/Log$LogFactory
instanceKlass sun/rmi/runtime/Log
instanceKlass sun/rmi/server/Util
instanceKlass sun/rmi/server/UnicastRef
instanceKlass sun/rmi/server/Dispatcher
instanceKlass java/rmi/server/ServerRef
instanceKlass java/rmi/server/RemoteRef
instanceKlass java/io/Externalizable
instanceKlass java/io/ObjectInputFilter$Config$Global
instanceKlass jdk/internal/access/JavaObjectInputFilterAccess
instanceKlass java/io/ObjectInputFilter$Config$BuiltinFilterFactory
instanceKlass java/io/ObjectInputFilter
instanceKlass java/util/concurrent/atomic/AtomicBoolean
instanceKlass java/io/ObjectInputFilter$Config
instanceKlass javax/management/remote/rmi/RMIServerImpl
instanceKlass javax/management/remote/rmi/RMIServer
instanceKlass java/rmi/Remote
instanceKlass com/sun/jmx/remote/protocol/rmi/ServerProvider
instanceKlass javax/management/remote/JMXConnectorFactory$ProviderFinder
instanceKlass java/util/ServiceLoader$ProviderSpliterator
instanceKlass javax/management/remote/JMXConnectorProvider
instanceKlass javax/management/remote/JMXAddressable
instanceKlass javax/management/remote/JMXConnectorServerMBean
instanceKlass javax/management/remote/JMXConnectorFactory$ConnectorFactory
instanceKlass javax/management/remote/JMXConnectorFactory$1
instanceKlass javax/management/remote/JMXConnectorFactory
instanceKlass javax/management/remote/JMXConnectorServerProvider
instanceKlass com/sun/jmx/remote/util/EnvHelp
instanceKlass javax/management/remote/JMXConnectorServerFactory
instanceKlass sun/management/jmxremote/LocalRMIServerSocketFactory
instanceKlass java/rmi/server/RMIServerSocketFactory
instanceKlass java/util/StringTokenizer
instanceKlass java/util/BitSet
instanceKlass javax/management/remote/JMXServiceURL
instanceKlass java/time/Duration
instanceKlass java/time/temporal/TemporalAmount
instanceKlass jdk/management/jfr/FlightRecorderMXBeanImpl$MXBeanListener
instanceKlass jdk/jfr/FlightRecorderListener
instanceKlass jdk/jfr/FlightRecorder
instanceKlass jdk/jfr/Recording
instanceKlass javax/management/NotificationFilter
instanceKlass javax/management/NotificationListener
instanceKlass java/util/EventListener
instanceKlass javax/management/StandardMBean$MBeanInfoSafeAction
instanceKlass jdk/jfr/internal/management/StreamManager
instanceKlass jdk/management/jfr/EventTypeInfo
instanceKlass jdk/management/jfr/ConfigurationInfo
instanceKlass jdk/management/jfr/RecordingInfo
instanceKlass sun/reflect/generics/tree/VoidDescriptor
instanceKlass sun/reflect/generics/tree/LongSignature
instanceKlass jdk/management/jfr/SettingDescriptorInfo$1
instanceKlass jdk/management/jfr/SettingDescriptorInfo
instanceKlass sun/management/ManagementFactoryHelper$1
instanceKlass java/lang/management/BufferPoolMXBean
instanceKlass sun/nio/ch/FileChannelImpl$2
instanceKlass sun/nio/ch/FileChannelImpl$1
instanceKlass java/nio/file/attribute/FileAttribute
instanceKlass java/nio/channels/spi/AbstractInterruptibleChannel
instanceKlass java/nio/channels/InterruptibleChannel
instanceKlass java/nio/channels/ScatteringByteChannel
instanceKlass java/nio/channels/GatheringByteChannel
instanceKlass java/nio/channels/SeekableByteChannel
instanceKlass java/nio/channels/ByteChannel
instanceKlass java/nio/channels/WritableByteChannel
instanceKlass java/nio/channels/ReadableByteChannel
instanceKlass java/nio/channels/Channel
instanceKlass jdk/internal/misc/VM$BufferPoolsHolder
instanceKlass com/sun/management/VMOption
instanceKlass com/sun/management/internal/HotSpotDiagnostic
instanceKlass com/sun/management/HotSpotDiagnosticMXBean
instanceKlass com/sun/management/GcInfo
instanceKlass javax/management/openmbean/CompositeDataView
instanceKlass jdk/internal/reflect/ClassDefiner$1
instanceKlass jdk/internal/reflect/ClassDefiner
instanceKlass jdk/internal/reflect/MethodAccessorGenerator$1
instanceKlass jdk/internal/reflect/Label$PatchInfo
instanceKlass jdk/internal/reflect/Label
instanceKlass jdk/internal/reflect/UTF8
instanceKlass jdk/internal/reflect/ClassFileAssembler
instanceKlass jdk/internal/reflect/ByteVectorImpl
instanceKlass jdk/internal/reflect/ByteVector
instanceKlass jdk/internal/reflect/ByteVectorFactory
instanceKlass jdk/internal/reflect/AccessorGenerator
instanceKlass jdk/internal/reflect/ClassFileConstants
instanceKlass java/util/stream/AbstractSpinedBuffer
instanceKlass java/util/stream/Node$Builder
instanceKlass java/util/stream/Node$OfDouble
instanceKlass java/util/stream/Node$OfLong
instanceKlass java/util/stream/Node$OfInt
instanceKlass java/util/stream/Node$OfPrimitive
instanceKlass java/util/stream/Nodes$EmptyNode
instanceKlass java/util/stream/Node
instanceKlass java/util/stream/Nodes
instanceKlass java/util/function/IntFunction
instanceKlass java/lang/StringLatin1$LinesSpliterator
instanceKlass java/util/Formattable
instanceKlass java/util/Formatter$Flags
instanceKlass java/util/Formatter$FormatSpecifier
instanceKlass java/util/Formatter$Conversion
instanceKlass java/util/Formatter$FixedString
instanceKlass java/util/Formatter$FormatString
instanceKlass java/util/regex/Pattern$TreeInfo
instanceKlass java/util/regex/Pattern$BitClass
instanceKlass java/util/regex/CharPredicates
instanceKlass java/util/regex/Pattern$BmpCharPredicate
instanceKlass java/util/regex/Pattern$CharPredicate
instanceKlass java/util/regex/Pattern$Node
instanceKlass java/util/regex/Pattern
instanceKlass java/util/Formatter
instanceKlass com/sun/management/internal/DiagnosticCommandImpl$Wrapper
instanceKlass jdk/jfr/internal/dcmd/AbstractDCmd
instanceKlass com/sun/management/internal/DiagnosticCommandArgumentInfo
instanceKlass com/sun/management/internal/DiagnosticCommandInfo
instanceKlass com/sun/management/internal/DiagnosticCommandImpl$OperationInfoComparator
instanceKlass sun/management/ClassLoadingImpl
instanceKlass java/lang/management/ClassLoadingMXBean
instanceKlass javax/management/MBeanInfo$ArrayGettersSafeAction
instanceKlass javax/management/openmbean/OpenMBeanOperationInfo
instanceKlass java/util/logging/LogManager$4
instanceKlass jdk/internal/logger/BootstrapLogger$BootstrapExecutors
instanceKlass sun/security/util/SecurityConstants
instanceKlass jdk/internal/logger/LoggerFinderLoader
instanceKlass java/util/stream/Streams
instanceKlass java/util/stream/Stream$Builder
instanceKlass java/util/stream/Streams$AbstractStreamBuilderImpl
instanceKlass java/util/Hashtable$Enumerator
instanceKlass java/util/Collections$3
instanceKlass java/util/logging/LogManager$LoggerContext$1
instanceKlass java/util/logging/LogManager$VisitedLoggers
instanceKlass java/util/logging/Logger$ConfigurationData
instanceKlass java/util/logging/Logger$LoggerBundle
instanceKlass java/util/logging/Handler
instanceKlass java/util/logging/LogManager$2
instanceKlass java/util/logging/Logging
instanceKlass java/util/logging/LogManager$LoggingProviderAccess
instanceKlass java/lang/Shutdown$Lock
instanceKlass java/lang/Shutdown
instanceKlass java/lang/ApplicationShutdownHooks$1
instanceKlass java/lang/ApplicationShutdownHooks
instanceKlass java/util/Collections$SynchronizedMap
instanceKlass java/util/logging/LogManager$LogNode
instanceKlass java/util/logging/LogManager$LoggerContext
instanceKlass java/util/logging/LogManager$1
instanceKlass java/util/logging/Level
instanceKlass java/util/logging/LoggingMXBean
instanceKlass java/util/logging/Logger
instanceKlass sun/management/ManagementFactoryHelper$PlatformLoggingImpl
instanceKlass java/lang/management/PlatformLoggingMXBean
instanceKlass sun/management/CompilationImpl
instanceKlass java/lang/management/CompilationMXBean
instanceKlass sun/management/VMManagementImpl$1
instanceKlass java/lang/management/MemoryUsage
instanceKlass sun/management/Sensor
instanceKlass sun/management/MemoryPoolImpl
instanceKlass java/lang/management/MemoryPoolMXBean
instanceKlass java/lang/invoke/LambdaFormEditor$1
instanceKlass sun/management/Util
instanceKlass java/util/ArrayList$ArrayListSpliterator
instanceKlass com/sun/management/GarbageCollectorMXBean
instanceKlass java/lang/management/GarbageCollectorMXBean
instanceKlass java/lang/management/MemoryManagerMXBean
instanceKlass java/lang/management/MemoryMXBean
instanceKlass javax/management/DescriptorKey
instanceKlass java/lang/annotation/Target
instanceKlass java/lang/reflect/Proxy$ProxyBuilder$1
instanceKlass jdk/internal/org/objectweb/asm/Edge
instanceKlass java/lang/reflect/ProxyGenerator$PrimitiveTypeInfo
instanceKlass java/util/StringJoiner
instanceKlass java/lang/reflect/ProxyGenerator$ProxyMethod
instanceKlass jdk/internal/module/Checks
instanceKlass java/lang/module/ModuleDescriptor$Builder
instanceKlass java/lang/reflect/Proxy$ProxyBuilder
instanceKlass java/lang/reflect/Proxy
instanceKlass sun/reflect/annotation/AnnotationInvocationHandler
instanceKlass java/lang/reflect/InvocationHandler
instanceKlass sun/reflect/annotation/AnnotationParser$1
instanceKlass java/lang/annotation/Documented
instanceKlass java/lang/annotation/Inherited
instanceKlass java/lang/annotation/Retention
instanceKlass sun/reflect/annotation/ExceptionProxy
instanceKlass sun/reflect/annotation/AnnotationType$1
instanceKlass sun/reflect/annotation/AnnotationType
instanceKlass java/lang/Deprecated
instanceKlass sun/management/BaseOperatingSystemImpl
instanceKlass com/sun/management/OperatingSystemMXBean
instanceKlass java/lang/management/OperatingSystemMXBean
instanceKlass com/sun/jmx/mbeanserver/PerInterface$MethodAndSig
instanceKlass java/lang/management/LockInfo
instanceKlass java/lang/management/ThreadInfo
instanceKlass sun/management/ThreadImpl
instanceKlass com/sun/management/ThreadMXBean
instanceKlass java/lang/management/ThreadMXBean
instanceKlass com/sun/jmx/mbeanserver/WeakIdentityHashMap
instanceKlass com/sun/jmx/mbeanserver/MXBeanLookup
instanceKlass com/sun/jmx/mbeanserver/PerInterface$InitMaps
instanceKlass com/sun/jmx/mbeanserver/PerInterface
instanceKlass javax/management/openmbean/OpenMBeanAttributeInfo
instanceKlass javax/management/openmbean/OpenMBeanParameterInfo
instanceKlass com/sun/jmx/mbeanserver/MBeanIntrospector$MBeanInfoMaker
instanceKlass com/sun/jmx/mbeanserver/MBeanAnalyzer$MBeanVisitor
instanceKlass java/lang/invoke/MethodHandles$1
instanceKlass java/lang/Long$LongCache
instanceKlass java/lang/reflect/GenericArrayType
instanceKlass sun/reflect/generics/reflectiveObjects/LazyReflectiveObjectGenerator
instanceKlass java/lang/reflect/TypeVariable
instanceKlass sun/reflect/generics/tree/TypeVariableSignature
instanceKlass sun/reflect/generics/tree/ClassSignature
instanceKlass sun/reflect/generics/reflectiveObjects/ParameterizedTypeImpl
instanceKlass java/lang/reflect/ParameterizedType
instanceKlass sun/reflect/generics/visitor/Reifier
instanceKlass sun/reflect/generics/visitor/TypeTreeVisitor
instanceKlass sun/reflect/generics/tree/MethodTypeSignature
instanceKlass sun/reflect/generics/tree/Signature
instanceKlass sun/reflect/generics/tree/ClassTypeSignature
instanceKlass sun/reflect/generics/tree/SimpleClassTypeSignature
instanceKlass sun/reflect/generics/tree/FieldTypeSignature
instanceKlass sun/reflect/generics/tree/TypeArgument
instanceKlass sun/reflect/generics/tree/BaseType
instanceKlass sun/reflect/generics/tree/TypeSignature
instanceKlass sun/reflect/generics/tree/ReturnType
instanceKlass sun/reflect/generics/tree/FormalTypeParameter
instanceKlass sun/reflect/generics/tree/TypeTree
instanceKlass sun/reflect/generics/tree/Tree
instanceKlass sun/reflect/generics/parser/SignatureParser
instanceKlass sun/reflect/generics/repository/AbstractRepository
instanceKlass sun/reflect/generics/factory/CoreReflectionFactory
instanceKlass sun/reflect/generics/factory/GenericsFactory
instanceKlass sun/reflect/generics/scope/AbstractScope
instanceKlass sun/reflect/generics/scope/Scope
instanceKlass com/sun/jmx/mbeanserver/MBeanAnalyzer$AttrMethods
instanceKlass jdk/internal/reflect/UnsafeFieldAccessorFactory
instanceKlass com/sun/jmx/mbeanserver/MXBeanMapping
instanceKlass javax/management/openmbean/TabularData
instanceKlass javax/management/openmbean/CompositeData
instanceKlass javax/management/openmbean/OpenType
instanceKlass com/sun/jmx/mbeanserver/MXBeanMappingFactory
instanceKlass com/sun/jmx/mbeanserver/ConvertingMethod
instanceKlass java/util/TimSort
instanceKlass com/sun/jmx/mbeanserver/MBeanAnalyzer$MethodOrder
instanceKlass java/util/LinkedHashMap$LinkedHashIterator
instanceKlass java/lang/PublicMethods
instanceKlass com/sun/jmx/mbeanserver/MBeanAnalyzer
instanceKlass com/sun/jmx/mbeanserver/MBeanIntrospector
instanceKlass sun/reflect/misc/ReflectUtil
instanceKlass java/lang/Class$AnnotationData
instanceKlass javax/management/MXBean
instanceKlass com/sun/jmx/mbeanserver/MBeanSupport
instanceKlass com/sun/jmx/mbeanserver/DescriptorCache
instanceKlass javax/management/JMX
instanceKlass javax/management/StandardMBean
instanceKlass java/util/Collections$2
instanceKlass java/util/AbstractMap$SimpleImmutableEntry
instanceKlass sun/management/RuntimeImpl
instanceKlass java/lang/management/RuntimeMXBean
instanceKlass java/util/stream/ForEachOps$ForEachOp
instanceKlass java/util/stream/ForEachOps
instanceKlass java/util/HashMap$HashMapSpliterator
instanceKlass java/util/Collections$1
instanceKlass jdk/management/jfr/internal/FlightRecorderMXBeanProvider$SingleMBeanComponent
instanceKlass jdk/management/jfr/FlightRecorderMXBean
instanceKlass java/lang/management/PlatformManagedObject
instanceKlass java/lang/management/DefaultPlatformMBeanProvider$11
instanceKlass java/lang/management/DefaultPlatformMBeanProvider$10
instanceKlass java/lang/management/DefaultPlatformMBeanProvider$9
instanceKlass java/util/logging/LogManager
instanceKlass sun/management/ManagementFactoryHelper$LoggingMXBeanAccess$1
instanceKlass sun/management/ManagementFactoryHelper$LoggingMXBeanAccess
instanceKlass java/lang/management/DefaultPlatformMBeanProvider$8
instanceKlass java/lang/management/DefaultPlatformMBeanProvider$7
instanceKlass java/lang/management/DefaultPlatformMBeanProvider$6
instanceKlass java/lang/management/DefaultPlatformMBeanProvider$5
instanceKlass java/lang/management/DefaultPlatformMBeanProvider$4
instanceKlass java/lang/management/DefaultPlatformMBeanProvider$3
instanceKlass java/lang/management/DefaultPlatformMBeanProvider$2
instanceKlass java/lang/management/DefaultPlatformMBeanProvider$1
instanceKlass com/sun/management/internal/PlatformMBeanProviderImpl$5
instanceKlass sun/management/VMManagementImpl
instanceKlass sun/management/VMManagement
instanceKlass sun/management/ManagementFactoryHelper
instanceKlass sun/management/NotificationEmitterSupport
instanceKlass com/sun/management/DiagnosticCommandMBean
instanceKlass com/sun/management/internal/PlatformMBeanProviderImpl$4
instanceKlass com/sun/management/internal/PlatformMBeanProviderImpl$3
instanceKlass com/sun/management/internal/PlatformMBeanProviderImpl$2
instanceKlass com/sun/management/internal/PlatformMBeanProviderImpl$1
instanceKlass sun/management/spi/PlatformMBeanProvider$PlatformComponent
instanceKlass java/util/concurrent/Callable
instanceKlass sun/management/spi/PlatformMBeanProvider
instanceKlass sun/security/util/SecurityProperties
instanceKlass sun/security/util/FilePermCompat
instanceKlass java/io/FilePermission$1
instanceKlass jdk/internal/access/JavaIOFilePermissionAccess
instanceKlass java/lang/management/ManagementFactory$PlatformMBeanFinder$1
instanceKlass java/lang/management/ManagementFactory$PlatformMBeanFinder
instanceKlass com/sun/jmx/mbeanserver/JmxMBeanServer$3
instanceKlass javax/management/ObjectInstance
instanceKlass sun/util/calendar/CalendarSystem$GregorianHolder
instanceKlass sun/util/calendar/CalendarSystem
instanceKlass java/util/Date
instanceKlass java/util/EventObject
instanceKlass com/sun/jmx/mbeanserver/NamedObject
instanceKlass com/sun/jmx/interceptor/DefaultMBeanServerInterceptor$ResourceContext$1
instanceKlass com/sun/jmx/interceptor/DefaultMBeanServerInterceptor$ResourceContext
instanceKlass com/sun/jmx/mbeanserver/Repository$RegistrationContext
instanceKlass com/sun/jmx/mbeanserver/DynamicMBean2
instanceKlass sun/util/logging/PlatformLogger
instanceKlass sun/util/logging/PlatformLogger$ConfigurableBridge$LoggerConfiguration
instanceKlass jdk/internal/logger/BootstrapLogger$RedirectedLoggers
instanceKlass com/sun/jmx/defaults/JmxProperties
instanceKlass com/sun/jmx/mbeanserver/Introspector
instanceKlass com/sun/jmx/mbeanserver/JmxMBeanServer$2
instanceKlass com/sun/jmx/interceptor/DefaultMBeanServerInterceptor
instanceKlass com/sun/jmx/interceptor/MBeanServerInterceptor
instanceKlass java/util/concurrent/locks/ReentrantReadWriteLock$WriteLock
instanceKlass java/util/concurrent/locks/ReentrantReadWriteLock$ReadLock
instanceKlass java/util/concurrent/locks/ReentrantReadWriteLock
instanceKlass java/util/concurrent/locks/ReadWriteLock
instanceKlass com/sun/jmx/mbeanserver/Repository
instanceKlass com/sun/jmx/mbeanserver/JmxMBeanServer$1
instanceKlass com/sun/jmx/mbeanserver/SecureClassLoaderRepository
instanceKlass com/sun/jmx/mbeanserver/MBeanInstantiator
instanceKlass com/sun/jmx/mbeanserver/ClassLoaderRepositorySupport$LoaderEntry
instanceKlass com/sun/jmx/mbeanserver/ClassLoaderRepositorySupport
instanceKlass com/sun/jmx/mbeanserver/ModifiableClassLoaderRepository
instanceKlass javax/management/loading/ClassLoaderRepository
instanceKlass javax/management/ImmutableDescriptor
instanceKlass javax/management/Descriptor
instanceKlass com/sun/jmx/remote/util/ClassLogger
instanceKlass javax/management/NotificationBroadcasterSupport$1
instanceKlass java/util/concurrent/Executor
instanceKlass javax/management/NotificationBroadcasterSupport
instanceKlass java/util/ComparableTimSort
instanceKlass java/util/Arrays$LegacyMergeSort
instanceKlass javax/management/ObjectName$Property
instanceKlass javax/management/ObjectName
instanceKlass javax/management/QueryExp
instanceKlass com/sun/jmx/mbeanserver/Util
instanceKlass javax/management/MBeanInfo
instanceKlass javax/management/MBeanFeatureInfo
instanceKlass javax/management/DescriptorRead
instanceKlass javax/management/MBeanServerDelegate
instanceKlass javax/management/NotificationEmitter
instanceKlass javax/management/NotificationBroadcaster
instanceKlass javax/management/MBeanServerDelegateMBean
instanceKlass javax/management/MBeanRegistration
instanceKlass javax/management/DynamicMBean
instanceKlass com/sun/jmx/mbeanserver/JmxMBeanServer
instanceKlass com/sun/jmx/mbeanserver/SunJmxMBeanServer
instanceKlass javax/management/MBeanServer
instanceKlass javax/management/MBeanServerConnection
instanceKlass javax/management/MBeanServerBuilder
instanceKlass com/sun/jmx/mbeanserver/GetPropertyAction
instanceKlass javax/management/MBeanServerFactory
instanceKlass java/lang/management/ManagementFactory
instanceKlass java/util/concurrent/atomic/Striped64$1
instanceKlass jdk/internal/util/random/RandomSupport
instanceKlass java/util/Random
instanceKlass java/util/random/RandomGenerator
instanceKlass java/net/InetAddress$CachedAddresses
instanceKlass sun/net/InetAddressCachePolicy$2
instanceKlass java/security/Security$2
instanceKlass jdk/internal/access/JavaSecurityPropertiesAccess
instanceKlass java/security/Security$1
instanceKlass java/security/Security
instanceKlass sun/net/InetAddressCachePolicy$1
instanceKlass sun/net/InetAddressCachePolicy
instanceKlass java/nio/DirectByteBuffer$Deallocator
instanceKlass sun/nio/ch/Util$BufferCache
instanceKlass sun/nio/ch/Util
instanceKlass java/lang/invoke/VarHandle$AccessDescriptor
instanceKlass sun/nio/ch/NativeThread
instanceKlass sun/net/NetHooks
instanceKlass sun/net/spi/DefaultProxySelector$3
instanceKlass sun/net/spi/DefaultProxySelector$NonProxyInfo
instanceKlass sun/net/spi/DefaultProxySelector$1
instanceKlass java/net/Proxy
instanceKlass java/net/ProxySelector
instanceKlass java/net/SocksSocketImpl$3
instanceKlass java/net/InetAddress$NameServiceAddresses
instanceKlass java/net/InetAddress$Addresses
instanceKlass java/util/concurrent/ConcurrentSkipListMap$Iter
instanceKlass jdk/net/ExtendedSocketOptions$PlatformSocketOptions$1
instanceKlass jdk/net/ExtendedSocketOptions$PlatformSocketOptions
instanceKlass jdk/net/ExtendedSocketOptions$ExtSocketOption
instanceKlass java/net/SocketOption
instanceKlass jdk/net/ExtendedSocketOptions
instanceKlass sun/net/ext/ExtendedSocketOptions
instanceKlass java/net/Inet6Address$Inet6AddressHolder
instanceKlass sun/nio/ch/Net$1
instanceKlass java/net/ProtocolFamily
instanceKlass sun/management/jmxremote/ConnectorBootstrap$PermanentExporter
instanceKlass com/sun/jmx/remote/internal/rmi/RMIExporter
instanceKlass sun/nio/ch/Net
instanceKlass jdk/internal/logger/LazyLoggers$LazyLoggerAccessor
instanceKlass jdk/internal/logger/LazyLoggers$LoggerAccessor
instanceKlass java/net/SocksConsts
instanceKlass jdk/internal/logger/AbstractLoggerWrapper
instanceKlass java/util/ServiceLoader$ProviderImpl
instanceKlass java/util/ServiceLoader$Provider
instanceKlass java/util/ServiceLoader$1
instanceKlass sun/util/logging/internal/LoggingProviderImpl$LogManagerAccess
instanceKlass java/util/concurrent/CopyOnWriteArrayList$COWIterator
instanceKlass java/util/zip/ZipFile$ZipEntryIterator
instanceKlass sun/nio/ch/IOUtil
instanceKlass sun/nio/ch/NativeDispatcher
instanceKlass jdk/internal/loader/URLClassPath$1
instanceKlass java/lang/CompoundEnumeration
instanceKlass sun/net/PlatformSocketImpl
instanceKlass jdk/internal/loader/BuiltinClassLoader$1
instanceKlass java/util/Collections$EmptyEnumeration
instanceKlass java/util/Collections$EmptyIterator
instanceKlass jdk/internal/jimage/ImageLocation
instanceKlass jdk/internal/jimage/decompressor/Decompressor
instanceKlass jdk/internal/jimage/ImageStringsReader
instanceKlass jdk/internal/jimage/ImageStrings
instanceKlass jdk/internal/jimage/ImageHeader
instanceKlass sun/net/NetProperties$1
instanceKlass sun/net/NetProperties
instanceKlass jdk/internal/jimage/NativeImageBuffer$1
instanceKlass jdk/internal/jimage/NativeImageBuffer
instanceKlass jdk/internal/jimage/BasicImageReader$1
instanceKlass jdk/internal/jimage/BasicImageReader
instanceKlass jdk/internal/jimage/ImageReader
instanceKlass jdk/internal/jimage/ImageReaderFactory$1
instanceKlass java/net/URI$Parser
instanceKlass java/nio/file/FileSystems$DefaultFileSystemHolder$1
instanceKlass java/nio/file/FileSystems$DefaultFileSystemHolder
instanceKlass java/nio/file/FileSystems
instanceKlass java/nio/file/Paths
instanceKlass jdk/internal/jimage/ImageReaderFactory
instanceKlass jdk/internal/module/SystemModuleFinders$SystemImage
instanceKlass jdk/internal/org/objectweb/asm/ClassReader
instanceKlass jdk/internal/module/SystemModuleFinders$SystemModuleReader
instanceKlass java/lang/module/ModuleReader
instanceKlass jdk/internal/loader/BuiltinClassLoader$5
instanceKlass jdk/internal/loader/BuiltinClassLoader$2
instanceKlass jdk/internal/module/Resources
instanceKlass java/util/ServiceLoader$3
instanceKlass java/util/ServiceLoader$2
instanceKlass java/util/ServiceLoader$LazyClassPathLookupIterator
instanceKlass java/util/Spliterators$1Adapter
instanceKlass java/util/Spliterators$ArraySpliterator
instanceKlass java/util/ServiceLoader$ModuleServicesLookupIterator
instanceKlass java/util/ServiceLoader
instanceKlass jdk/internal/logger/BootstrapLogger$DetectBackend$1
instanceKlass jdk/internal/logger/BootstrapLogger$DetectBackend
instanceKlass jdk/internal/logger/BootstrapLogger
instanceKlass sun/util/logging/PlatformLogger$ConfigurableBridge
instanceKlass sun/util/logging/PlatformLogger$Bridge
instanceKlass java/lang/System$Logger
instanceKlass jdk/internal/logger/DefaultLoggerFinder$1
instanceKlass java/lang/System$LoggerFinder
instanceKlass jdk/internal/logger/LazyLoggers$LazyLoggerFactories
instanceKlass jdk/internal/logger/LazyLoggers$1
instanceKlass java/net/SocketImpl
instanceKlass java/net/SocketOptions
instanceKlass jdk/internal/logger/LazyLoggers
instanceKlass sun/management/jmxremote/ConnectorBootstrap
instanceKlass java/net/InetSocketAddress$InetSocketAddressHolder
instanceKlass java/net/InetAddress$PlatformNameService
instanceKlass java/net/InetAddress$NameService
instanceKlass java/net/Inet6AddressImpl
instanceKlass java/net/InetAddressImpl
instanceKlass java/net/InetAddressImplFactory
instanceKlass java/util/concurrent/ConcurrentSkipListMap$Node
instanceKlass java/util/concurrent/ConcurrentSkipListMap$Index
instanceKlass jdk/internal/vm/VMSupport
instanceKlass java/util/concurrent/ConcurrentNavigableMap
instanceKlass java/net/InetAddress$InetAddressHolder
instanceKlass java/util/concurrent/ConcurrentHashMap$MapEntry
instanceKlass java/net/InetAddress$1
instanceKlass java/util/Collections$SynchronizedCollection
instanceKlass jdk/internal/access/JavaNetInetAddressAccess
instanceKlass java/util/Properties$EntrySet
instanceKlass java/io/FileInputStream$1
instanceKlass java/net/InetAddress
instanceKlass java/net/SocketAddress
instanceKlass java/lang/invoke/VarForm
instanceKlass java/lang/invoke/VarHandleGuards
instanceKlass jdk/internal/util/Preconditions$1
instanceKlass java/lang/invoke/VarHandle$1
instanceKlass java/lang/ClassValue$Version
instanceKlass java/lang/ClassValue$Identity
instanceKlass java/lang/ClassValue
instanceKlass java/lang/invoke/VarHandles
instanceKlass java/util/Properties$LineReader
instanceKlass java/net/Socket
instanceKlass jdk/internal/agent/Agent
instanceKlass com/intellij/rt/execution/application/AppMainV2
instanceKlass com/intellij/rt/execution/application/AppMainV2$Agent
instanceKlass java/security/SecureClassLoader$DebugHolder
instanceKlass java/security/PermissionCollection
instanceKlass java/security/SecureClassLoader$1
instanceKlass java/security/SecureClassLoader$CodeSourceKey
instanceKlass java/util/zip/Checksum$1
instanceKlass java/util/zip/CRC32
instanceKlass java/util/zip/Checksum
instanceKlass sun/nio/ByteBuffered
instanceKlass java/lang/Package$VersionInfo
instanceKlass java/lang/NamedPackage
instanceKlass jdk/internal/loader/Resource
instanceKlass java/util/jar/Attributes$Name
instanceKlass java/util/jar/Attributes
instanceKlass java/util/TreeMap$PrivateEntryIterator
instanceKlass java/util/TreeMap$Entry
instanceKlass java/util/NavigableMap
instanceKlass java/util/SortedMap
instanceKlass java/util/NavigableSet
instanceKlass java/util/SortedSet
instanceKlass java/util/LinkedList$Node
instanceKlass java/io/Reader
instanceKlass sun/security/action/GetIntegerAction
instanceKlass sun/security/util/Debug
instanceKlass sun/security/util/SignatureFileVerifier
instanceKlass java/util/zip/ZipFile$InflaterCleanupAction
instanceKlass java/util/zip/Inflater$InflaterZStreamRef
instanceKlass java/util/zip/Inflater
instanceKlass java/util/zip/ZipEntry
instanceKlass jdk/internal/util/jar/JarIndex
instanceKlass java/nio/Bits$1
instanceKlass jdk/internal/misc/VM$BufferPool
instanceKlass java/nio/Bits
instanceKlass sun/nio/ch/DirectBuffer
instanceKlass jdk/internal/perf/PerfCounter$CoreCounters
instanceKlass jdk/internal/perf/Perf
instanceKlass jdk/internal/perf/Perf$GetPerfAction
instanceKlass jdk/internal/perf/PerfCounter
instanceKlass java/nio/file/attribute/FileTime
instanceKlass java/util/zip/ZipUtils
instanceKlass java/util/zip/ZipFile$Source$End
instanceKlass java/io/RandomAccessFile$2
instanceKlass jdk/internal/access/JavaIORandomAccessFileAccess
instanceKlass java/io/RandomAccessFile
instanceKlass java/io/DataInput
instanceKlass java/io/DataOutput
instanceKlass sun/nio/fs/WindowsNativeDispatcher$CompletionStatus
instanceKlass sun/nio/fs/WindowsNativeDispatcher$AclInformation
instanceKlass sun/nio/fs/WindowsNativeDispatcher$Account
instanceKlass sun/nio/fs/WindowsNativeDispatcher$DiskFreeSpace
instanceKlass sun/nio/fs/WindowsNativeDispatcher$VolumeInformation
instanceKlass sun/nio/fs/WindowsNativeDispatcher$FirstStream
instanceKlass sun/nio/fs/WindowsNativeDispatcher$FirstFile
instanceKlass java/util/Enumeration
instanceKlass java/util/concurrent/ConcurrentHashMap$Traverser
instanceKlass java/util/concurrent/ConcurrentHashMap$CollectionView
instanceKlass sun/nio/fs/WindowsNativeDispatcher
instanceKlass sun/nio/fs/NativeBuffer$Deallocator
instanceKlass sun/nio/fs/NativeBuffer
instanceKlass java/lang/ThreadLocal$ThreadLocalMap
instanceKlass sun/nio/fs/NativeBuffers
instanceKlass sun/nio/fs/WindowsFileAttributes
instanceKlass java/nio/file/attribute/DosFileAttributes
instanceKlass sun/nio/fs/AbstractBasicFileAttributeView
instanceKlass sun/nio/fs/DynamicFileAttributeView
instanceKlass sun/nio/fs/WindowsFileAttributeViews
instanceKlass sun/nio/fs/Util
instanceKlass java/nio/file/attribute/BasicFileAttributeView
instanceKlass java/nio/file/attribute/FileAttributeView
instanceKlass java/nio/file/attribute/AttributeView
instanceKlass java/nio/file/Files
instanceKlass java/nio/file/CopyOption
instanceKlass java/nio/file/attribute/BasicFileAttributes
instanceKlass sun/nio/fs/WindowsPath
instanceKlass java/util/zip/ZipFile$Source$Key
instanceKlass sun/nio/fs/WindowsPathParser$Result
instanceKlass sun/nio/fs/WindowsPathParser
instanceKlass java/util/Arrays$ArrayItr
instanceKlass java/nio/file/FileSystem
instanceKlass java/nio/file/OpenOption
instanceKlass java/nio/file/spi/FileSystemProvider
instanceKlass sun/nio/fs/DefaultFileSystemProvider
instanceKlass java/util/zip/ZipFile$Source
instanceKlass java/util/zip/ZipCoder
instanceKlass java/util/zip/ZipFile$CleanableResource
instanceKlass java/lang/Runtime$Version
instanceKlass java/util/jar/JavaUtilJarAccessImpl
instanceKlass jdk/internal/access/JavaUtilJarAccess
instanceKlass jdk/internal/loader/FileURLMapper
instanceKlass jdk/internal/loader/URLClassPath$JarLoader$1
instanceKlass java/util/zip/ZipFile$1
instanceKlass jdk/internal/access/JavaUtilZipFileAccess
instanceKlass java/util/zip/ZipFile
instanceKlass java/util/zip/ZipConstants
instanceKlass jdk/internal/loader/URLClassPath$Loader
instanceKlass jdk/internal/loader/URLClassPath$3
instanceKlass java/security/PrivilegedExceptionAction
instanceKlass sun/util/locale/LocaleUtils
instanceKlass sun/util/locale/BaseLocale
instanceKlass java/util/Locale
instanceKlass sun/net/util/URLUtil
instanceKlass sun/instrument/TransformerManager$TransformerInfo
instanceKlass sun/instrument/TransformerManager
instanceKlass jdk/internal/loader/NativeLibraries$NativeLibraryImpl
instanceKlass jdk/internal/loader/NativeLibrary
instanceKlass java/util/ArrayDeque$DeqIterator
instanceKlass jdk/internal/loader/NativeLibraries$1
instanceKlass java/nio/charset/CoderResult
instanceKlass java/lang/Readable
instanceKlass sun/nio/cs/GBK$EncodeHolder
instanceKlass sun/nio/cs/ArrayEncoder
instanceKlass jdk/internal/loader/NativeLibraries$LibraryPaths
instanceKlass sun/instrument/InstrumentationImpl
instanceKlass java/lang/instrument/Instrumentation
instanceKlass java/lang/invoke/StringConcatFactory$3
instanceKlass java/lang/invoke/StringConcatFactory$2
instanceKlass java/lang/invoke/StringConcatFactory$1
instanceKlass java/lang/invoke/StringConcatFactory
instanceKlass jdk/internal/module/ModuleBootstrap$SafeModuleFinder
instanceKlass java/lang/ModuleLayer$Controller
instanceKlass java/util/concurrent/CopyOnWriteArrayList
instanceKlass jdk/internal/module/ServicesCatalog$ServiceProvider
instanceKlass jdk/internal/loader/AbstractClassLoaderValue$Memoizer
instanceKlass jdk/internal/module/ModuleLoaderMap$Modules
instanceKlass jdk/internal/module/ModuleLoaderMap$Mapper
instanceKlass jdk/internal/module/ModuleLoaderMap
instanceKlass java/lang/module/ResolvedModule
instanceKlass java/util/Collections$UnmodifiableCollection$1
instanceKlass java/lang/ModuleLayer
instanceKlass java/util/ImmutableCollections$ListItr
instanceKlass java/util/ListIterator
instanceKlass java/lang/module/ModuleFinder$1
instanceKlass java/nio/file/Path
instanceKlass java/nio/file/Watchable
instanceKlass java/lang/module/Resolver
instanceKlass java/lang/module/Configuration
instanceKlass java/util/ImmutableCollections$Set12$1
instanceKlass java/util/stream/FindOps$FindOp
instanceKlass java/util/stream/FindOps$FindSink
instanceKlass java/util/stream/FindOps
instanceKlass java/util/stream/Sink$ChainedReference
instanceKlass java/util/stream/ReduceOps$AccumulatingSink
instanceKlass java/util/stream/TerminalSink
instanceKlass java/util/stream/Sink
instanceKlass java/util/function/Consumer
instanceKlass java/util/stream/ReduceOps$Box
instanceKlass java/util/stream/ReduceOps$ReduceOp
instanceKlass java/util/stream/TerminalOp
instanceKlass java/util/stream/ReduceOps
instanceKlass java/util/function/BinaryOperator
instanceKlass java/util/function/BiFunction
instanceKlass java/util/function/BiConsumer
instanceKlass java/util/stream/Collectors$CollectorImpl
instanceKlass java/util/stream/Collector
instanceKlass java/util/Collections$UnmodifiableCollection
instanceKlass java/util/stream/Collectors
instanceKlass java/lang/ref/Cleaner$Cleanable
instanceKlass jdk/internal/ref/CleanerImpl
instanceKlass java/lang/ref/Cleaner$1
instanceKlass java/lang/ref/Cleaner
instanceKlass jdk/internal/ref/CleanerFactory$1
instanceKlass java/util/concurrent/ThreadFactory
instanceKlass jdk/internal/ref/CleanerFactory
instanceKlass java/lang/invoke/MethodHandles$Lookup$ClassDefiner
instanceKlass java/lang/invoke/MethodHandles$Lookup$ClassFile
instanceKlass jdk/internal/org/objectweb/asm/Handler
instanceKlass jdk/internal/org/objectweb/asm/Attribute
instanceKlass jdk/internal/org/objectweb/asm/FieldVisitor
instanceKlass java/util/ArrayList$Itr
instanceKlass java/lang/invoke/InvokerBytecodeGenerator$ClassData
instanceKlass jdk/internal/org/objectweb/asm/AnnotationVisitor
instanceKlass jdk/internal/org/objectweb/asm/Frame
instanceKlass jdk/internal/org/objectweb/asm/Label
instanceKlass jdk/internal/org/objectweb/asm/MethodVisitor
instanceKlass java/lang/invoke/LambdaFormBuffer
instanceKlass java/lang/invoke/LambdaFormEditor$TransformKey
instanceKlass java/lang/invoke/LambdaFormEditor
instanceKlass sun/invoke/util/Wrapper$1
instanceKlass java/lang/invoke/DelegatingMethodHandle$Holder
instanceKlass java/lang/invoke/DirectMethodHandle$2
instanceKlass sun/invoke/empty/Empty
instanceKlass sun/invoke/util/VerifyType
instanceKlass java/lang/invoke/ClassSpecializer$Factory
instanceKlass java/lang/invoke/ClassSpecializer$SpeciesData
instanceKlass java/lang/invoke/ClassSpecializer$1
instanceKlass java/util/function/Function
instanceKlass java/lang/invoke/ClassSpecializer
instanceKlass java/lang/invoke/InnerClassLambdaMetafactory$1
instanceKlass java/lang/invoke/LambdaProxyClassArchive
instanceKlass jdk/internal/org/objectweb/asm/ByteVector
instanceKlass jdk/internal/org/objectweb/asm/Symbol
instanceKlass jdk/internal/org/objectweb/asm/SymbolTable
instanceKlass jdk/internal/org/objectweb/asm/ClassVisitor
instanceKlass java/lang/invoke/InfoFromMemberName
instanceKlass java/lang/invoke/MethodHandleInfo
instanceKlass jdk/internal/org/objectweb/asm/ConstantDynamic
instanceKlass sun/invoke/util/BytecodeDescriptor
instanceKlass jdk/internal/org/objectweb/asm/Handle
instanceKlass sun/security/action/GetBooleanAction
instanceKlass jdk/internal/org/objectweb/asm/Type
instanceKlass java/lang/invoke/AbstractValidatingLambdaMetafactory
instanceKlass java/lang/invoke/MethodHandleImpl$1
instanceKlass jdk/internal/access/JavaLangInvokeAccess
instanceKlass java/lang/invoke/Invokers$Holder
instanceKlass java/lang/invoke/BootstrapMethodInvoker
instanceKlass java/util/function/Predicate
instanceKlass java/lang/WeakPairMap$Pair$Lookup
instanceKlass java/lang/WeakPairMap$Pair
instanceKlass java/lang/WeakPairMap
instanceKlass java/lang/Module$ReflectionData
instanceKlass java/lang/invoke/InvokerBytecodeGenerator$2
instanceKlass java/lang/invoke/InvokerBytecodeGenerator
instanceKlass java/lang/invoke/LambdaForm$Holder
instanceKlass java/lang/invoke/LambdaForm$Name
instanceKlass java/lang/reflect/Array
instanceKlass java/lang/invoke/Invokers
instanceKlass java/lang/invoke/MethodHandleImpl
instanceKlass sun/invoke/util/ValueConversions
instanceKlass java/lang/invoke/DirectMethodHandle$Holder
instanceKlass java/lang/invoke/LambdaForm$NamedFunction
instanceKlass sun/invoke/util/Wrapper$Format
instanceKlass java/lang/invoke/MethodTypeForm
instanceKlass java/lang/Void
instanceKlass java/lang/invoke/MethodType$ConcurrentWeakInternSet
instanceKlass java/lang/invoke/LambdaMetafactory
instanceKlass sun/reflect/annotation/AnnotationParser
instanceKlass java/lang/Class$3
instanceKlass java/lang/PublicMethods$Key
instanceKlass java/lang/PublicMethods$MethodList
instanceKlass java/util/EnumMap$1
instanceKlass java/util/stream/StreamOpFlag$MaskBuilder
instanceKlass java/util/stream/Stream
instanceKlass java/util/stream/BaseStream
instanceKlass java/util/stream/PipelineHelper
instanceKlass java/util/stream/StreamSupport
instanceKlass java/util/Spliterators$IteratorSpliterator
instanceKlass java/util/Spliterator$OfDouble
instanceKlass java/util/Spliterator$OfLong
instanceKlass java/util/Spliterator$OfInt
instanceKlass java/util/Spliterator$OfPrimitive
instanceKlass java/util/Spliterator
instanceKlass java/util/Spliterators$EmptySpliterator
instanceKlass java/util/Spliterators
instanceKlass jdk/internal/module/DefaultRoots
instanceKlass java/util/ImmutableCollections$SetN$SetNIterator
instanceKlass jdk/internal/loader/BuiltinClassLoader$LoadedModule
instanceKlass jdk/internal/loader/AbstractClassLoaderValue
instanceKlass jdk/internal/module/ServicesCatalog
instanceKlass jdk/internal/util/Preconditions
instanceKlass sun/net/util/IPAddressUtil
instanceKlass java/net/URLStreamHandler
instanceKlass java/util/HexFormat
instanceKlass sun/net/www/ParseUtil
instanceKlass java/net/URL$3
instanceKlass jdk/internal/access/JavaNetURLAccess
instanceKlass java/net/URL$DefaultFactory
instanceKlass java/net/URLStreamHandlerFactory
instanceKlass jdk/internal/loader/URLClassPath
instanceKlass java/security/Principal
instanceKlass java/security/ProtectionDomain$Key
instanceKlass java/security/ProtectionDomain$JavaSecurityAccessImpl
instanceKlass jdk/internal/access/JavaSecurityAccess
instanceKlass java/lang/ClassLoader$ParallelLoaders
instanceKlass java/security/cert/Certificate
instanceKlass jdk/internal/loader/ArchivedClassLoaders
instanceKlass java/util/Deque
instanceKlass java/util/Queue
instanceKlass jdk/internal/loader/ClassLoaderHelper
instanceKlass jdk/internal/loader/NativeLibraries
instanceKlass jdk/internal/loader/BootLoader
instanceKlass java/util/Optional
instanceKlass jdk/internal/module/SystemModuleFinders$SystemModuleFinder
instanceKlass java/lang/module/ModuleFinder
instanceKlass jdk/internal/module/SystemModuleFinders$3
instanceKlass jdk/internal/module/ModuleHashes$HashSupplier
instanceKlass jdk/internal/module/SystemModuleFinders$2
instanceKlass java/util/function/Supplier
instanceKlass java/lang/module/ModuleReference
instanceKlass jdk/internal/module/ModuleResolution
instanceKlass java/util/Collections$UnmodifiableMap
instanceKlass jdk/internal/module/ModuleHashes$Builder
instanceKlass jdk/internal/module/ModuleHashes
instanceKlass jdk/internal/module/ModuleTarget
instanceKlass java/lang/Enum
instanceKlass java/lang/module/ModuleDescriptor$Version
instanceKlass java/lang/module/ModuleDescriptor$Provides
instanceKlass java/lang/module/ModuleDescriptor$Opens
instanceKlass java/lang/module/ModuleDescriptor$Exports
instanceKlass java/lang/module/ModuleDescriptor$Requires
instanceKlass jdk/internal/module/Builder
instanceKlass jdk/internal/module/SystemModules$all
instanceKlass jdk/internal/module/SystemModules
instanceKlass jdk/internal/module/SystemModulesMap
instanceKlass java/net/URI$1
instanceKlass jdk/internal/access/JavaNetUriAccess
instanceKlass java/net/URI
instanceKlass jdk/internal/module/SystemModuleFinders
instanceKlass jdk/internal/module/ArchivedModuleGraph
instanceKlass jdk/internal/module/ArchivedBootLayer
instanceKlass jdk/internal/module/ModuleBootstrap$Counters
instanceKlass jdk/internal/module/ModulePatcher
instanceKlass jdk/internal/util/ArraysSupport
instanceKlass java/io/FileSystem
instanceKlass java/io/DefaultFileSystem
instanceKlass java/io/File
instanceKlass java/lang/module/ModuleDescriptor$1
instanceKlass jdk/internal/access/JavaLangModuleAccess
instanceKlass sun/invoke/util/VerifyAccess
instanceKlass java/lang/module/ModuleDescriptor
instanceKlass jdk/internal/module/ModuleBootstrap
instanceKlass java/lang/invoke/MethodHandleStatics
instanceKlass java/util/Collections
instanceKlass sun/io/Win32ErrorMode
instanceKlass jdk/internal/misc/OSEnvironment
instanceKlass jdk/internal/misc/Signal$NativeHandler
instanceKlass java/util/Hashtable$Entry
instanceKlass jdk/internal/misc/Signal
instanceKlass java/lang/Terminator$1
instanceKlass jdk/internal/misc/Signal$Handler
instanceKlass java/lang/Terminator
instanceKlass java/nio/ByteOrder
instanceKlass java/nio/Buffer$1
instanceKlass jdk/internal/access/JavaNioAccess
instanceKlass jdk/internal/misc/ScopedMemoryAccess
instanceKlass java/nio/charset/CharsetEncoder
instanceKlass sun/security/action/GetPropertyAction
instanceKlass java/io/Writer
instanceKlass java/io/OutputStream
instanceKlass java/io/Flushable
instanceKlass java/io/FileDescriptor$1
instanceKlass jdk/internal/access/JavaIOFileDescriptorAccess
instanceKlass java/io/FileDescriptor
instanceKlass jdk/internal/util/StaticProperty
instanceKlass java/util/HashMap$HashIterator
instanceKlass java/lang/Integer$IntegerCache
instanceKlass java/lang/CharacterData
instanceKlass java/lang/VersionProps
instanceKlass java/lang/StringConcatHelper
instanceKlass java/lang/StringCoding
instanceKlass java/nio/charset/CodingErrorAction
instanceKlass java/lang/StringUTF16
instanceKlass sun/nio/cs/DoubleByte
instanceKlass sun/nio/cs/GBK$DecodeHolder
instanceKlass java/nio/charset/CharsetDecoder
instanceKlass sun/nio/cs/ArrayDecoder
instanceKlass sun/nio/cs/DelegatableDecoder
instanceKlass java/lang/reflect/Modifier
instanceKlass java/lang/Class$1
instanceKlass java/lang/Class$Atomic
instanceKlass java/lang/Class$ReflectionData
instanceKlass java/nio/charset/StandardCharsets
instanceKlass sun/nio/cs/HistoricallyNamedCharset
instanceKlass java/util/Arrays
instanceKlass java/lang/ThreadLocal
instanceKlass java/nio/charset/spi/CharsetProvider
instanceKlass java/nio/charset/Charset
instanceKlass jdk/internal/misc/VM
instanceKlass jdk/internal/util/SystemProps$Raw
instanceKlass jdk/internal/util/SystemProps
instanceKlass java/lang/System$2
instanceKlass jdk/internal/access/JavaLangAccess
instanceKlass java/lang/ref/Reference$1
instanceKlass jdk/internal/access/JavaLangRefAccess
instanceKlass java/lang/ref/ReferenceQueue$Lock
instanceKlass java/lang/ref/ReferenceQueue
instanceKlass jdk/internal/reflect/ReflectionFactory
instanceKlass jdk/internal/reflect/ReflectionFactory$GetReflectionFactoryAction
instanceKlass java/security/PrivilegedAction
instanceKlass java/util/concurrent/locks/LockSupport
instanceKlass java/util/concurrent/ConcurrentHashMap$Node
instanceKlass java/util/concurrent/ConcurrentHashMap$CounterCell
instanceKlass java/util/concurrent/locks/ReentrantLock
instanceKlass java/util/concurrent/locks/Lock
instanceKlass java/lang/Runtime
instanceKlass java/util/HashMap$Node
instanceKlass java/util/KeyValueHolder
instanceKlass java/util/Map$Entry
instanceKlass java/util/ImmutableCollections$MapN$MapNIterator
instanceKlass java/lang/Math
instanceKlass jdk/internal/reflect/Reflection
instanceKlass java/lang/invoke/MethodHandles$Lookup
instanceKlass java/lang/StringLatin1
instanceKlass java/security/Permission
instanceKlass java/security/Guard
instanceKlass java/lang/invoke/MemberName$Factory
instanceKlass java/lang/invoke/MethodHandles
instanceKlass jdk/internal/access/SharedSecrets
instanceKlass java/lang/reflect/ReflectAccess
instanceKlass jdk/internal/access/JavaLangReflectAccess
instanceKlass java/util/ImmutableCollections
instanceKlass java/util/Objects
instanceKlass java/util/Set
instanceKlass jdk/internal/misc/CDS
instanceKlass java/lang/Module$ArchivedData
instanceKlass java/lang/String$CaseInsensitiveComparator
instanceKlass java/util/Comparator
instanceKlass java/io/ObjectStreamField
instanceKlass jdk/internal/vm/vector/VectorSupport$VectorPayload
instanceKlass jdk/internal/vm/vector/VectorSupport
instanceKlass java/lang/reflect/RecordComponent
instanceKlass java/util/Iterator
instanceKlass java/lang/Number
instanceKlass java/lang/Character
instanceKlass java/lang/Boolean
instanceKlass java/util/concurrent/locks/AbstractOwnableSynchronizer
instanceKlass java/lang/LiveStackFrame
instanceKlass java/lang/StackFrameInfo
instanceKlass java/lang/StackWalker$StackFrame
instanceKlass java/lang/StackStreamFactory$AbstractStackWalker
instanceKlass java/lang/StackWalker
instanceKlass java/nio/Buffer
instanceKlass java/lang/StackTraceElement
instanceKlass java/util/RandomAccess
instanceKlass java/util/List
instanceKlass java/util/AbstractCollection
instanceKlass java/util/Collection
instanceKlass java/lang/Iterable
instanceKlass java/util/concurrent/ConcurrentMap
instanceKlass java/util/AbstractMap
instanceKlass java/security/CodeSource
instanceKlass jdk/internal/loader/ClassLoaders
instanceKlass java/util/jar/Manifest
instanceKlass java/net/URL
instanceKlass java/io/InputStream
instanceKlass java/io/Closeable
instanceKlass java/lang/AutoCloseable
instanceKlass jdk/internal/module/Modules
instanceKlass jdk/internal/misc/Unsafe
instanceKlass jdk/internal/misc/UnsafeConstants
instanceKlass java/lang/AbstractStringBuilder
instanceKlass java/lang/Appendable
instanceKlass java/lang/AssertionStatusDirectives
instanceKlass java/lang/invoke/MethodHandleNatives$CallSiteContext
instanceKlass jdk/internal/invoke/NativeEntryPoint
instanceKlass java/lang/invoke/CallSite
instanceKlass java/lang/invoke/MethodType
instanceKlass java/lang/invoke/TypeDescriptor$OfMethod
instanceKlass java/lang/invoke/LambdaForm
instanceKlass java/lang/invoke/MethodHandleNatives
instanceKlass java/lang/invoke/ResolvedMethodName
instanceKlass java/lang/invoke/MemberName
instanceKlass java/lang/invoke/VarHandle
instanceKlass java/lang/invoke/MethodHandle
instanceKlass jdk/internal/reflect/CallerSensitive
instanceKlass java/lang/annotation/Annotation
instanceKlass jdk/internal/reflect/FieldAccessor
instanceKlass jdk/internal/reflect/ConstantPool
instanceKlass jdk/internal/reflect/ConstructorAccessor
instanceKlass jdk/internal/reflect/MethodAccessor
instanceKlass jdk/internal/reflect/MagicAccessorImpl
instanceKlass java/lang/reflect/Parameter
instanceKlass java/lang/reflect/Member
instanceKlass java/lang/reflect/AccessibleObject
instanceKlass java/lang/Module
instanceKlass java/util/Map
instanceKlass java/util/Dictionary
instanceKlass java/lang/ThreadGroup
instanceKlass java/lang/Thread$UncaughtExceptionHandler
instanceKlass java/lang/Thread
instanceKlass java/lang/Runnable
instanceKlass java/lang/ref/Reference
instanceKlass java/lang/Record
instanceKlass java/security/AccessController
instanceKlass java/security/AccessControlContext
instanceKlass java/security/ProtectionDomain
instanceKlass java/lang/SecurityManager
instanceKlass java/lang/Throwable
instanceKlass java/lang/System
instanceKlass java/lang/ClassLoader
instanceKlass java/lang/Cloneable
instanceKlass java/lang/Class
instanceKlass java/lang/invoke/TypeDescriptor$OfField
instanceKlass java/lang/invoke/TypeDescriptor
instanceKlass java/lang/reflect/Type
instanceKlass java/lang/reflect/GenericDeclaration
instanceKlass java/lang/reflect/AnnotatedElement
instanceKlass java/lang/String
instanceKlass java/lang/constant/ConstantDesc
instanceKlass java/lang/constant/Constable
instanceKlass java/lang/CharSequence
instanceKlass java/lang/Comparable
instanceKlass java/io/Serializable
ciInstanceKlass java/lang/Object 1 1 92 7 1 10 12 1 1 10 7 12 1 1 1 10 7 12 1 1 1 10 12 1 1 8 1 10 12 1 1 10 7 12 1 1 1 10 12 1 10 12 1 1 100 1 8 1 10 12 1 3 8 1 100 1 5 0 1 1 1 1 1 1 1 1 1 1 1 1 1 1 1 1 7 1 1 1 7 1 1 1 1 1 1 1 7 1 1 1 1 1 1 1
ciMethod java/lang/Object toString ()Ljava/lang/String; 12 0 1 0 -1
ciInstanceKlass java/lang/Class 1 1 1611 10 7 12 1 1 1 9 7 12 1 1 1 9 12 1 1 7 1 10 10 12 1 1 8 1 10 12 1 8 1 8 1 10 12 1 1 10 12 1 1 10 12 1 10 10 12 1 10 12 1 1 10 12 1 1 10 7 12 1 1 10 12 1 10 12 1 10 12 1 8 1 10 12 1 8 1 10 12 1 8 1 8 1 10 12 1 1 10 7 12 1 1 1 18 12 1 1 11 7 12 1 1 1 8 1 8 1 8 1 10 7 12 1 1 1 11 12 1 1 7 1 8 1 10 12 1 11 7 12 1 1 1 10 12 1 1 11 8 1 18 8 1 10 12 1 10 7 12 1 1 10 7 12 1 1 1 10 12 1 1 10 7 12 1 1 1 9 100 12 1 1 1 10 100 12 1 1 1 10 7 12 1 1 1 10 12 1 1 18 12 1 1 10 7 12 1 1 1 10 7 12 1 1 10 12 1 1 10 7 1 100 1 10 12 1 1 9 12 1 1 7 1 8 1 10 12 1 10 12 1 1 10 12 1 1 10 7 12 1 1 1 7 1 10 12 1 7 1 7 1 10 10 12 1 1 10 12 1 1 100 1 10 100 12 1 1 1 10 12 1 1 10 12 1 1 9 12 1 1 10 12 1 10 12 1 10 12 1 1 9 12 1 1 9 12 1 1 10 12 1 1 10 7 1 10 12 1 10 12 1 10 12 1 1 10 9 12 1 10 12 1 8 1 10 12 1 1 10 12 1 1 10 12 1 10 12 1 1 10 12 1 1 10 12 1 1 9 7 12 1 1 1 10 7 12 1 1 10 12 10 12 1 10 12 1 1 10 100 12 1 1 10 12 1 10 12 1 1 10 100 12 1 1 1 10 12 1 10 12 1 1 10 12 1 10 12 1 10 12 1 1 10 7 1 10 10 10 12 1 1 10 12 1 1 10 12 10 12 1 1 100 1 8 1 10 10 12 1 1 10 12 1 100 1 11 12 1 10 7 12 1 1 10 12 1 10 12 1 10 100 12 1 1 10 10 12 1 1 8 1 10 12 1 10 12 1 1 8 1 9 12 1 10 12 1 10 12 1 10 12 1 10 12 100 1 9 12 1 10 12 1 9 12 1 10 12 1 10 12 1 10 12 1 10 10 12 1 10 12 1 10 12 1 10 12 1 10 12 1 10 12 1 100 1 10 12 1 10 12 1 1 10 12 1 1 10 12 1 1 10 12 1 1 10 12 1 1 10 12 1 1 7 1 10 10 12 1 1 10 12 1 1 10 12 1 1 10 10 12 1 10 12 1 1 10 12 1 1 10 12 1 1 10 12 1 1 7 1 10 10 12 11 100 12 1 1 10 12 1 1 10 12 1 10 7 12 1 1 1 10 12 1 1 10 10 12 1 1 100 1 10 10 12 1 1 10 100 12 1 1 1 100 1 7 1 10 12 1 1 10 12 1 10 10 12 1 1 10 12 1 10 12 1 10 12 1 10 100 12 1 1 1 11 7 12 1 1 10 12 1 10 12 1 9 12 1 10 12 1 1 10 12 1 9 12 1 1 100 1 10 9 12 1 1 10 12 100 1 10 12 1 9 12 1 10 100 12 1 1 1 10 12 1 10 12 1 10 100 12 1 1 1 10 12 1 10 12 10 12 1 1 100 1 10 8 1 10 12 1 11 11 12 1 1 11 7 12 1 1 11 12 1 8 1 10 12 1 10 12 1 1 9 12 1 9 12 1 1 10 7 12 1 1 9 12 1 10 12 1 1 10 10 12 1 10 7 12 1 1 1 10 7 12 1 1 10 7 12 1 1 9 12 1 1 10 12 1 9 12 1 10 12 1 10 12 1 1 9 12 1 1 9 12 1 10 12 1 10 12 1 1 9 12 1 7 1 10 10 12 1 1 7 1 10 12 1 1 7 11 7 1 9 12 1 1 9 12 1 100 1 10 12 1 9 12 1 1 9 12 1 10 12 1 10 12 1 1 9 12 1 7 1 10 10 12 1 1 10 10 12 1 1 10 12 10 10 12 1 9 12 1 10 12 1 1 10 7 12 1 1 1 10 12 1 1 10 12 1 8 10 7 8 1 18 8 1 8 1 10 12 1 9 12 1 9 12 1 1 10 12 1 7 1 7 1 10 12 1 9 12 1 1 7 1 10 10 12 1 10 7 1 9 12 1 8 1 10 12 1 7 1 10 12 1 10 12 1 1 9 12 1 100 1 8 1 10 7 1 4 10 10 12 11 7 12 1 1 1 10 12 1 100 1 10 12 1 1 10 8 1 8 1 10 12 1 1 9 7 12 1 1 11 12 7 1 11 7 12 1 1 9 12 1 10 100 12 1 1 1 10 7 12 1 1 10 12 1 1 9 12 1 9 10 12 1 1 10 12 1 1 10 12 1 1 10 12 1 1 10 12 1 1 11 12 1 7 1 11 12 1 10 7 12 1 1 1 10 12 1 100 1 11 12 1 10 100 12 1 1 1 10 12 1 10 11 12 1 11 12 1 1 10 12 1 10 12 1 1 9 12 1 1 9 100 12 1 1 10 12 1 10 100 12 1 1 1 10 12 1 1 10 12 1 10 12 1 10 12 1 10 7 12 1 1 1 10 12 1 8 1 10 12 1 10 12 1 10 12 1 10 100 12 1 1 1 11 100 12 1 1 1 10 12 1 1 10 12 1 18 12 1 1 11 12 1 1 18 11 12 1 18 12 1 11 12 1 10 12 1 1 10 12 1 10 12 1 10 12 10 12 1 8 1 10 12 1 7 1 9 12 1 1 100 1 100 1 100 1 100 1 100 1 1 1 3 1 3 1 3 1 1 1 1 1 1 1 5 0 1 1 1 1 1 1 1 1 1 1 1 1 1 1 1 1 1 1 1 1 1 1 1 100 1 1 1 1 1 1 1 100 1 1 1 1 1 1 7 1 1 1 1 1 1 1 1 1 1 1 1 1 1 1 1 1 1 1 1 1 1 1 1 1 1 1 1 1 1 1 1 1 1 1 1 1 1 100 1 1 1 1 1 1 1 1 1 1 1 1 1 1 1 1 1 1 1 1 1 1 1 1 1 1 1 1 100 1 1 1 1 1 1 1 1 1 1 1 1 1 1 1 1 1 1 1 1 1 1 1 1 1 1 1 1 1 1 1 1 1 1 1 1 1 1 1 1 1 1 1 1 1 1 1 1 1 1 1 1 1 100 1 100 1 1 1 1 1 1 1 1 1 1 1 1 1 1 1 1 1 1 1 1 1 1 1 1 1 1 1 1 1 1 1 1 1 1 1 1 1 1 1 1 1 1 1 1 1 1 1 1 1 1 1 1 1 1 1 1 1 1 1 1 1 1 1 100 1 1 1 1 1 1 1 1 1 1 1 1 1 1 1 1 1 1 1 1 1 1 1 1 1 1 1 1 1 1 1 1 1 1 1 1 1 1 1 1 1 1 1 1 1 1 1 1 1 1 1 1 1 1 1 1 1 1 1 1 1 1 1 1 1 1 1 1 15 10 7 12 1 1 1 16 15 10 12 16 15 11 12 16 1 16 15 16 15 10 12 16 16 15 10 12 16 15 16 1 15 10 12 16 1 1 1 1 1 1 1 1 100 1 1 100 1 100 1 1 100 1 100 1 1
staticfield java/lang/Class EMPTY_CLASS_ARRAY [Ljava/lang/Class; 0 [Ljava/lang/Class;
staticfield java/lang/Class serialPersistentFields [Ljava/io/ObjectStreamField; 0 [Ljava/io/ObjectStreamField;
ciInstanceKlass java/io/Serializable 1 0 7 100 1 100 1 1 1
instanceKlass jdk/internal/vm/vector/VectorSupport$VectorShuffle
instanceKlass jdk/internal/vm/vector/VectorSupport$VectorMask
instanceKlass jdk/internal/vm/vector/VectorSupport$Vector
ciInstanceKlass jdk/internal/vm/vector/VectorSupport$VectorPayload 0 0 32 10 100 12 1 1 1 9 100 12 1 1 1 10 100 12 1 1 1 1 1 1 1 1 1 1 1 1 1 1 1 1
ciInstanceKlass jdk/internal/vm/vector/VectorSupport$VectorShuffle 0 0 28 10 100 12 1 1 1 100 1 1 1 1 1 1 1 1 1 1 1 1 1 1 1 100 1 1 1 1
ciInstanceKlass jdk/internal/vm/vector/VectorSupport$VectorMask 0 0 28 10 100 12 1 1 1 100 1 1 1 1 1 1 1 1 1 1 1 1 1 1 1 100 1 1 1 1
ciInstanceKlass jdk/internal/vm/vector/VectorSupport$Vector 0 0 28 10 100 12 1 1 1 100 1 1 1 1 1 1 1 1 1 1 1 1 1 1 1 100 1 1 1 1
ciInstanceKlass jdk/internal/vm/vector/VectorSupport 0 0 487 100 1 10 100 12 1 1 1 9 12 1 1 10 12 1 1 100 1 10 12 1 11 100 12 1 1 1 11 100 12 1 1 1 11 100 12 1 1 11 100 12 1 1 1 11 100 1 100 1 10 12 1 1 11 100 12 1 1 11 100 12 1 1 100 1 11 100 12 1 1 11 100 12 1 1 11 100 12 1 1 1 11 100 12 1 1 1 11 100 12 1 1 1 11 100 12 1 1 1 100 1 10 12 1 1 11 100 12 1 1 100 1 11 100 12 1 1 11 100 12 1 1 11 100 12 1 1 11 100 1 100 1 9 12 1 1 10 100 12 1 1 11 100 12 1 1 10 12 1 1 10 100 12 1 1 1 10 12 1 10 12 1 1 10 12 1 1 1 1 1 3 1 3 1 3 1 3 1 3 1 3 1 3 1 3 1 3 1 3 1 3 1 3 1 3 1 3 1 3 1 3 1 3 1 3 1 3 1 3 1 3 1 3 1 3 1 3 1 3 1 3 1 3 1 3 1 3 1 3 1 3 1 3 1 3 1 3 1 3 1 3 1 3 1 3 1 3 1 1 1 1 1 3 1 1 1 1 1 1 3 1 1 1 1 1 1 1 1 1 1 1 1 1 1 1 1 1 1 1 1 1 1 1 1 1 1 1 1 1 1 1 1 1 1 1 1 1 1 1 1 1 1 1 1 1 1 1 1 1 1 1 1 1 1 1 1 1 1 1 1 1 1 1 1 1 1 1 1 1 1 1 1 1 1 1 1 1 1 1 1 1 1 1 1 1 1 1 1 1 1 1 1 1 1 1 1 1 1 1 1 1 1 1 1 1 1 1 1 1 1 1 1 1 1 1 1 1 1 1 1 1 1 1 1 1 1 1 1 1 1 1 1 1 1 1 1 1 1 1 1 1 1 1 1 1 1 1 1 1 1 1 1 1 1 1 1 1 1 1 1 1 1 1 1 1 1 1 1 1 1 1 1 1 1 1 1 1 1 1 1 1 1 1 1 1 1 1 1 1 1 1 1 1 1 1 1 1 1 1 100 1 100 1 1 1 1 1 1 1 1 1 1 1 1 1 1 1 1 1 1 1 1 1 1 1 1
ciInstanceKlass java/lang/reflect/RecordComponent 0 0 196 10 100 12 1 1 1 9 100 12 1 1 1 9 12 1 1 9 12 1 10 12 1 1 10 12 1 1 10 100 12 1 1 1 10 12 1 1 9 12 1 1 10 12 1 1 10 12 1 1 10 12 1 10 100 12 1 1 10 100 12 1 1 9 12 1 1 10 100 12 1 1 1 11 100 12 1 1 1 10 9 100 12 1 1 1 10 100 12 1 1 1 9 12 1 1 10 100 12 1 1 1 10 12 1 1 11 100 12 1 1 10 100 12 1 1 100 1 9 12 1 9 12 1 1 9 12 1 10 100 12 1 1 1 10 12 1 1 10 12 1 1 100 1 10 10 12 1 10 12 1 1 8 1 10 12 1 10 12 1 9 12 1 100 1 1 1 1 1 1 1 1 1 1 1 1 1 1 1 1 1 1 1 1 1 1 100 1 1 1 1 1 1 100 1 1
ciInstanceKlass java/util/Iterator 1 1 53 100 1 8 1 10 12 1 1 10 7 12 1 1 1 11 7 12 1 1 1 11 12 1 1 11 7 12 1 1 1 100 1 1 1 1 1 1 1 1 1 1 1 1 1 1 1 1 1 1 1 1 1
ciInstanceKlass java/lang/System 1 1 803 10 100 12 1 1 1 9 7 12 1 1 1 10 12 1 10 12 1 1 10 12 1 1 10 12 1 9 12 1 1 10 7 12 1 1 1 11 100 12 1 1 1 10 100 12 1 1 1 10 12 1 1 10 12 1 1 100 1 8 1 10 12 1 10 100 12 1 1 1 10 7 12 1 1 1 18 12 1 1 10 100 12 1 1 1 100 1 10 12 1 1 10 100 12 1 1 1 10 12 1 10 7 12 1 1 1 9 100 12 1 1 1 10 100 12 1 1 1 11 7 12 1 1 1 10 12 1 1 10 7 12 1 1 1 100 1 10 10 12 1 1 8 1 10 12 1 8 1 10 12 1 9 12 1 1 8 1 10 7 12 1 1 1 10 12 1 1 100 1 8 1 10 9 12 1 1 8 1 10 12 1 1 10 100 12 1 1 1 8 1 10 12 1 100 1 10 12 1 8 1 10 12 1 10 12 1 1 100 1 10 12 10 12 1 9 12 1 1 9 12 1 1 10 7 12 1 1 1 10 7 12 1 1 1 10 12 1 1 10 12 1 10 12 1 10 7 12 1 1 1 10 12 1 100 1 100 1 8 1 10 12 1 10 12 1 1 7 1 10 12 1 100 1 8 1 10 10 12 1 100 1 8 1 10 8 1 10 7 12 1 1 8 1 10 12 100 1 8 1 10 10 12 1 1 10 7 12 1 1 1 100 1 18 12 1 100 1 9 100 12 1 1 1 10 12 1 100 1 10 12 1 1 10 12 1 1 10 7 12 1 1 1 10 12 1 1 10 12 1 10 12 1 10 12 1 1 10 12 1 7 1 10 12 1 10 12 1 100 1 10 12 1 10 7 12 1 1 1 100 1 8 1 10 9 12 1 9 12 1 10 12 1 10 100 12 1 1 10 12 1 10 12 1 1 8 1 10 12 1 1 8 1 11 12 1 10 12 11 12 1 1 11 7 12 1 1 1 11 7 12 1 1 11 12 1 1 7 1 11 12 1 10 12 1 8 1 10 12 1 1 8 1 8 1 8 1 8 1 11 12 1 10 12 1 10 12 1 10 12 1 10 7 12 1 1 8 1 7 1 9 7 12 1 1 1 10 12 1 7 1 9 12 10 9 12 7 1 10 12 8 1 10 12 1 1 8 1 10 7 12 1 1 10 12 1 10 7 12 1 1 1 10 12 1 1 10 7 12 1 1 1 10 12 10 7 12 1 1 1 9 12 1 1 100 1 8 1 10 12 1 1 10 7 12 1 1 1 7 1 10 12 1 1 8 1 10 8 1 8 1 8 1 8 1 10 10 7 12 1 1 10 12 1 1 10 12 1 1 10 12 1 1 10 12 1 10 100 12 1 1 1 10 100 1 8 1 10 10 10 12 1 1 10 12 1 1 8 1 10 12 1 8 1 10 12 1 10 12 1 1 7 1 10 10 12 1 10 12 1 9 12 1 1 1 3 1 3 1 1 1 1 1 1 1 1 1 1 1 1 100 1 1 7 1 1 1 1 1 1 1 1 1 1 1 100 1 100 1 1 1 1 1 1 1 1 1 1 1 1 1 1 1 1 1 1 1 1 1 1 1 1 1 1 1 1 1 1 1 1 1 1 1 1 1 1 1 1 1 1 1 1 1 1 1 1 1 1 1 1 1 1 1 1 1 1 100 1 1 1 1 1 1 1 1 1 1 1 1 1 1 1 1 1 1 1 1 1 1 1 1 1 1 1 1 1 1 1 1 1 100 1 1 15 10 100 12 1 1 1 16 15 10 12 1 1 16 15 10 12 16 1 1 1 1 1 1 1 100 1 100 1 1
staticfield java/lang/System in Ljava/io/InputStream; java/io/BufferedInputStream
staticfield java/lang/System out Ljava/io/PrintStream; java/io/PrintStream
staticfield java/lang/System err Ljava/io/PrintStream; java/io/PrintStream
instanceKlass com/sun/jmx/remote/util/OrderClassLoaders
instanceKlass io/github/classgraph/ClassGraphClassLoader
instanceKlass org/springframework/core/DecoratingClassLoader
instanceKlass javax/management/remote/rmi/RMIConnectionImpl$CombinedClassLoader$ClassLoaderWrapper
instanceKlass javax/management/remote/rmi/RMIConnectionImpl$CombinedClassLoader
instanceKlass com/sun/jmx/remote/util/ClassLoaderWithRepository
instanceKlass jdk/internal/reflect/DelegatingClassLoader
instanceKlass java/security/SecureClassLoader
ciInstanceKlass java/lang/ClassLoader 1 1 1098 9 7 12 1 1 1 10 7 12 1 1 1 9 12 1 1 10 7 12 1 1 1 7 1 10 12 1 1 10 12 1 1 9 12 1 1 10 12 1 1 100 1 10 12 1 10 12 1 1 10 7 12 1 1 1 100 1 8 1 10 12 1 10 7 12 1 1 1 10 100 12 1 10 7 1 10 7 1 7 1 7 1 10 12 1 10 12 1 9 12 1 1 10 10 7 12 1 1 1 9 12 1 1 9 12 1 9 12 1 1 9 12 1 9 12 1 1 9 12 1 1 7 1 10 12 1 9 12 1 1 10 12 1 1 10 7 12 1 1 1 9 12 1 9 12 1 1 9 12 1 10 12 1 1 9 12 10 12 1 1 7 1 10 8 1 10 12 1 1 10 12 1 10 7 1 7 1 10 12 1 1 10 7 12 1 1 1 8 1 10 12 1 10 12 1 10 12 1 1 10 12 1 1 10 12 1 1 10 12 1 1 10 12 1 1 10 12 1 7 1 10 12 1 10 100 12 1 1 1 10 12 1 1 10 12 1 10 12 1 10 12 1 10 12 1 10 12 1 1 10 10 12 1 10 12 1 10 100 12 1 1 10 12 1 1 10 12 1 1 10 12 1 100 1 10 12 1 100 1 10 12 1 10 100 12 1 1 1 10 10 12 1 1 10 12 1 1 100 1 8 1 10 8 1 10 12 1 10 12 1 100 1 8 1 10 12 1 1 10 12 1 1 10 10 12 1 1 10 12 1 1 10 12 1 1 10 7 1 10 12 1 1 10 12 1 1 10 12 1 1 10 12 1 1 10 12 1 1 10 12 1 1 10 12 1 10 7 12 1 1 1 10 12 1 10 12 1 10 12 1 1 10 12 1 10 12 1 10 12 1 10 12 1 1 10 12 1 10 12 1 1 8 1 9 12 1 10 12 1 1 8 1 8 1 10 7 12 1 1 100 1 10 10 12 10 12 1 10 12 1 10 12 1 10 12 1 1 10 7 12 1 1 10 12 1 10 7 1 7 1 10 12 1 1 10 12 1 10 7 1 10 12 1 100 1 18 12 1 10 100 12 1 1 1 10 100 12 1 1 1 10 7 12 1 1 10 12 1 1 10 12 1 10 12 1 1 7 1 10 12 1 10 12 1 1 10 7 12 1 1 10 12 1 8 1 100 1 10 10 12 1 9 12 1 10 7 12 1 1 10 12 1 100 1 8 1 10 12 1 10 8 1 8 1 10 12 1 1 10 12 1 1 10 12 1 1 10 100 12 1 1 1 100 1 100 1 10 12 1 1 100 1 100 1 10 100 12 1 1 10 12 1 10 12 1 1 10 12 1 10 12 1 1 10 12 1 1 9 100 12 1 1 1 10 12 1 1 10 12 1 10 12 1 10 12 1 1 10 12 1 8 1 10 12 1 7 1 18 12 1 1 10 12 1 1 10 12 1 10 12 1 10 12 1 8 1 10 12 1 10 12 1 18 12 1 11 100 12 1 1 1 100 1 10 12 1 1 10 12 1 10 11 12 1 1 10 18 10 12 1 1 11 100 12 1 18 12 1 11 12 1 1 10 12 10 12 1 1 10 12 1 1 7 1 8 1 10 10 12 1 8 1 8 1 10 7 12 1 1 10 12 1 100 1 10 10 12 1 8 1 8 1 8 1 10 12 1 10 12 1 1 10 12 1 10 100 12 1 1 1 11 100 12 1 1 100 1 10 11 10 12 1 10 12 1 10 12 1 1 9 100 12 1 1 9 12 1 1 9 12 9 12 1 9 12 1 9 12 1 8 10 12 1 1 10 7 12 1 1 1 10 12 1 1 10 12 1 1 10 12 1 10 10 12 1 11 12 1 1 10 100 12 1 1 1 100 1 10 12 1 10 12 1 10 12 1 1 1 1 1 1 1 1 1 1 1 1 1 1 1 1 1 1 1 1 1 1 1 1 1 1 1 1 100 1 1 1 1 1 1 1 1 1 1 1 1 1 1 1 1 1 1 1 1 1 100 1 1 1 1 1 1 1 1 1 1 7 1 1 1 1 1 1 1 1 1 1 1 1 1 1 1 1 1 1 1 1 1 1 1 1 1 1 1 1 1 1 1 1 1 1 1 1 1 1 1 1 1 100 1 1 1 1 1 1 1 1 1 1 1 1 1 1 1 1 1 1 100 1 1 1 1 1 1 1 1 1 1 1 1 1 1 1 1 1 1 1 1 1 1 1 1 1 1 1 1 1 1 1 1 1 1 1 1 1 1 1 1 1 1 1 1 1 1 1 1 1 1 1 100 1 1 1 1 1 1 1 1 1 1 1 1 1 1 1 1 1 1 1 1 1 1 1 1 1 1 1 1 1 1 1 1 1 1 1 1 1 1 1 1 1 1 1 1 1 1 15 10 7 12 1 1 1 16 1 15 10 12 16 1 16 15 10 12 16 1 16 1 15 10 12 16 15 10 12 16 15 10 12 16 1 1 100 1 100 1 1
staticfield java/lang/ClassLoader nocerts [Ljava/security/cert/Certificate; 0 [Ljava/security/cert/Certificate;
staticfield java/lang/ClassLoader $assertionsDisabled Z 1
ciInstanceKlass jdk/internal/reflect/DelegatingClassLoader 1 1 18 10 7 12 1 1 1 100 1 1 1 1 1 1 1 1 1 1
instanceKlass jdk/internal/loader/Loader
instanceKlass sun/reflect/misc/MethodUtil
instanceKlass java/net/URLClassLoader
instanceKlass jdk/internal/loader/BuiltinClassLoader
ciInstanceKlass java/security/SecureClassLoader 1 1 102 10 7 12 1 1 1 7 1 10 12 1 9 7 12 1 1 1 10 12 1 10 12 1 10 12 1 1 10 12 1 1 10 12 1 7 1 10 7 1 10 12 1 7 1 10 12 1 11 7 12 1 1 1 7 1 11 12 1 10 12 1 1 1 1 1 1 1 1 1 1 1 1 1 1 1 1 1 1 1 1 1 1 1 1 1 1 1 1 1 1 1 1 1 1 1 1 100 1 1 1 1
instanceKlass jdk/internal/loader/ClassLoaders$BootClassLoader
instanceKlass jdk/internal/loader/ClassLoaders$PlatformClassLoader
instanceKlass jdk/internal/loader/ClassLoaders$AppClassLoader
ciInstanceKlass jdk/internal/loader/BuiltinClassLoader 1 1 737 9 7 12 1 1 1 10 7 12 1 1 1 10 7 12 1 1 1 9 12 1 1 9 12 1 1 7 1 10 12 1 9 12 1 10 12 1 9 12 1 10 7 12 1 1 1 10 7 12 1 1 1 10 7 12 1 1 1 11 7 12 1 1 1 100 1 100 1 10 10 12 1 1 8 1 10 12 1 10 12 7 1 10 12 1 10 12 1 1 11 7 12 1 1 1 11 7 12 1 1 1 11 12 1 1 7 1 8 1 8 1 10 9 12 1 1 10 7 12 1 1 11 12 1 1 10 12 1 1 10 12 1 1 10 12 1 1 10 7 12 1 1 1 10 12 1 10 100 12 1 1 1 10 12 1 1 11 7 12 1 1 1 10 7 12 1 1 7 1 10 7 12 1 1 1 10 12 1 7 1 8 1 10 12 1 1 10 8 1 10 12 1 1 10 12 1 1 10 12 1 1 11 7 12 1 1 11 12 1 7 1 10 11 12 1 1 11 10 12 1 1 7 1 10 12 1 10 7 12 1 10 12 1 7 1 10 12 1 10 7 12 1 1 1 100 1 10 12 1 1 11 12 1 100 1 100 1 10 12 1 10 12 1 1 100 1 100 1 10 12 1 10 12 1 18 12 1 1 10 12 1 10 12 1 1 18 100 1 10 7 12 1 1 1 7 1 10 10 12 1 1 10 12 1 1 10 12 1 1 10 12 1 9 12 1 1 100 1 10 10 12 1 1 10 12 1 1 10 12 1 10 12 10 12 1 1 10 12 1 1 10 12 1 1 10 12 1 10 12 1 1 18 12 1 7 1 10 12 1 1 10 12 1 10 12 1 1 10 12 1 100 1 10 12 1 7 1 10 12 1 10 7 12 1 1 1 10 12 1 11 12 1 7 1 10 12 1 7 1 100 1 10 12 1 10 12 1 11 12 1 1 10 12 1 1 10 12 1 1 10 12 1 1 10 12 1 1 10 12 1 10 12 1 10 12 1 10 12 1 8 1 10 12 1 1 10 7 12 1 1 10 12 1 100 1 8 1 8 1 10 10 12 1 8 1 8 1 10 7 12 1 1 1 11 7 12 1 1 1 9 7 12 1 1 1 10 7 12 1 1 1 9 12 1 9 12 1 9 12 1 9 12 1 9 12 1 9 12 1 10 7 12 1 1 1 8 1 10 12 1 7 1 10 12 1 1 10 12 1 7 1 10 11 12 1 1 10 12 10 12 1 10 12 1 100 1 10 12 1 10 12 1 10 10 12 1 10 7 12 1 1 8 1 10 7 12 1 1 10 12 1 1 1 1 1 1 1 1 1 1 1 1 1 1 1 1 1 1 1 1 1 1 1 1 1 1 1 1 1 1 1 1 1 1 1 1 1 1 1 1 1 1 1 1 1 1 1 1 1 1 1 1 1 1 1 1 100 1 1 1 1 1 1 1 1 1 1 1 1 1 1 1 1 1 1 100 1 100 1 1 1 1 1 1 1 1 1 1 1 1 1 1 1 1 1 1 1 1 1 1 1 1 1 1 1 1 1 1 1 1 1 1 1 1 1 1 1 1 1 1 1 1 1 1 1 1 1 1 1 100 1 1 15 10 100 12 1 1 1 16 15 10 12 16 15 10 12 16 15 10 12 16 1 1 1 100 1 1 1 1 1 100 1 100 1 1
staticfield jdk/internal/loader/BuiltinClassLoader packageToModule Ljava/util/Map; java/util/concurrent/ConcurrentHashMap
staticfield jdk/internal/loader/BuiltinClassLoader $assertionsDisabled Z 1
ciInstanceKlass java/security/AccessController 1 1 295 10 100 12 1 1 1 10 7 12 1 1 1 10 7 12 1 1 1 10 12 1 1 10 12 1 1 10 7 12 1 1 1 10 12 1 1 10 12 1 10 12 1 1 10 12 1 100 1 8 1 10 12 1 10 12 1 10 12 1 1 10 12 1 100 1 7 1 10 12 1 1 10 12 1 10 12 1 10 12 1 1 10 7 12 1 1 1 10 12 1 1 9 100 12 1 1 1 10 100 12 1 1 1 10 12 1 10 12 1 9 100 12 1 1 1 10 12 1 10 12 1 1 9 12 1 1 10 100 1 10 11 7 12 1 1 1 10 7 12 1 1 11 7 1 7 1 10 12 1 10 12 1 10 12 1 8 1 10 12 1 1 8 1 10 100 12 1 1 1 8 1 100 1 10 10 12 1 1 10 12 1 10 7 12 1 1 1 10 12 1 8 1 10 100 12 1 1 8 1 8 1 10 12 1 8 1 10 12 1 10 12 1 1 10 12 1 1 1 1 1 1 1 1 1 1 1 1 1 1 1 1 1 1 1 1 1 1 1 1 1 1 1 1 100 1 1 1 1 1 1 1 1 1 1 1 1 1 1 1 1 1 1 1 1 1 1 1 1 1 1 1 1 1 1 1 1 1 1 100 1 7 1 1 1 1 1 1 1 1 1 3 1 1 1
staticfield java/security/AccessController $assertionsDisabled Z 1
instanceKlass jdk/internal/reflect/GeneratedConstructorAccessor56
instanceKlass jdk/internal/reflect/GeneratedConstructorAccessor55
instanceKlass jdk/internal/reflect/GeneratedConstructorAccessor54
instanceKlass jdk/internal/reflect/GeneratedConstructorAccessor53
instanceKlass jdk/internal/reflect/GeneratedConstructorAccessor52
instanceKlass jdk/internal/reflect/GeneratedConstructorAccessor51
instanceKlass jdk/internal/reflect/GeneratedConstructorAccessor50
instanceKlass jdk/internal/reflect/GeneratedConstructorAccessor49
instanceKlass jdk/internal/reflect/GeneratedConstructorAccessor48
instanceKlass jdk/internal/reflect/GeneratedConstructorAccessor47
instanceKlass jdk/internal/reflect/GeneratedConstructorAccessor46
instanceKlass jdk/internal/reflect/GeneratedConstructorAccessor45
instanceKlass jdk/internal/reflect/GeneratedConstructorAccessor44
instanceKlass jdk/internal/reflect/GeneratedConstructorAccessor43
instanceKlass jdk/internal/reflect/GeneratedConstructorAccessor42
instanceKlass jdk/internal/reflect/GeneratedConstructorAccessor41
instanceKlass jdk/internal/reflect/GeneratedConstructorAccessor40
instanceKlass jdk/internal/reflect/GeneratedConstructorAccessor39
instanceKlass jdk/internal/reflect/GeneratedConstructorAccessor38
instanceKlass jdk/internal/reflect/GeneratedConstructorAccessor37
instanceKlass jdk/internal/reflect/GeneratedConstructorAccessor36
instanceKlass jdk/internal/reflect/GeneratedConstructorAccessor35
instanceKlass jdk/internal/reflect/GeneratedConstructorAccessor34
instanceKlass jdk/internal/reflect/GeneratedConstructorAccessor33
instanceKlass jdk/internal/reflect/GeneratedConstructorAccessor32
instanceKlass jdk/internal/reflect/GeneratedConstructorAccessor31
instanceKlass jdk/internal/reflect/GeneratedConstructorAccessor30
instanceKlass jdk/internal/reflect/GeneratedConstructorAccessor29
instanceKlass jdk/internal/reflect/GeneratedConstructorAccessor28
instanceKlass jdk/internal/reflect/GeneratedConstructorAccessor27
instanceKlass jdk/internal/reflect/GeneratedConstructorAccessor26
instanceKlass jdk/internal/reflect/GeneratedConstructorAccessor25
instanceKlass jdk/internal/reflect/GeneratedConstructorAccessor24
instanceKlass jdk/internal/reflect/GeneratedConstructorAccessor23
instanceKlass jdk/internal/reflect/GeneratedConstructorAccessor22
instanceKlass jdk/internal/reflect/GeneratedConstructorAccessor21
instanceKlass jdk/internal/reflect/GeneratedConstructorAccessor20
instanceKlass jdk/internal/reflect/GeneratedConstructorAccessor19
instanceKlass jdk/internal/reflect/GeneratedConstructorAccessor18
instanceKlass jdk/internal/reflect/GeneratedConstructorAccessor17
instanceKlass jdk/internal/reflect/GeneratedConstructorAccessor16
instanceKlass jdk/internal/reflect/GeneratedConstructorAccessor15
instanceKlass jdk/internal/reflect/GeneratedConstructorAccessor14
instanceKlass jdk/internal/reflect/GeneratedConstructorAccessor13
instanceKlass jdk/internal/reflect/GeneratedConstructorAccessor12
instanceKlass jdk/internal/reflect/GeneratedConstructorAccessor11
instanceKlass jdk/internal/reflect/GeneratedConstructorAccessor10
instanceKlass jdk/internal/reflect/GeneratedConstructorAccessor9
instanceKlass jdk/internal/reflect/GeneratedConstructorAccessor8
instanceKlass jdk/internal/reflect/GeneratedConstructorAccessor7
instanceKlass jdk/internal/reflect/GeneratedConstructorAccessor6
instanceKlass jdk/internal/reflect/GeneratedConstructorAccessor5
instanceKlass jdk/internal/reflect/GeneratedConstructorAccessor4
instanceKlass jdk/internal/reflect/GeneratedConstructorAccessor3
instanceKlass jdk/internal/reflect/GeneratedConstructorAccessor2
instanceKlass jdk/internal/reflect/SerializationConstructorAccessorImpl
instanceKlass jdk/internal/reflect/BootstrapConstructorAccessorImpl
instanceKlass jdk/internal/reflect/GeneratedConstructorAccessor1
instanceKlass jdk/internal/reflect/DelegatingConstructorAccessorImpl
instanceKlass jdk/internal/reflect/NativeConstructorAccessorImpl
ciInstanceKlass jdk/internal/reflect/ConstructorAccessorImpl 1 1 27 10 7 12 1 1 1 100 1 100 1 1 1 1 1 1 1 1 1 100 1 100 1 100 1 1 1
instanceKlass jdk/internal/reflect/FieldAccessorImpl
instanceKlass jdk/internal/reflect/ConstructorAccessorImpl
instanceKlass jdk/internal/reflect/MethodAccessorImpl
ciInstanceKlass jdk/internal/reflect/MagicAccessorImpl 1 1 16 10 7 12 1 1 1 100 1 1 1 1 1 1 1 1
instanceKlass jdk/internal/reflect/GeneratedMethodAccessor45
instanceKlass jdk/internal/reflect/GeneratedMethodAccessor44
instanceKlass jdk/internal/reflect/GeneratedMethodAccessor43
instanceKlass jdk/internal/reflect/GeneratedMethodAccessor42
instanceKlass jdk/internal/reflect/GeneratedMethodAccessor41
instanceKlass jdk/internal/reflect/GeneratedMethodAccessor40
instanceKlass jdk/internal/reflect/GeneratedMethodAccessor39
instanceKlass jdk/internal/reflect/GeneratedMethodAccessor38
instanceKlass jdk/internal/reflect/GeneratedMethodAccessor37
instanceKlass jdk/internal/reflect/GeneratedMethodAccessor36
instanceKlass jdk/internal/reflect/GeneratedMethodAccessor35
instanceKlass jdk/internal/reflect/GeneratedMethodAccessor34
instanceKlass jdk/internal/reflect/GeneratedMethodAccessor33
instanceKlass jdk/internal/reflect/GeneratedMethodAccessor32
instanceKlass jdk/internal/reflect/GeneratedMethodAccessor31
instanceKlass jdk/internal/reflect/GeneratedMethodAccessor30
instanceKlass jdk/internal/reflect/GeneratedMethodAccessor29
instanceKlass jdk/internal/reflect/GeneratedMethodAccessor28
instanceKlass jdk/internal/reflect/GeneratedMethodAccessor27
instanceKlass jdk/internal/reflect/GeneratedMethodAccessor26
instanceKlass jdk/internal/reflect/GeneratedMethodAccessor25
instanceKlass jdk/internal/reflect/GeneratedMethodAccessor24
instanceKlass jdk/internal/reflect/GeneratedMethodAccessor23
instanceKlass jdk/internal/reflect/GeneratedMethodAccessor22
instanceKlass jdk/internal/reflect/GeneratedMethodAccessor21
instanceKlass jdk/internal/reflect/GeneratedMethodAccessor20
instanceKlass jdk/internal/reflect/GeneratedMethodAccessor19
instanceKlass jdk/internal/reflect/GeneratedMethodAccessor18
instanceKlass jdk/internal/reflect/GeneratedMethodAccessor17
instanceKlass jdk/internal/reflect/GeneratedMethodAccessor16
instanceKlass jdk/internal/reflect/GeneratedMethodAccessor15
instanceKlass jdk/internal/reflect/GeneratedMethodAccessor14
instanceKlass jdk/internal/reflect/GeneratedMethodAccessor13
instanceKlass jdk/internal/reflect/GeneratedMethodAccessor12
instanceKlass jdk/internal/reflect/GeneratedMethodAccessor11
instanceKlass jdk/internal/reflect/GeneratedMethodAccessor10
instanceKlass jdk/internal/reflect/GeneratedMethodAccessor9
instanceKlass jdk/internal/reflect/GeneratedMethodAccessor8
instanceKlass jdk/internal/reflect/GeneratedMethodAccessor7
instanceKlass jdk/internal/reflect/GeneratedMethodAccessor6
instanceKlass jdk/internal/reflect/GeneratedMethodAccessor5
instanceKlass jdk/internal/reflect/GeneratedMethodAccessor4
instanceKlass jdk/internal/reflect/GeneratedMethodAccessor3
instanceKlass jdk/internal/reflect/GeneratedMethodAccessor2
instanceKlass jdk/internal/reflect/GeneratedMethodAccessor1
instanceKlass jdk/internal/reflect/DelegatingMethodAccessorImpl
instanceKlass jdk/internal/reflect/NativeMethodAccessorImpl
ciInstanceKlass jdk/internal/reflect/MethodAccessorImpl 1 1 25 10 7 12 1 1 1 100 1 100 1 1 1 1 1 1 1 1 1 100 1 100 1 1 1
ciInstanceKlass java/lang/Module 1 1 959 10 7 12 1 1 1 9 7 12 1 1 1 10 7 12 1 1 1 9 12 1 9 12 1 1 9 12 1 1 10 12 1 1 10 12 1 10 12 1 1 10 7 12 1 1 1 7 1 10 7 12 1 1 1 10 12 1 1 11 7 12 1 1 1 10 12 1 1 10 7 12 1 1 1 10 12 1 1 10 7 12 1 1 1 9 100 12 1 1 1 10 100 12 1 1 1 10 12 1 8 1 10 7 12 1 1 1 10 7 12 1 1 1 9 12 1 1 9 12 1 1 10 12 1 9 12 1 1 11 12 1 9 7 12 1 1 10 7 12 1 1 1 10 100 12 1 1 1 10 12 1 1 100 1 7 1 10 10 12 1 1 8 1 10 12 1 10 12 10 12 1 10 12 1 1 10 12 1 1 10 12 1 1 9 7 12 1 1 1 10 12 1 1 10 12 1 1 9 12 1 10 12 1 10 12 1 9 12 1 1 11 7 12 1 1 10 12 1 1 9 12 1 9 12 1 10 12 1 10 12 1 100 1 8 1 10 10 12 1 1 10 12 1 8 1 10 12 1 1 8 1 8 1 10 12 1 1 10 12 1 10 12 1 1 18 12 1 1 10 12 1 1 11 12 1 9 12 1 11 12 10 100 12 1 1 100 1 8 1 10 7 1 11 12 1 1 10 12 1 10 12 1 10 12 1 1 11 12 1 1 11 7 12 1 1 11 12 1 1 9 12 1 11 12 1 10 12 1 1 10 12 1 1 9 12 1 10 12 10 7 12 1 1 10 7 12 1 1 10 7 1 18 12 1 1 11 100 12 1 1 1 18 12 1 11 12 1 1 10 100 12 1 1 1 11 12 1 1 10 7 12 1 1 4 7 1 11 12 1 7 1 7 1 10 10 7 12 1 1 1 10 11 7 12 1 8 1 10 10 12 1 1 10 7 12 1 1 10 12 1 10 12 1 7 1 10 12 1 10 11 12 1 1 10 12 10 12 1 1 9 12 1 100 1 10 10 12 1 1 11 100 1 10 12 1 1 11 12 1 10 10 12 1 11 10 12 1 1 10 12 1 1 10 12 1 1 10 7 12 1 1 10 12 1 10 12 1 1 10 10 12 1 1 10 12 1 18 12 1 11 12 1 18 12 1 10 12 1 10 12 1 10 12 7 1 10 12 1 10 12 1 10 12 1 9 12 1 7 1 10 10 10 10 12 1 10 12 1 10 12 1 10 12 1 1 10 12 1 1 10 12 1 9 12 1 18 12 1 1 10 100 12 1 1 1 100 1 8 1 10 12 1 1 10 12 1 1 10 100 12 1 1 100 1 10 12 1 1 100 1 8 1 100 1 10 100 1 100 1 3 10 12 1 100 1 10 12 1 10 12 1 1 10 12 1 1 100 1 10 12 1 10 12 1 1 100 1 100 1 10 12 8 1 10 12 1 1 10 12 1 1 10 7 12 1 1 10 12 1 1 10 12 1 10 12 10 12 1 1 100 1 10 10 12 1 1 10 100 12 1 1 1 100 1 8 1 10 12 1 1 10 7 12 1 1 8 1 10 12 1 8 1 10 12 1 10 12 10 12 1 8 1 10 10 100 12 1 1 7 1 10 10 12 1 10 7 12 1 1 9 12 1 9 12 1 9 12 1 9 12 1 10 12 11 12 1 10 12 1 100 1 1 1 1 1 1 1 1 1 1 1 1 1 1 1 1 100 1 1 1 1 1 1 1 1 1 1 1 1 1 1 1 1 1 1 1 1 1 1 1 1 1 1 1 1 1 1 1 1 1 1 1 1 1 1 1 1 1 1 1 1 1 1 1 1 1 1 1 1 1 1 1 1 1 1 1 1 1 1 1 1 1 1 1 1 1 1 1 1 1 1 1 1 1 1 1 1 1 1 1 100 100 1 1 1 1 1 1 1 1 1 1 1 1 1 1 1 1 1 1 1 1 1 1 1 1 1 1 1 1 1 1 1 1 1 1 100 1 100 1 7 1 1 1 1 1 1 1 1 1 1 1 1 1 1 1 1 1 1 1 1 1 1 1 1 1 1 1 1 15 10 7 12 1 1 1 16 15 10 12 16 16 15 10 12 16 16 15 10 16 1 15 10 12 16 1 15 10 12 16 1 16 15 10 12 16 1 1 1 1 1 1 1 100 1 100 1 1
staticfield java/lang/Module ALL_UNNAMED_MODULE Ljava/lang/Module; java/lang/Module
staticfield java/lang/Module ALL_UNNAMED_MODULE_SET Ljava/util/Set; java/util/ImmutableCollections$Set12
staticfield java/lang/Module EVERYONE_MODULE Ljava/lang/Module; java/lang/Module
staticfield java/lang/Module EVERYONE_SET Ljava/util/Set; java/util/ImmutableCollections$Set12
staticfield java/lang/Module $assertionsDisabled Z 1
instanceKlass io/github/classgraph/PotentiallyUnmodifiableList
instanceKlass com/alibaba/nacos/shaded/io/grpc/netty/shaded/io/netty/util/internal/RecyclableArrayList
instanceKlass org/springframework/beans/factory/support/ManagedList
instanceKlass javax/management/AttributeList
ciInstanceKlass java/util/ArrayList 1 1 492 10 7 12 1 1 1 7 1 9 7 12 1 1 1 9 12 1 100 1 100 1 10 8 1 10 12 1 1 10 12 1 10 12 1 1 10 12 1 9 12 1 11 7 12 1 1 1 9 12 1 1 10 12 1 1 7 10 7 12 1 1 1 9 12 1 10 12 1 10 12 1 1 10 7 12 1 1 1 10 7 12 1 1 1 10 12 1 1 10 12 1 1 10 12 1 1 10 12 1 10 12 1 1 100 1 100 1 10 12 1 10 7 12 1 1 1 10 7 12 1 1 10 12 1 10 12 10 12 1 1 10 12 1 1 10 12 1 1 7 1 10 12 1 1 10 12 1 1 10 12 1 100 1 10 11 12 1 1 11 7 12 1 1 1 11 12 1 10 12 1 10 12 1 10 12 1 1 100 1 10 12 1 1 10 10 12 1 1 10 12 1 8 1 8 1 8 1 8 1 10 12 1 1 10 12 1 1 11 12 1 100 1 10 100 12 1 1 10 12 1 10 12 1 1 10 100 12 1 1 10 12 1 10 100 12 1 1 1 11 100 12 1 1 1 10 12 1 100 1 8 1 10 7 1 10 12 1 7 1 10 12 1 10 12 1 1 7 1 10 12 1 10 12 1 1 11 7 12 1 1 7 1 10 12 1 10 12 1 1 11 7 12 1 1 10 12 1 1 10 12 1 1 10 12 1 1 10 12 1 1 11 100 12 1 1 10 12 1 1 100 1 100 1 100 1 1 1 1 5 0 1 3 1 1 1 1 1 1 1 1 1 1 1 1 1 1 1 1 1 1 1 1 1 1 1 1 1 1 1 1 1 1 1 1 1 1 1 1 1 1 1 1 1 1 1 1 1 1 1 1 1 1 1 1 1 1 1 1 1 1 1 1 1 1 1 1 1 1 1 1 1 1 1 1 1 1 1 1 1 1 1 1 1 1 1 1 1 1 1 1 1 1 1 1 1 1 1 1 100 1 1 1 1 100 1 1 1 1 1 1 1 1 1 1 1 1 1 1 1 1 1 1 1 1 1 1 1 1 1 1 1 1 1 100 1 1 1 1 1 1 1 1 1 1 1 1 1 1 1 1 1 1 100 1 100 1 1 1 1 1 1
staticfield java/util/ArrayList EMPTY_ELEMENTDATA [Ljava/lang/Object; 0 [Ljava/lang/Object;
staticfield java/util/ArrayList DEFAULTCAPACITY_EMPTY_ELEMENTDATA [Ljava/lang/Object; 0 [Ljava/lang/Object;
instanceKlass com/fasterxml/jackson/core/util/InternCache
ciInstanceKlass java/util/concurrent/ConcurrentHashMap 1 1 1210 7 1 7 1 3 10 12 1 1 3 100 1 10 7 12 1 1 1 100 1 10 100 12 1 1 1 100 1 11 12 1 1 11 12 1 11 12 1 1 9 12 1 1 9 12 1 1 9 12 1 10 7 12 1 1 1 7 1 10 12 1 1 10 12 1 1 10 7 12 1 1 1 4 10 12 1 9 12 1 10 12 1 1 100 1 10 5 0 10 12 1 10 12 1 1 5 0 10 12 1 1 10 12 1 9 12 1 1 10 12 1 1 9 12 1 9 12 1 1 10 12 1 1 9 12 1 10 12 1 1 9 12 1 1 10 12 1 1 100 1 10 7 1 10 12 1 10 12 1 1 10 12 1 1 10 12 1 1 10 12 1 10 12 1 1 10 12 1 1 100 1 10 12 1 1 7 1 100 1 8 1 10 12 1 10 12 1 1 10 12 1 1 11 7 12 1 1 10 12 1 1 11 12 1 1 11 7 12 1 1 1 11 7 12 1 1 1 11 12 1 7 1 11 12 1 11 12 1 10 12 1 1 10 12 1 1 9 12 1 1 10 100 12 1 1 1 9 10 12 1 1 9 12 1 10 12 1 1 5 0 9 12 1 1 7 1 10 12 1 9 12 1 1 7 1 10 12 1 9 12 1 7 1 10 100 1 10 10 12 1 1 8 1 10 12 1 10 12 1 1 11 100 1 10 12 1 10 100 12 1 1 1 8 1 10 100 12 1 1 1 8 1 10 12 1 8 1 10 12 1 10 12 1 1 10 100 12 1 1 10 12 1 10 12 1 10 12 1 9 12 1 9 10 12 1 9 12 1 1 11 7 12 1 1 1 11 7 12 1 1 1 100 1 10 12 11 100 12 1 1 10 11 7 12 1 10 12 1 100 1 10 12 1 7 1 10 10 9 7 12 1 1 1 10 12 3 10 7 12 1 1 9 12 1 10 12 1 1 9 12 1 1 9 12 1 10 12 1 1 10 7 12 1 1 9 12 1 9 7 12 1 1 10 12 1 1 10 12 1 3 9 12 1 9 12 1 10 12 1 1 7 1 9 3 9 12 1 100 1 10 12 1 9 12 1 10 12 1 9 12 1 10 12 1 9 12 1 10 100 12 1 1 1 100 10 12 1 100 1 5 0 10 100 12 1 1 100 1 10 12 1 1 10 12 1 10 12 1 100 1 10 12 1 10 100 1 100 1 10 10 12 1 10 100 1 10 12 1 10 100 1 10 12 1 10 100 1 10 12 1 1 100 1 10 12 1 10 10 12 1 100 1 10 12 1 10 10 12 1 100 1 10 12 1 10 100 1 10 12 1 10 100 1 10 12 1 10 100 1 10 12 1 10 100 1 10 12 1 10 100 1 10 12 1 10 100 1 10 12 1 10 100 1 10 12 1 10 100 1 10 10 100 1 10 10 100 1 10 10 100 1 10 12 1 10 100 1 10 12 1 10 100 1 10 12 1 10 100 1 10 12 1 10 100 1 10 12 1 10 100 1 10 10 100 1 10 10 100 1 10 10 100 1 10 12 1 10 100 1 10 12 1 10 100 1 10 12 1 10 100 1 10 12 1 10 100 1 10 12 1 10 10 12 1 10 7 12 1 1 1 10 12 1 7 1 7 1 10 12 1 9 12 1 1 9 12 1 1 10 12 1 1 8 10 12 1 1 8 8 8 8 7 10 12 1 1 10 12 1 100 1 8 1 10 7 1 100 1 100 1 1 1 5 0 1 1 3 1 3 1 1 1 1 3 1 3 1 3 1 1 1 1 1 3 1 3 1 3 1 1 1 1 1 1 1 1 1 1 1 1 1 1 1 1 1 1 1 1 1 1 1 1 1 100 1 1 1 1 1 1 1 1 1 1 1 1 1 1 1 1 1 1 1 1 1 1 1 1 1 1 1 1 1 1 1 1 1 1 1 1 1 1 1 1 1 1 1 1 1 1 1 1 1 1 1 1 1 1 1 1 1 1 1 1 1 1 1 1 1 1 1 1 1 1 1 1 1 1 1 1 1 1 1 1 1 1 1 1 100 1 1 1 1 1 1 1 1 1 1 1 100 1 1 1 1 1 1 1 1 1 1 1 1 1 1 1 1 1 1 1 1 1 1 1 1 1 1 1 1 1 1 1 1 1 1 1 1 1 1 1 1 1 1 1 1 1 1 1 1 1 1 1 1 1 1 1 1 1 1 1 1 1 1 1 1 1 1 1 1 1 1 1 1 1 1 1 1 1 1 1 1 1 1 1 1 1 1 1 1 1 1 1 1 1 1 1 1 1 1 1 1 1 1 1 1 1 1 1 1 1 1 1 1 1 1 1 1 1 1 1 1 1 1 1 1 1 1 1 1 1 1 1 1 1 1 1 1 1 1 1 1 1 1 1 1 1 1 1 1 1 1 1 1 1 1 1 1 1 1 1 1 1 1 1 1 1 1 1 1 1 1 1 1 1 1 1 1 1 1 1 1 1 1 1 1 1 1 1 1 1 1 1 1 1 1 1 1 1 1 1 1 1 1 1 1 1 1 1 1 1 1 1 1 1 1 1 1 1 1 1 1 1 1 1 100 1 100 1 100 1 100 1 100 1 100 1 100 1 100 1 100 1 1 1 1 1 1 1 1 1 1 1 1 1 1 1 1 1 1 1 1 1 1 1 1 1 1 1 1 1 1 1 1 1 1 1 1 1 1 1 1 1 1 1 1 1 1 1 1 1 1 1 1 1 1 1 1 1 1
staticfield java/util/concurrent/ConcurrentHashMap NCPU I 8
staticfield java/util/concurrent/ConcurrentHashMap serialPersistentFields [Ljava/io/ObjectStreamField; 3 [Ljava/io/ObjectStreamField;
staticfield java/util/concurrent/ConcurrentHashMap U Ljdk/internal/misc/Unsafe; jdk/internal/misc/Unsafe
staticfield java/util/concurrent/ConcurrentHashMap SIZECTL J 20
staticfield java/util/concurrent/ConcurrentHashMap TRANSFERINDEX J 32
staticfield java/util/concurrent/ConcurrentHashMap BASECOUNT J 24
staticfield java/util/concurrent/ConcurrentHashMap CELLSBUSY J 36
staticfield java/util/concurrent/ConcurrentHashMap CELLVALUE J 144
staticfield java/util/concurrent/ConcurrentHashMap ABASE I 16
staticfield java/util/concurrent/ConcurrentHashMap ASHIFT I 2
ciInstanceKlass java/lang/String 1 1 1396 10 7 12 1 1 1 8 1 9 7 12 1 1 1 9 12 1 1 9 12 1 1 10 12 1 10 12 1 1 10 12 1 1 9 12 1 1 10 7 12 1 1 1 10 7 1 10 7 12 1 1 1 10 12 1 1 10 12 1 1 10 12 1 10 12 1 1 10 12 1 10 7 12 1 1 1 9 7 12 1 1 1 10 7 12 1 1 1 10 12 1 1 10 12 1 1 10 12 1 1 10 12 1 1 10 12 1 1 9 7 12 1 1 10 12 9 7 12 1 1 3 10 7 12 1 1 1 7 1 11 12 1 1 11 12 1 11 12 1 1 10 7 12 1 1 1 10 12 1 1 9 7 12 1 1 1 10 12 1 1 10 12 1 11 12 1 1 10 12 1 1 10 12 10 12 1 1 10 100 12 1 1 1 10 7 12 1 1 1 10 12 1 1 7 1 100 1 10 12 1 10 12 1 10 12 1 1 100 1 10 12 1 1 100 1 10 12 1 1 10 12 1 1 10 10 12 1 100 1 100 1 7 1 10 12 1 10 12 1 1 10 12 1 1 10 12 1 10 12 1 1 10 12 1 1 10 7 12 1 1 7 1 11 11 12 1 11 12 1 10 12 1 1 10 12 1 10 12 10 12 1 1 10 10 100 12 1 1 1 10 100 12 1 1 10 12 1 1 10 100 12 1 1 10 12 1 10 12 1 1 10 12 1 1 10 12 1 10 12 1 10 12 1 1 100 1 10 12 1 1 10 12 10 12 1 10 12 1 1 10 7 12 1 1 1 10 12 1 10 12 1 1 10 12 1 10 12 1 3 3 10 12 1 10 12 1 1 10 12 1 1 10 12 1 1 10 12 1 10 12 1 1 10 12 1 1 10 12 1 10 12 1 10 12 1 10 12 1 1 10 12 1 10 12 1 10 12 1 10 12 1 10 12 1 10 12 1 10 100 1 10 8 1 10 12 1 1 10 12 1 8 1 10 12 1 1 10 12 10 12 1 8 1 10 10 12 1 1 10 12 1 1 10 12 1 10 12 1 1 10 12 10 100 1 10 10 12 1 10 12 1 10 12 1 10 10 12 1 10 12 1 1 10 12 1 7 1 10 10 12 1 100 1 10 10 12 1 10 12 1 1 10 12 1 10 12 1 1 10 10 12 1 1 10 100 1 10 10 12 1 10 12 1 1 10 12 1 1 10 100 1 10 12 1 10 12 1 10 12 1 10 12 1 1 10 12 1 11 7 1 11 12 10 12 1 10 12 1 1 10 12 1 1 10 10 12 1 10 12 1 9 12 1 1 11 7 12 1 1 1 10 10 12 1 10 12 1 1 10 10 12 1 10 12 1 10 12 1 1 9 12 1 10 12 1 1 10 10 12 1 1 10 12 10 10 12 1 10 12 10 10 12 10 10 12 1 10 12 1 10 12 10 10 12 10 12 1 10 12 10 12 10 10 12 1 10 12 1 1 10 12 1 10 10 12 1 10 7 12 1 1 1 10 12 1 1 10 10 7 12 1 1 1 11 10 12 1 10 12 1 1 10 12 1 1 10 7 12 1 1 1 10 12 1 10 10 12 1 10 12 1 10 12 1 10 100 12 1 1 10 12 1 100 1 100 1 8 1 10 10 10 12 1 8 1 10 12 1 3 3 7 1 10 10 12 1 10 12 1 10 12 1 1 10 12 1 1 11 7 12 1 1 1 7 1 10 12 1 1 10 12 1 10 12 1 1 10 12 1 1 8 1 10 12 1 1 10 12 1 11 7 12 1 1 1 11 7 12 1 1 11 12 1 1 10 12 1 10 12 1 1 10 10 7 12 1 1 1 10 12 1 10 12 1 10 10 12 10 12 1 1 10 10 12 1 10 10 12 1 10 10 12 1 10 10 12 1 10 12 1 1 10 10 12 1 8 1 10 12 1 1 18 12 1 1 11 100 12 1 1 1 7 1 3 18 12 1 18 12 1 8 1 10 100 12 1 1 1 11 12 1 1 10 12 10 10 12 1 10 11 12 1 1 10 12 1 1 11 12 1 18 3 11 10 12 1 11 11 10 12 1 10 12 1 1 8 1 10 12 1 10 12 1 10 12 1 1 10 10 12 1 11 100 12 1 7 1 100 1 10 12 1 7 1 10 10 7 12 1 1 1 100 1 10 7 1 10 10 12 1 10 10 12 1 8 1 10 10 12 1 8 1 8 1 10 12 1 10 12 1 10 10 12 10 7 12 1 1 10 100 12 1 1 10 7 12 1 1 8 1 10 12 1 10 12 1 1 10 10 12 8 1 8 1 10 8 1 8 1 8 1 8 1 10 12 1 10 12 1 8 1 10 100 12 1 1 1 10 12 10 12 1 1 10 12 10 10 12 10 12 7 1 9 12 1 1 7 1 10 100 1 100 1 100 1 100 1 1 1 1 1 1 5 0 1 1 1 1 1 3 1 3 1 1 1 1 1 1 1 1 1 1 1 1 1 1 1 100 1 1 1 100 1 1 1 1 1 1 1 1 1 1 1 1 1 1 1 1 1 1 1 1 1 1 1 1 1 1 1 100 1 1 1 1 1 1 1 1 1 100 1 1 1 1 1 1 1 1 1 1 1 1 1 1 1 1 1 1 1 1 1 1 1 1 1 1 1 1 1 1 1 1 1 1 1 1 1 1 1 1 1 1 1 1 1 1 1 1 1 1 1 1 1 1 1 1 1 1 1 1 1 1 1 1 1 1 1 1 1 1 1 1 1 1 1 1 1 1 1 1 1 1 1 1 1 1 1 1 1 1 1 1 1 1 1 1 1 1 1 1 1 1 1 1 1 1 1 1 1 1 1 1 1 1 1 1 1 1 1 1 1 1 1 1 1 1 1 1 1 1 1 1 1 1 1 1 1 1 1 1 1 1 1 1 1 1 1 1 1 1 1 1 1 1 1 1 1 1 1 1 1 1 1 1 1 1 1 1 1 100 1 1 1 1 1 1 1 1 1 1 1 1 1 1 1 1 1 1 1 1 1 1 1 1 100 1 1 1 1 1 1 1 1 1 1 1 1 1 7 1 1 1 1 1 1 1 1 1 1 1 1 1 1 1 15 10 100 12 1 1 1 16 15 10 12 16 15 10 12 15 10 12 15 10 12 1 1 1 1 100 1 100 1 1 1
staticfield java/lang/String COMPACT_STRINGS Z 1
staticfield java/lang/String serialPersistentFields [Ljava/io/ObjectStreamField; 0 [Ljava/io/ObjectStreamField;
staticfield java/lang/String CASE_INSENSITIVE_ORDER Ljava/util/Comparator; java/lang/String$CaseInsensitiveComparator
ciInstanceKlass java/security/ProtectionDomain 1 1 324 10 7 12 1 1 1 9 7 12 1 1 1 7 1 10 9 12 1 1 9 12 1 1 9 12 1 1 10 7 12 1 1 7 1 9 12 1 9 12 1 1 7 1 9 12 1 1 9 12 1 10 7 12 1 1 10 7 12 1 1 1 10 12 1 1 10 12 1 9 12 1 9 100 12 1 1 10 12 1 1 10 100 1 10 12 1 1 8 1 100 1 8 1 10 12 1 10 10 100 12 1 1 1 10 12 1 1 8 1 11 8 1 10 12 1 8 1 8 1 10 12 1 1 10 12 1 10 12 1 1 10 12 1 8 1 10 12 1 8 1 8 1 10 100 12 1 1 1 9 100 12 1 1 1 10 12 1 1 9 100 12 1 1 1 10 100 12 1 1 1 100 1 100 1 10 12 1 10 100 12 1 1 1 10 100 1 10 12 1 10 12 1 1 11 100 12 1 1 11 12 1 100 1 11 100 12 1 1 1 10 12 1 10 11 12 1 1 11 12 1 1 10 12 1 10 7 12 1 1 10 100 12 1 1 11 12 1 10 12 8 1 8 1 10 7 12 1 1 1 7 1 10 10 7 12 1 1 1 1 1 1 1 1 1 1 100 1 1 100 1 1 1 1 1 1 1 1 1 1 1 1 1 1 1 1 1 1 1 1 1 1 1 1 1 1 1 1 1 1 1 1 1 1 1 1 1 1 1 1 1 1 100 1 1 1 1 1 100 1 1 1 1 1
staticfield java/security/ProtectionDomain filePermCompatInPD Z 0
ciInstanceKlass java/security/CodeSource 1 1 395 10 7 12 1 1 1 9 7 12 1 1 1 9 12 1 1 9 12 1 1 9 12 1 1 10 7 12 1 1 1 9 12 1 1 10 100 12 1 1 10 100 10 7 12 1 1 1 10 100 12 1 1 1 10 12 1 1 100 1 10 10 100 12 1 1 1 10 100 12 1 1 1 10 12 1 1 10 12 1 100 1 10 12 1 1 10 12 1 1 10 12 1 1 10 12 1 10 10 10 12 1 1 10 7 12 1 1 1 10 12 1 10 12 1 10 12 1 8 1 10 12 1 10 12 1 10 12 1 1 10 12 1 8 1 10 12 1 1 10 100 1 10 10 12 1 1 8 1 10 12 1 10 12 1 10 12 1 8 1 8 1 9 12 1 1 100 1 8 1 10 12 1 10 12 1 1 8 1 10 12 1 8 1 8 1 8 1 10 100 12 1 1 10 12 1 1 10 12 1 10 12 1 1 10 12 1 1 10 12 1 1 100 1 100 1 10 12 1 10 12 10 12 1 1 10 100 12 1 1 10 12 1 100 1 10 12 10 8 1 10 12 1 10 12 1 10 12 1 1 100 1 10 12 1 1 100 1 100 1 8 1 8 1 10 10 12 1 1 10 100 12 1 1 1 100 1 10 12 10 12 1 1 11 100 12 1 1 10 10 12 1 11 10 12 1 8 1 100 1 10 12 1 10 12 1 1 10 12 1 11 12 1 1 11 100 1 1 1 1 5 0 1 1 1 1 1 1 1 1 1 1 1 1 1 1 1 1 1 1 1 1 1 1 1 1 1 1 1 1 1 1 1 1 1 1 1 1 1 1 1 1 1 1 1 1 1 1 1 1 1 1 1 1 1 1 1 1 1 1 1 1 1 1 1 1 1 100 1 1 1 1 1 1 1
ciInstanceKlass java/lang/StringBuilder 1 1 409 10 7 12 1 1 1 10 12 1 10 12 1 10 12 1 1 10 7 12 1 1 1 10 7 12 1 1 1 10 12 1 10 12 1 10 12 1 10 12 1 10 12 1 10 12 1 10 12 1 10 12 1 10 12 1 10 12 1 10 12 1 10 12 1 10 12 1 10 12 1 1 10 12 1 10 12 1 1 10 12 1 1 10 12 1 10 12 1 10 12 1 10 12 1 10 12 1 10 12 1 10 12 1 10 12 10 12 1 10 12 1 10 12 1 10 12 1 1 10 12 1 10 12 1 10 12 10 12 1 1 10 12 1 1 9 12 1 1 9 12 1 1 10 7 12 1 1 1 10 7 1 10 100 12 1 1 1 10 12 1 10 12 1 1 10 12 1 1 10 10 12 1 1 10 100 12 1 1 10 12 1 10 12 1 1 100 1 100 1 8 1 10 10 12 1 1 10 12 1 1 10 12 1 10 12 1 10 12 1 10 12 1 10 12 1 10 12 1 10 12 1 10 12 1 10 12 1 10 12 1 10 12 1 10 12 1 10 12 1 10 12 1 10 12 1 1 10 12 1 1 10 12 1 10 12 1 10 12 1 10 12 10 12 10 12 1 10 12 1 10 12 1 10 12 10 12 1 10 12 1 10 12 1 10 12 1 10 12 1 10 12 1 10 12 1 10 12 1 10 12 1 1 10 12 1 10 12 1 1 10 12 1 10 12 1 1 10 12 1 10 12 1 1 10 12 1 10 12 1 10 12 1 10 10 12 1 10 12 1 100 1 100 1 100 1 1 1 1 5 0 1 1 1 1 1 1 1 1 1 1 1 1 1 1 1 1 1 1 1 1 1 1 1 1 1 1 1 1 1 1 1 1 1 1 1 1 1 1 1 1 1 1 1 100 1 1 1 100 1 1 1 1 1 1 1 1 1 1
ciInstanceKlass jdk/internal/loader/ClassLoaders 1 1 183 10 100 12 1 1 1 10 7 12 1 1 1 10 12 1 1 10 100 12 1 1 1 9 7 12 1 1 1 9 12 1 1 9 12 1 1 7 1 11 100 12 1 1 1 100 1 11 12 1 1 11 12 1 1 10 100 12 1 1 1 10 100 12 1 1 1 100 1 100 1 10 7 12 1 1 1 9 12 1 1 10 12 1 1 7 1 10 12 1 1 10 12 1 7 1 8 1 10 7 12 1 1 1 10 12 1 1 7 1 10 12 1 10 12 1 10 12 1 8 1 10 7 12 1 1 8 1 8 1 10 12 1 7 1 10 12 1 10 12 1 10 12 1 1 1 1 1 1 1 1 1 1 1 1 1 1 1 1 1 1 1 1 100 1 1 1 1 1 1 1 1 1 1 1 1 1 1 1 1 1 1 1
staticfield jdk/internal/loader/ClassLoaders JLA Ljdk/internal/access/JavaLangAccess; java/lang/System$2
staticfield jdk/internal/loader/ClassLoaders BOOT_LOADER Ljdk/internal/loader/ClassLoaders$BootClassLoader; jdk/internal/loader/ClassLoaders$BootClassLoader
staticfield jdk/internal/loader/ClassLoaders PLATFORM_LOADER Ljdk/internal/loader/ClassLoaders$PlatformClassLoader; jdk/internal/loader/ClassLoaders$PlatformClassLoader
staticfield jdk/internal/loader/ClassLoaders APP_LOADER Ljdk/internal/loader/ClassLoaders$AppClassLoader; jdk/internal/loader/ClassLoaders$AppClassLoader
ciInstanceKlass jdk/internal/misc/Unsafe 1 1 1285 10 7 12 1 1 1 9 7 12 1 1 1 9 12 1 1 10 12 1 1 10 7 12 1 1 1 10 12 1 1 10 12 1 1 10 12 1 1 10 12 1 1 10 12 1 1 10 12 1 1 10 12 1 1 10 12 1 1 10 12 1 1 10 12 1 1 10 12 1 1 10 12 1 1 10 12 1 1 10 12 1 10 12 1 100 1 10 10 12 1 1 10 12 1 1 5 0 10 12 1 1 10 12 1 1 10 7 12 1 1 1 10 12 1 1 10 12 1 10 12 1 10 12 1 1 10 12 1 1 10 12 1 10 12 1 100 1 100 1 10 8 1 10 12 1 1 10 12 1 8 1 10 12 1 1 10 12 1 10 12 1 10 12 1 1 10 12 1 10 12 1 1 10 12 1 1 10 12 1 10 12 1 10 12 1 10 12 1 1 10 12 1 10 12 1 10 12 1 1 10 12 1 5 0 5 0 5 0 10 12 1 10 12 1 10 12 1 10 12 1 10 12 1 10 12 1 10 12 1 10 12 1 10 12 1 1 10 12 1 10 12 1 100 1 8 1 10 100 1 10 10 12 1 1 10 12 1 1 10 12 1 10 12 1 1 10 12 1 1 10 12 1 10 12 1 1 10 12 1 9 7 12 1 1 9 12 1 100 1 10 10 12 1 1 8 1 10 8 1 8 1 10 12 1 1 9 7 12 1 1 1 9 100 1 9 7 1 9 7 1 9 9 100 1 9 100 1 9 100 1 10 12 1 1 10 12 1 1 10 12 1 1 10 12 1 1 5 0 5 0 9 12 1 1 10 12 1 10 12 1 10 12 1 1 10 12 1 1 10 12 1 8 1 3 10 12 1 1 10 12 1 1 10 12 1 10 12 1 1 10 12 1 1 10 12 1 10 12 1 10 12 1 10 12 1 10 12 1 10 12 1 1 10 12 1 1 10 12 1 10 12 1 10 12 1 10 12 1 10 12 1 10 12 1 1 10 12 1 1 10 12 1 10 12 1 10 12 1 10 12 1 10 12 1 10 12 1 1 10 12 1 1 10 12 1 1 10 12 1 1 10 12 1 10 12 1 10 12 1 10 12 1 10 12 1 10 12 1 10 12 1 1 10 12 1 1 10 12 1 10 12 1 10 12 1 10 12 1 10 12 1 10 12 1 10 12 1 1 10 12 1 1 10 12 1 10 12 1 10 12 1 10 12 1 10 12 1 10 12 1 10 12 1 10 12 1 1 10 12 1 10 12 1 10 12 1 10 12 1 10 12 1 1 10 12 1 10 12 1 10 12 1 10 12 1 10 12 1 10 12 1 10 12 1 10 12 1 1 10 12 1 10 12 1 10 12 1 10 12 1 10 12 1 10 12 1 1 10 12 1 10 12 1 10 12 1 1 10 12 1 10 12 1 10 12 1 10 12 1 10 12 1 10 12 1 10 12 1 10 12 1 10 12 1 10 12 1 10 12 1 10 12 1 10 12 1 10 12 1 10 12 1 10 12 1 10 12 1 10 12 1 10 12 1 10 12 1 10 12 1 10 12 1 100 1 10 100 1 10 9 12 1 5 0 10 12 1 1 5 0 10 12 1 5 0 10 12 1 10 12 1 10 12 1 1 10 12 1 1 10 12 1 10 12 1 10 12 1 10 12 1 1 10 12 1 10 12 1 10 12 1 10 12 1 10 12 1 1 10 12 1 10 12 1 10 12 1 10 12 1 1 10 12 1 10 12 1 10 12 1 1 10 12 1 10 12 1 10 12 1 10 12 1 1 10 12 1 10 10 12 1 1 10 12 1 10 12 1 1 10 12 1 10 12 5 0 5 0 5 0 10 12 1 1 10 12 1 10 12 1 10 12 10 7 12 1 1 8 1 7 1 11 12 1 1 8 1 11 12 1 1 10 7 12 1 1 10 12 1 10 12 1 10 12 1 10 12 1 10 12 1 1 10 12 1 10 12 1 10 12 1 10 12 1 10 12 1 10 12 1 10 7 1 10 12 1 9 12 1 7 1 9 12 1 7 1 9 12 1 7 1 9 12 1 7 1 9 12 1 7 1 9 12 1 7 1 9 12 1 7 1 9 12 1 7 1 9 12 1 10 12 1 9 12 1 9 12 1 9 12 1 9 12 1 9 12 1 9 12 1 9 12 1 9 12 1 9 12 1 9 12 1 1 1 3 1 1 1 1 1 1 1 1 1 1 1 1 1 1 1 1 1 1 1 1 1 1 1 1 1 1 1 1 1 1 1 1 1 1 1 1 1 1 1 1 1 1 1 1 1 1 1 1 1 1 1 1 1 1 1 1 1 1 1 1 1 1 1 1 1 1 1 1 1 1 1 1 1 1 1 1 1 1 1 1 1 1 1 1 1 1 1 1 1 7 1 1 1 1 1 1 1 1 1 1 1 1 1 1 1 1 1 1 1 1 1 1 1 1 1 1 1 1 1 1 1 1 1 1 1 1 1 1 1 1 1 1 1 1 1 1 1 1 1 1 1 1 1 1 1 1 1 1 1 1 1 1 1 1 1 1 1 1 1 1 1 1 1 1 1 1 1 1 1 1 1 1 1 1 1 1 1 1 1 1 1 1 1 1 1 1 1 1 1 1 1 1 1 1 1 1 1 1 1 1 1 1 1 1 1 1 1 1 1 1 1 1 1 1 1 1 1 1 1 1 1 1 1 1 1 1 1 1 1 1 1 1 1 1 1 1 1 1 1 1 1 1 1 1 1 1 1 1 1 1 1 1 1 1 1 1 1 1 1 1 1 1 1 1 1 1 1 1 1 1 1 1 1 1 1 1 1 1 1 1 1 1 1 1 1 1 1 1 1 1 1 1 1 1 1 1 1 3 1 1 1 1 1 1 1 1 1 1 1 1 1 1 1 1 1 1 1 1 1
staticfield jdk/internal/misc/Unsafe theUnsafe Ljdk/internal/misc/Unsafe; jdk/internal/misc/Unsafe
staticfield jdk/internal/misc/Unsafe ARRAY_BOOLEAN_BASE_OFFSET I 16
staticfield jdk/internal/misc/Unsafe ARRAY_BYTE_BASE_OFFSET I 16
staticfield jdk/internal/misc/Unsafe ARRAY_SHORT_BASE_OFFSET I 16
staticfield jdk/internal/misc/Unsafe ARRAY_CHAR_BASE_OFFSET I 16
staticfield jdk/internal/misc/Unsafe ARRAY_INT_BASE_OFFSET I 16
staticfield jdk/internal/misc/Unsafe ARRAY_LONG_BASE_OFFSET I 16
staticfield jdk/internal/misc/Unsafe ARRAY_FLOAT_BASE_OFFSET I 16
staticfield jdk/internal/misc/Unsafe ARRAY_DOUBLE_BASE_OFFSET I 16
staticfield jdk/internal/misc/Unsafe ARRAY_OBJECT_BASE_OFFSET I 16
staticfield jdk/internal/misc/Unsafe ARRAY_BOOLEAN_INDEX_SCALE I 1
staticfield jdk/internal/misc/Unsafe ARRAY_BYTE_INDEX_SCALE I 1
staticfield jdk/internal/misc/Unsafe ARRAY_SHORT_INDEX_SCALE I 2
staticfield jdk/internal/misc/Unsafe ARRAY_CHAR_INDEX_SCALE I 2
staticfield jdk/internal/misc/Unsafe ARRAY_INT_INDEX_SCALE I 4
staticfield jdk/internal/misc/Unsafe ARRAY_LONG_INDEX_SCALE I 8
staticfield jdk/internal/misc/Unsafe ARRAY_FLOAT_INDEX_SCALE I 4
staticfield jdk/internal/misc/Unsafe ARRAY_DOUBLE_INDEX_SCALE I 8
staticfield jdk/internal/misc/Unsafe ARRAY_OBJECT_INDEX_SCALE I 4
staticfield jdk/internal/misc/Unsafe ADDRESS_SIZE I 8
ciInstanceKlass java/lang/ThreadGroup 1 1 293 10 7 12 1 1 1 9 7 12 1 1 1 8 1 9 12 1 1 7 1 9 12 1 9 12 1 1 10 12 1 1 10 12 1 1 10 12 1 10 12 1 1 10 12 1 9 12 1 1 10 12 1 1 10 12 1 9 12 1 10 100 12 1 1 1 9 12 1 9 12 1 1 10 7 12 1 1 1 7 10 12 1 1 10 7 12 1 1 1 10 100 12 1 9 12 1 10 12 1 1 10 12 1 1 9 12 1 1 10 12 1 1 10 12 1 10 12 1 10 12 1 1 10 12 1 1 10 12 1 10 12 1 10 10 12 1 10 12 1 10 100 1 10 10 12 1 10 12 1 10 12 1 7 10 12 1 9 12 1 1 10 12 1 1 8 1 10 100 12 1 1 1 10 12 1 1 10 12 1 1 10 12 1 1 11 100 1 100 1 9 12 1 100 1 10 8 1 10 12 1 1 10 12 1 1 8 1 10 12 1 10 100 12 1 1 1 10 12 1 1 10 100 1 8 1 10 8 1 10 12 1 8 1 1 1 1 1 1 1 1 1 1 1 1 1 1 1 1 1 3 1 1 1 1 1 1 1 1 1 1 1 1 1 1 1 1 1 1 1 1 1 1 1 1 1 1 1 1 1 1 1 1 1 1 1 1 1 1 1 1 1 1
instanceKlass org/springframework/beans/factory/support/ManagedProperties
instanceKlass org/springframework/core/SortedProperties
instanceKlass java/security/Provider
ciInstanceKlass java/util/Properties 1 1 651 10 7 12 1 1 1 100 1 10 7 12 1 1 7 1 10 12 1 9 12 1 1 9 12 1 1 9 12 1 1 10 7 12 1 1 1 10 12 1 1 8 1 10 7 12 1 1 1 7 1 10 12 1 10 12 1 1 8 1 10 12 1 7 1 10 12 10 12 1 1 9 12 1 1 10 12 1 1 7 1 10 12 1 10 12 1 10 12 1 1 100 1 8 1 10 12 1 10 12 1 10 12 1 1 10 12 1 100 1 3 10 10 7 12 1 1 1 10 12 1 10 12 1 1 8 1 10 12 1 10 12 1 1 8 1 10 7 12 1 1 10 12 1 1 10 12 1 10 12 1 1 100 1 10 12 1 10 12 1 1 7 1 9 7 12 1 1 1 10 12 1 10 12 1 1 7 1 10 10 10 12 1 1 11 7 12 1 1 1 11 7 12 1 1 1 11 12 1 1 7 1 11 12 1 11 12 1 10 12 1 1 8 1 10 12 1 10 12 1 100 1 10 10 12 1 1 10 100 12 1 1 9 100 12 1 1 10 12 1 1 10 100 12 1 1 1 100 1 100 1 100 1 10 8 1 8 1 10 12 1 10 12 1 10 12 1 1 10 10 12 1 1 10 12 1 1 7 1 10 10 12 1 11 7 12 1 1 10 7 12 1 1 1 8 1 10 100 12 1 1 11 8 1 10 100 1 11 10 12 1 10 12 1 10 12 1 10 12 1 1 10 12 1 1 10 12 1 1 10 12 1 10 12 1 10 10 12 1 10 12 1 10 12 1 10 10 12 1 1 10 12 1 1 7 1 10 10 12 1 10 12 1 10 12 1 10 12 1 10 12 1 1 10 12 1 1 10 12 1 10 12 1 10 12 1 1 10 12 10 12 1 1 10 12 1 1 10 12 1 10 12 1 1 10 12 1 1 10 12 100 1 10 11 100 12 1 1 4 11 10 12 1 1 10 100 12 1 1 11 12 1 10 12 1 1 10 100 12 1 1 10 12 1 100 1 8 1 10 12 1 10 10 100 12 1 1 1 100 1 6 0 10 12 1 1 11 100 12 1 1 1 10 12 1 10 12 1 1 1 1 1 5 0 1 1 1 1 1 1 1 1 1 1 1 1 1 1 1 1 1 1 1 1 1 1 1 1 1 1 1 1 1 1 1 1 1 1 1 1 1 1 1 1 100 1 1 1 1 1 1 1 1 1 1 1 1 1 1 1 1 1 1 1 1 100 1 1 1 1 1 1 1 100 1 100 1 1 1 1 100 1 1 1 1 1 1 1 1 1 1 1 1 1 1 1 1 1 1 1 1 1 1 1 1 1 1 1 1 1 1 1 1 1 1 1 1 1 1 1 1 1 1 1 1 1 1 1 1 1 1 1 1 1 1 1 1 1 1 1 1 1 1 1 1 1 1 1 1 1 1 1 1 1 1 1 1 100 1 1 1 1 1 1 1 1 1 100 1 1 1
staticfield java/util/Properties UNSAFE Ljdk/internal/misc/Unsafe; jdk/internal/misc/Unsafe
instanceKlass java/util/Hashtable
ciInstanceKlass java/util/Dictionary 1 1 36 10 7 12 1 1 1 100 1 1 1 1 1 1 1 1 1 1 1 1 1 1 1 1 1 1 1 1 1 1 1 1 1 1 1 1
instanceKlass java/util/Properties
ciInstanceKlass java/util/Hashtable 1 1 512 100 1 10 7 12 1 1 1 9 7 12 1 1 1 100 1 100 1 10 8 1 10 12 1 1 10 12 1 10 12 1 1 10 12 1 10 7 12 1 1 1 8 1 10 12 1 9 12 1 1 7 1 9 12 1 1 4 10 7 12 1 1 1 9 12 1 4 10 12 1 11 7 12 1 1 1 10 12 1 1 10 12 1 1 9 12 1 10 12 1 1 100 1 10 9 12 1 1 10 7 12 1 1 1 9 12 1 1 10 12 1 10 12 1 3 9 12 1 9 12 1 3 10 12 1 10 12 1 10 12 1 1 11 12 1 1 11 7 12 1 1 1 11 7 12 1 1 1 11 12 1 7 1 11 12 1 11 12 1 10 12 1 1 10 12 1 1 10 12 1 9 12 1 1 9 12 9 12 1 1 10 100 1 100 1 10 12 1 10 8 1 10 10 12 1 8 1 10 8 1 10 7 12 1 1 1 7 1 10 12 1 10 12 1 7 1 10 12 1 10 12 1 1 7 1 10 100 1 10 10 12 1 1 11 12 1 1 11 12 1 100 1 10 10 10 100 12 1 1 11 100 12 1 1 1 100 1 10 11 100 12 1 1 11 100 12 1 10 12 1 10 12 1 1 10 100 12 1 1 10 12 1 1 10 12 1 1 10 12 1 1 10 100 12 1 1 1 8 10 100 12 1 1 100 1 8 1 10 4 10 12 4 10 12 1 8 1 10 12 10 100 12 1 1 1 100 1 11 100 12 1 1 1 10 100 12 1 1 1 10 12 1 10 12 1 1 10 100 1 100 1 1 1 1 1 1 5 0 1 1 1 1 1 3 1 3 1 3 1 1 1 1 1 1 1 1 1 1 1 1 1 1 1 1 1 1 1 1 1 1 1 1 1 100 1 1 1 1 1 1 1 1 1 1 1 1 1 1 1 1 1 1 1 1 1 1 1 1 1 1 1 1 1 100 1 1 1 1 1 1 1 1 1 1 1 1 1 1 1 1 1 1 1 1 1 1 1 1 1 1 1 1 1 1 1 1 1 1 1 1 1 1 1 1 1 1 1 1 1 1 1 1 1 1 1 1 1 1 1 1 1 1 100 1 1 1 100 1 1 1 1 1 100 1 1 1 1 1 1 1 1 1 1 1 1 1 1 1 1 1 1
instanceKlass com/mongodb/client/gridfs/GridFSDownloadStream
instanceKlass jakarta/servlet/ServletInputStream
instanceKlass nonapi/io/github/classgraph/fileslice/Slice$1
instanceKlass nonapi/io/github/classgraph/fastzipfilereader/NestedJarHandler$8
instanceKlass io/netty/buffer/ByteBufInputStream
instanceKlass com/fasterxml/jackson/core/io/MergedStream
instanceKlass com/alibaba/nacos/shaded/io/grpc/internal/ReadableBuffers$BufferInputStream
instanceKlass com/alibaba/nacos/shaded/io/grpc/protobuf/lite/ProtoInputStream
instanceKlass com/alibaba/nacos/shaded/com/google/protobuf/IterableByteBufferInputStream
instanceKlass com/fasterxml/jackson/databind/util/ByteBufferBackedInputStream
instanceKlass com/alibaba/nacos/shaded/com/google/common/io/BaseEncoding$StandardBaseEncoding$2
instanceKlass java/io/ObjectInputStream$PeekInputStream
instanceKlass java/io/ObjectInputStream$BlockDataInputStream
instanceKlass sun/nio/ch/ChannelInputStream
instanceKlass java/io/ObjectInputStream
instanceKlass sun/nio/ch/NioSocketImpl$1
instanceKlass java/net/Socket$SocketInputStream
instanceKlass java/util/zip/ZipFile$ZipFileInputStream
instanceKlass java/io/FilterInputStream
instanceKlass java/io/FileInputStream
instanceKlass java/io/ByteArrayInputStream
ciInstanceKlass java/io/InputStream 1 1 184 100 1 10 7 12 1 1 1 100 1 10 10 7 12 1 1 1 10 7 12 1 1 1 10 12 1 100 1 3 10 12 1 1 100 1 8 1 10 12 1 10 7 12 1 1 1 3 100 1 8 1 10 10 7 12 1 1 1 7 1 10 11 7 12 1 1 1 10 12 1 1 11 12 1 1 11 7 12 1 1 1 11 12 1 1 7 1 10 7 12 1 1 1 5 0 10 12 1 10 12 1 1 100 1 10 8 1 10 8 1 8 1 10 12 1 1 10 100 12 1 1 1 100 1 1 1 1 3 1 3 1 1 1 1 1 1 1 1 1 1 1 1 1 1 1 1 1 1 1 1 1 1 1 1 1 1 1 1 1 1 1 1 1 1 1 1 1 1 1 1 1 1 1 1 1 1 1 1 1 1 1 1 1
ciInstanceKlass java/io/ByteArrayInputStream 1 1 96 10 7 12 1 1 1 9 7 12 1 1 1 9 12 1 1 9 12 1 9 12 1 10 100 12 1 1 1 10 7 12 1 1 1 10 7 12 1 1 1 10 7 12 1 1 1 10 12 1 1 10 100 12 1 1 1 1 1 1 1 1 1 1 1 1 1 1 1 1 1 1 1 1 1 1 1 1 1 1 1 100 1 1 1 1 1 1 1 1 1 1 1 1 1 1
instanceKlass org/LatencyUtils/PauseDetector$PauseDetectorThread
instanceKlass org/redisson/client/RedisClient$4
instanceKlass io/lettuce/core/metrics/DefaultCommandLatencyCollector$DefaultPauseDetectorWrapper$1
instanceKlass sun/net/dns/ResolverConfigurationImpl$AddressChangeListener
instanceKlass io/netty/util/concurrent/FastThreadLocalThread
instanceKlass org/apache/tomcat/util/threads/TaskThread
instanceKlass org/springframework/boot/web/embedded/tomcat/TomcatWebServer$1
instanceKlass org/springframework/boot/autoconfigure/ssl/FileWatcher$WatcherThread
instanceKlass com/alibaba/nacos/shaded/io/grpc/netty/shaded/io/netty/util/concurrent/FastThreadLocalThread
instanceKlass com/alibaba/nacos/common/notify/DefaultPublisher
instanceKlass java/util/concurrent/ForkJoinWorkerThread
instanceKlass org/springframework/context/support/AbstractApplicationContext$1
instanceKlass java/util/logging/LogManager$Cleaner
instanceKlass com/intellij/rt/execution/application/AppMainV2$1
instanceKlass jdk/internal/misc/InnocuousThread
instanceKlass java/lang/ref/Finalizer$FinalizerThread
instanceKlass java/lang/ref/Reference$ReferenceHandler
ciInstanceKlass java/lang/Thread 1 1 612 9 7 12 1 1 1 9 12 1 1 10 12 1 1 9 12 1 1 9 12 1 1 100 1 8 1 10 12 1 1 3 8 1 100 1 5 0 10 12 1 1 10 7 12 1 1 9 12 1 1 9 12 1 9 12 1 1 9 12 1 100 1 8 1 10 9 12 1 1 10 7 12 1 1 1 10 100 12 1 1 1 10 10 7 12 1 1 10 12 1 1 10 12 1 1 9 100 12 1 1 1 10 12 1 1 10 12 1 9 12 1 1 10 12 1 1 10 12 1 1 9 12 1 10 12 1 1 9 12 1 1 10 7 12 1 1 1 9 12 1 1 9 12 1 1 10 12 1 1 10 7 12 1 1 1 9 12 1 10 12 1 1 9 12 1 100 1 10 7 1 10 8 1 10 12 1 1 10 12 1 10 12 1 10 12 1 1 10 12 1 10 12 1 9 12 1 100 1 10 10 12 1 1 10 12 1 10 12 1 100 1 11 7 12 1 1 9 7 12 1 1 1 10 12 1 10 12 1 10 12 9 12 1 1 10 9 12 1 10 12 1 100 1 10 10 12 1 1 9 12 1 10 12 1 11 100 12 1 1 10 12 1 9 12 1 10 12 1 10 12 1 10 10 12 1 10 12 1 10 12 1 10 12 1 10 12 1 1 100 1 10 10 12 1 10 12 1 10 12 1 9 100 12 1 1 1 10 12 1 1 10 12 1 100 1 8 1 10 10 12 1 10 12 8 1 10 12 1 8 1 10 8 1 8 1 10 100 12 1 1 10 100 12 1 1 1 100 1 8 1 10 9 12 1 9 12 1 1 10 12 1 1 10 10 12 1 1 9 12 1 10 12 1 1 100 1 10 12 11 100 12 1 1 1 9 100 12 1 1 1 9 12 1 1 10 12 1 1 100 1 10 12 1 11 100 12 1 1 1 100 1 10 12 1 10 12 1 1 11 12 1 10 12 1 100 1 10 12 1 10 12 1 1 10 7 12 1 1 1 8 1 9 12 1 10 12 1 1 11 100 12 1 1 1 10 100 12 1 1 1 11 12 1 10 12 1 7 1 1 1 1 3 1 3 1 3 1 1 1 1 1 1 1 1 1 1 1 1 1 1 1 1 1 1 1 100 1 1 1 1 1 1 1 1 1 1 1 1 100 1 100 1 1 1 1 1 1 1 1 1 1 1 1 1 1 1 1 1 1 1 1 1 1 1 1 1 1 1 1 1 1 1 1 1 1 1 1 1 1 1 1 1 1 1 100 100 1 1 1 1 1 1 1 1 1 100 1 1 1 1 1 1 1 1 1 1 1 1 1 1 1 1 1 1 1 1 1 1 1 1 1 1 1 1 100 1 1 1 1 1 1 100 1 1 100 1 1 1 1 1 1
staticfield java/lang/Thread EMPTY_STACK_TRACE [Ljava/lang/StackTraceElement; 0 [Ljava/lang/StackTraceElement;
ciInstanceKlass java/lang/StringLatin1 1 1 380 7 1 10 100 12 1 1 1 100 1 10 12 1 10 7 12 1 1 1 10 7 12 1 1 1 10 12 1 10 7 12 1 1 1 10 12 1 1 10 7 12 1 1 1 10 12 1 1 10 12 1 1 10 10 12 1 10 12 1 1 10 9 7 12 1 1 1 10 12 1 1 10 7 12 1 1 1 10 12 10 12 1 1 10 12 1 1 10 12 1 1 10 7 12 1 1 1 10 12 1 10 12 1 1 9 12 1 1 100 1 10 10 100 12 1 1 1 10 7 12 1 1 1 10 12 1 10 12 1 100 1 100 1 8 1 10 12 1 8 1 10 12 100 1 10 10 10 7 12 1 1 1 8 1 8 1 8 1 10 12 1 1 10 100 12 1 1 10 12 1 10 12 1 1 10 12 1 1 10 12 1 1 10 12 1 10 12 10 12 10 12 1 10 12 10 10 12 1 10 12 1 10 12 1 10 7 12 1 1 1 10 7 12 1 1 1 10 12 1 1 10 12 1 1 10 10 7 12 1 1 1 1 1 1 1 1 1 1 1 1 1 1 1 1 1 1 1 1 1 1 1 1 1 1 1 1 1 1 1 1 1 1 1 1 1 1 1 1 1 1 1 1 1 1 1 1 1 1 1 1 100 1 1 1 1 1 1 1 1 1 1 1 1 1 1 1 1 1 1 1 1 1 1 1 1 1 1 1 1 1 1 1 1 1 1 1 1 1 1 1 1 1 1 1 1 100 1 1 1 1 1 1 1 1 1 1 1 1 1 1 1 1 1 1 1 1 1 100 1 1 1 1 1 1 1 1 1 1 1 1 1 1 1 1 1 1 1 1 1 1 1 1 1 1 100 1 1 1 1
staticfield java/lang/StringLatin1 $assertionsDisabled Z 1
ciInstanceKlass java/lang/Math 1 1 395 10 100 12 1 1 1 10 7 12 1 1 1 10 12 1 10 12 1 10 12 1 10 12 1 10 12 1 7 1 6 0 6 0 10 12 1 10 12 1 10 12 1 10 12 1 10 12 1 10 12 1 1 10 12 1 10 12 1 10 12 1 10 12 1 10 12 1 10 7 12 1 1 1 100 1 3 3 3 10 7 12 1 1 1 100 1 5 0 5 0 5 0 5 0 5 0 9 100 12 1 1 1 10 100 12 1 1 1 100 1 8 1 10 12 1 8 1 10 12 1 1 10 12 1 1 100 1 5 0 5 0 100 1 3 5 0 3 5 0 10 12 1 10 12 1 8 1 10 12 1 8 1 9 12 1 1 9 12 1 10 12 1 1 6 0 10 12 1 9 12 1 1 100 1 10 10 12 1 100 1 10 12 1 10 12 1 1 10 12 1 10 12 1 10 12 1 10 12 1 1 10 12 1 1 10 12 1 1 10 12 6 0 10 12 1 1 10 12 1 1 10 12 10 12 1 4 10 12 1 1 10 12 1 10 12 1 10 12 10 12 1 10 12 1 10 12 1 10 12 1 10 12 1 10 12 1 10 12 1 5 0 6 0 4 6 0 4 6 0 4 10 12 1 1 9 12 1 1 10 12 1 9 12 1 10 7 12 1 1 1 4 6 0 1 1 6 0 1 6 0 1 1 1 1 1 1 1 1 1 1 1 1 1 1 1 1 1 1 1 1 1 1 1 1 1 1 1 1 1 1 1 1 1 1 1 1 1 1 1 1 1 1 1 1 1 1 1 1 1 1 1 1 1 1 1 1 1 1 1 1 1 1 1 1 1 1 1 1 1 1 1 1 1 1 1 1 1 1 1 1 1 1 1 1 1 1 1 1 1 1 1 1 1 1
staticfield java/lang/Math negativeZeroFloatBits J -2147483648
staticfield java/lang/Math negativeZeroDoubleBits J -9223372036854775808
staticfield java/lang/Math $assertionsDisabled Z 1
ciInstanceKlass java/util/Arrays 1 1 988 10 7 12 1 1 1 10 7 12 1 1 1 10 7 12 1 1 1 10 12 1 10 12 1 10 12 1 10 12 1 10 12 1 10 12 1 10 100 12 1 1 1 100 1 7 1 10 8 1 10 12 1 1 10 12 1 8 1 8 1 10 12 1 1 10 12 1 100 1 10 12 1 9 100 12 1 1 1 10 7 12 1 1 100 1 10 12 1 1 10 7 12 1 1 10 7 12 1 1 1 100 1 10 12 1 10 12 1 1 7 1 9 7 12 1 1 1 10 12 1 1 10 7 12 1 1 10 12 1 10 12 1 1 10 12 1 10 12 1 1 7 1 11 12 1 1 10 12 1 10 7 12 1 1 1 10 12 10 12 1 10 12 1 10 12 10 12 1 11 7 12 1 1 1 10 7 12 1 1 1 100 1 10 12 1 10 100 1 10 12 1 10 100 1 10 12 1 10 100 1 10 12 1 10 10 12 1 1 10 12 1 10 12 1 10 12 1 10 12 1 10 12 1 10 100 12 1 1 1 10 12 1 10 100 12 1 1 1 10 12 1 10 12 1 10 7 12 1 1 1 10 12 1 10 12 1 10 12 1 10 12 1 10 12 1 10 12 1 10 12 1 10 12 1 10 12 1 10 12 1 10 12 1 10 12 1 10 12 1 10 12 1 10 12 1 10 12 1 1 10 12 1 1 10 7 12 1 1 1 10 12 1 8 1 7 1 10 12 10 12 1 10 12 1 1 10 12 1 1 9 100 12 1 1 1 100 1 10 12 1 9 100 1 100 1 10 12 1 9 100 1 100 1 10 12 1 9 100 1 100 1 10 12 1 9 100 1 100 1 10 12 1 9 100 1 100 1 10 12 1 9 100 1 10 12 1 100 1 10 12 1 10 12 1 9 12 1 100 1 10 10 12 1 1 10 12 1 10 12 1 10 12 1 10 12 1 10 12 1 10 12 1 10 12 1 10 12 1 10 12 1 8 1 8 1 10 12 1 10 12 1 8 1 10 12 1 10 12 1 10 12 1 10 7 12 1 1 1 3 10 100 1 10 10 12 1 1 11 100 12 1 1 10 12 1 1 10 12 1 10 12 1 10 12 1 10 12 1 10 12 1 10 12 1 10 12 1 10 12 1 11 12 1 8 1 10 11 12 1 11 100 12 1 1 1 11 100 12 1 1 1 11 12 1 1 18 12 1 1 11 12 1 1 11 100 12 1 1 1 18 12 1 11 100 12 1 1 1 18 12 1 11 100 12 1 1 1 18 12 1 100 1 10 7 12 1 1 1 10 12 1 10 12 1 10 12 1 10 12 1 10 12 1 10 12 1 10 12 1 10 12 1 1 10 12 1 10 7 12 1 1 10 12 1 10 12 1 10 12 1 1 10 12 1 10 12 1 10 12 1 1 10 12 1 10 12 1 10 12 1 1 10 12 1 10 12 1 10 12 1 10 12 1 10 12 10 12 1 10 12 10 12 10 12 1 10 12 10 12 1 10 12 1 10 12 1 1 1 1 3 1 3 1 1 1 1 1 1 1 1 1 1 1 1 1 1 1 1 1 1 1 1 1 1 1 1 1 1 1 1 1 1 1 1 1 1 1 1 1 1 1 1 1 1 1 1 1 1 1 1 1 1 1 1 1 1 1 1 1 1 1 1 1 1 1 1 1 1 1 1 1 1 1 1 1 1 1 1 1 1 1 1 1 1 1 1 1 1 1 1 1 1 1 1 1 1 1 1 1 1 1 1 1 1 1 1 1 1 1 1 1 1 1 1 1 1 1 1 1 1 1 1 1 1 1 1 1 1 1 1 1 1 1 1 1 1 1 1 1 1 1 1 1 1 1 1 1 1 1 1 1 1 1 1 1 1 1 1 1 1 1 1 1 1 1 1 1 1 1 1 1 1 1 1 1 1 1 1 1 1 1 1 1 1 1 1 1 1 1 1 1 1 1 1 1 1 1 1 1 1 1 1 1 1 1 1 1 1 1 1 1 1 1 1 1 1 1 1 1 1 1 1 1 1 1 1 1 1 1 1 1 1 1 1 1 1 1 1 1 1 1 1 1 1 1 1 1 1 1 1 1 1 1 1 1 1 1 1 1 1 1 1 1 100 1 1 15 10 100 12 1 1 1 16 15 10 12 15 10 12 15 10 12 15 10 12 1 1 100 1 100 1 1 1 1 100 1 1 1 1 1 1 100 1 1 100 1 1 100 1 1 1 100 1 100 1 1
staticfield java/util/Arrays $assertionsDisabled Z 1
ciMethod java/lang/StringLatin1 newString ([BII)Ljava/lang/String; 514 0 1 0 -1
ciInstanceKlass java/lang/StringUTF16 1 1 598 100 1 7 1 10 100 12 1 1 1 100 1 10 7 1 3 100 1 100 1 10 8 1 10 12 1 1 10 12 1 8 1 10 12 1 1 10 12 1 9 12 1 1 10 12 1 1 100 1 8 1 10 12 1 9 12 1 1 9 12 1 10 10 12 1 1 10 12 1 1 10 7 12 1 1 1 10 12 1 10 12 1 1 10 12 1 1 10 12 1 1 10 12 1 1 10 12 1 10 12 1 1 10 12 1 1 10 12 1 1 10 12 1 1 10 12 1 10 12 1 10 12 1 1 10 12 1 100 1 10 12 1 10 10 12 1 1 10 12 1 10 12 1 1 10 12 1 10 7 12 1 1 1 10 100 12 1 1 1 10 12 10 12 1 1 10 12 1 10 12 1 1 10 12 1 1 10 12 1 10 12 1 10 12 1 3 10 12 1 1 10 12 1 10 12 1 10 12 1 10 12 1 10 12 1 10 12 1 1 9 12 1 10 12 1 10 12 1 10 12 1 10 12 1 10 12 1 10 10 12 10 12 10 10 100 12 1 1 1 10 7 12 1 1 1 10 12 1 10 12 1 100 1 8 1 8 1 10 12 1 1 100 1 10 10 100 12 1 1 1 10 100 12 1 1 8 1 8 1 8 1 10 12 1 1 10 12 1 1 10 12 10 12 1 10 100 12 1 1 10 12 1 1 10 12 1 1 10 12 1 10 12 10 12 10 12 1 10 12 10 12 1 10 12 1 10 12 1 10 12 1 10 12 1 10 100 12 1 1 1 10 100 12 1 1 1 10 12 1 1 10 12 1 1 11 100 12 1 1 10 12 1 10 12 1 10 12 1 1 9 12 1 1 9 12 1 5 0 5 0 10 12 1 10 12 10 12 10 7 12 1 1 1 10 12 1 1 1 1 1 1 1 1 1 1 1 1 1 1 1 1 1 1 1 1 1 1 1 1 1 1 1 1 1 1 1 100 1 1 1 1 1 1 1 1 1 1 1 1 1 1 1 1 1 1 1 1 1 1 1 1 1 1 1 1 1 1 1 1 1 1 1 1 1 1 1 1 1 1 1 1 1 1 1 1 1 1 1 1 1 1 1 1 1 1 1 1 1 1 1 1 1 1 1 1 1 1 1 1 1 1 1 1 1 1 1 1 1 1 100 1 1 1 1 1 1 1 1 1 1 1 1 1 1 1 1 1 100 1 1 1 1 1 1 1 1 1 1 1 1 1 1 1 1 1 1 1 1 1 1 1 1 1 1 1 1 1 1 1 1 1 1 1 1 1 1 1 1 1 1 1 1 1 1 1 1 1 1 1 1 1 1 1 1 1 1 1 1 1 100 1 100 1 1 1 1 1
staticfield java/lang/StringUTF16 HI_BYTE_SHIFT I 0
staticfield java/lang/StringUTF16 LO_BYTE_SHIFT I 8
staticfield java/lang/StringUTF16 $assertionsDisabled Z 1
ciMethod java/lang/StringUTF16 newString ([BII)Ljava/lang/String; 626 0 1 0 -1
instanceKlass com/alibaba/nacos/shaded/io/grpc/netty/shaded/io/netty/util/ResourceLeakDetector$TraceRecord
instanceKlass io/netty/util/ResourceLeakDetector$TraceRecord
instanceKlass java/lang/Exception
instanceKlass java/lang/Error
ciInstanceKlass java/lang/Throwable 1 1 393 10 7 12 1 1 1 9 7 12 1 1 1 9 12 1 1 9 12 1 9 12 1 1 9 12 1 10 12 1 1 9 12 1 1 10 12 1 1 10 12 1 100 1 7 1 10 8 1 10 12 1 1 8 1 10 100 12 1 1 10 10 12 1 100 1 8 1 10 10 12 1 1 10 7 12 1 1 10 12 1 8 1 9 100 12 1 1 1 10 12 1 1 100 1 10 12 10 12 1 100 1 10 10 7 12 1 1 1 11 100 12 1 1 1 10 100 12 1 1 1 10 12 1 1 10 12 1 1 8 1 10 12 1 10 12 1 1 8 1 8 1 10 12 1 1 10 12 1 8 1 8 1 9 12 1 1 10 100 12 1 1 100 1 10 11 12 1 8 1 8 1 10 7 12 1 1 8 1 10 12 1 8 1 100 1 10 12 1 9 12 1 1 10 12 1 10 7 12 1 9 12 1 1 10 12 1 1 100 1 8 1 10 12 1 10 100 12 1 1 10 12 1 1 100 1 10 100 12 1 1 1 10 12 1 11 100 12 1 1 1 11 100 12 1 1 1 11 12 1 8 1 10 12 1 1 8 1 10 10 9 100 12 1 1 1 8 1 10 12 1 1 10 100 1 8 1 10 11 12 1 1 8 1 9 12 1 10 7 12 1 1 11 9 12 1 1 11 12 1 1 100 10 12 1 10 12 1 1 100 1 1 1 1 5 0 1 1 1 1 1 1 1 1 1 1 1 1 1 100 1 1 1 1 1 1 1 1 1 1 1 1 1 1 1 1 1 1 1 1 1 1 1 1 1 1 1 1 1 1 1 1 1 1 1 1 1 1 1 1 1 1 7 1 7 1 1 1 1 1 1 1 1 1 1 1 1 1 1 1 1 1 1
staticfield java/lang/Throwable UNASSIGNED_STACK [Ljava/lang/StackTraceElement; 0 [Ljava/lang/StackTraceElement;
staticfield java/lang/Throwable SUPPRESSED_SENTINEL Ljava/util/List; java/util/Collections$EmptyList
staticfield java/lang/Throwable EMPTY_THROWABLE_ARRAY [Ljava/lang/Throwable; 0 [Ljava/lang/Throwable;
staticfield java/lang/Throwable $assertionsDisabled Z 1
instanceKlass nonapi/io/github/classgraph/concurrency/SingletonMap$NullSingletonException
instanceKlass nonapi/io/github/classgraph/concurrency/SingletonMap$NewInstanceException
instanceKlass jakarta/websocket/EncodeException
instanceKlass org/apache/tomcat/websocket/AuthenticationException
instanceKlass org/apache/catalina/connector/CoyoteAdapter$RecycleRequiredException
instanceKlass jakarta/websocket/DeploymentException
instanceKlass java/lang/instrument/IllegalClassFormatException
instanceKlass org/ietf/jgss/GSSException
instanceKlass org/springframework/validation/BindException
instanceKlass java/util/zip/DataFormatException
instanceKlass com/alibaba/nacos/shaded/io/grpc/netty/shaded/io/netty/handler/codec/http2/Http2Exception
instanceKlass com/alibaba/nacos/shaded/io/grpc/StatusException
instanceKlass com/alibaba/nacos/shaded/com/google/protobuf/Descriptors$DescriptorValidationException
instanceKlass com/alibaba/nacos/shaded/io/grpc/internal/AutoConfiguredLoadBalancerFactory$PolicyException
instanceKlass com/alibaba/nacos/api/exception/NacosException
instanceKlass sun/security/pkcs11/wrapper/PKCS11Exception
instanceKlass jakarta/servlet/ServletException
instanceKlass org/apache/catalina/LifecycleException
instanceKlass java/beans/IntrospectionException
instanceKlass java/util/concurrent/ExecutionException
instanceKlass org/springframework/expression/AccessException
instanceKlass javax/xml/parsers/ParserConfigurationException
instanceKlass org/xml/sax/SAXException
instanceKlass jakarta/xml/bind/JAXBException
instanceKlass ch/qos/logback/core/spi/ScanException
instanceKlass java/security/PrivilegedActionException
instanceKlass java/text/ParseException
instanceKlass sun/nio/fs/WindowsException
instanceKlass javax/naming/NamingException
instanceKlass java/net/URISyntaxException
instanceKlass java/util/concurrent/TimeoutException
instanceKlass ch/qos/logback/core/boolex/EvaluationException
instanceKlass java/security/GeneralSecurityException
instanceKlass ch/qos/logback/core/util/DynamicClassLoadingException
instanceKlass ch/qos/logback/core/util/IncompatibleClassException
instanceKlass ch/qos/logback/core/joran/spi/JoranException
instanceKlass java/lang/CloneNotSupportedException
instanceKlass javax/management/JMException
instanceKlass java/io/IOException
instanceKlass java/lang/InterruptedException
instanceKlass java/lang/ReflectiveOperationException
instanceKlass java/lang/RuntimeException
ciInstanceKlass java/lang/Exception 1 1 40 10 7 12 1 1 1 10 12 1 10 12 1 10 12 1 10 12 1 100 1 1 1 1 5 0 1 1 1 1 1 1 1 1 1 1 1 1 1 1
instanceKlass java/lang/IllegalAccessException
instanceKlass java/lang/InstantiationException
instanceKlass java/lang/reflect/InvocationTargetException
instanceKlass java/lang/NoSuchFieldException
instanceKlass java/lang/NoSuchMethodException
instanceKlass java/lang/ClassNotFoundException
ciInstanceKlass java/lang/ReflectiveOperationException 1 1 34 10 7 12 1 1 1 10 12 1 10 12 1 10 12 1 100 1 1 1 1 5 0 1 1 1 1 1 1 1 1 1 1 1
instanceKlass com/fasterxml/jackson/databind/RuntimeJsonMappingException
instanceKlass java/nio/BufferOverflowException
instanceKlass com/alibaba/nacos/api/exception/runtime/NacosLoadException
instanceKlass org/springframework/cloud/configuration/CompatibilityNotMetException
instanceKlass org/springframework/validation/method/MethodValidationException
instanceKlass java/lang/LayerInstantiationException
instanceKlass org/springframework/cache/Cache$ValueRetrievalException
instanceKlass org/springdoc/api/OpenApiResourceNotFoundException
instanceKlass java/util/concurrent/CompletionException
instanceKlass org/redisson/client/RedisException
instanceKlass com/daijia/common/exception/GuiguException
instanceKlass org/springframework/data/mapping/PropertyReferenceException
instanceKlass org/springframework/data/repository/query/ParameterOutOfBoundsException
instanceKlass org/bson/json/JsonParseException
instanceKlass com/mongodb/internal/connection/DefaultConnectionPool$MongoOpenConnectionInternalException
instanceKlass com/mongodb/MongoException
instanceKlass org/bson/codecs/configuration/CodecConfigurationException
instanceKlass org/bson/BSONException
instanceKlass feign/FeignException
instanceKlass io/lettuce/core/RedisException
instanceKlass io/netty/channel/ChannelException
instanceKlass io/netty/handler/codec/CodecException
instanceKlass org/apache/tomcat/util/threads/StopPooledThreadException
instanceKlass java/nio/BufferUnderflowException
instanceKlass org/apache/coyote/ProtocolException
instanceKlass javax/management/JMRuntimeException
instanceKlass org/springframework/boot/ssl/NoSuchSslBundleException
instanceKlass org/springframework/boot/web/server/WebServerException
instanceKlass org/springframework/cglib/core/ClassNameReader$EarlyExitException
instanceKlass java/lang/reflect/InaccessibleObjectException
instanceKlass org/springframework/cglib/core/CodeGenerationException
instanceKlass org/springframework/objenesis/ObjenesisException
instanceKlass org/apache/ibatis/exceptions/IbatisException
instanceKlass org/springframework/data/mapping/MappingException
instanceKlass org/springframework/boot/autoconfigure/data/redis/RedisUrlSyntaxException
instanceKlass org/springframework/expression/spel/InternalParseException
instanceKlass org/yaml/snakeyaml/error/YAMLException
instanceKlass com/alibaba/nacos/shaded/com/google/common/util/concurrent/UncheckedExecutionException
instanceKlass com/alibaba/nacos/shaded/com/google/common/cache/CacheLoader$InvalidCacheLoadException
instanceKlass com/alibaba/nacos/shaded/com/google/gson/JsonParseException
instanceKlass com/alibaba/nacos/shaded/io/grpc/netty/shaded/io/netty/handler/codec/CodecException
instanceKlass com/alibaba/nacos/shaded/com/google/protobuf/UninitializedMessageException
instanceKlass com/alibaba/nacos/shaded/com/google/common/base/VerifyException
instanceKlass com/alibaba/nacos/shaded/io/grpc/StatusRuntimeException
instanceKlass com/alibaba/nacos/shaded/io/grpc/netty/shaded/io/netty/channel/ChannelException
instanceKlass com/alibaba/nacos/shaded/io/grpc/ManagedChannelRegistry$ProviderNotFoundException
instanceKlass com/alibaba/nacos/shaded/io/grpc/ManagedChannelProvider$ProviderNotFoundException
instanceKlass com/alibaba/nacos/api/exception/runtime/NacosRuntimeException
instanceKlass com/alibaba/cloud/nacos/diagnostics/analyzer/NacosConnectionFailureException
instanceKlass java/security/ProviderException
instanceKlass org/springframework/context/NoSuchMessageException
instanceKlass org/apache/juli/logging/LogConfigurationException
instanceKlass java/lang/reflect/MalformedParametersException
instanceKlass org/springframework/boot/autoconfigure/condition/OnBeanCondition$BeanTypeDeductionException
instanceKlass org/springframework/expression/ExpressionException
instanceKlass com/alibaba/nacos/common/spi/ServiceLoaderException
instanceKlass jakarta/validation/ValidationException
instanceKlass java/nio/file/FileSystemNotFoundException
instanceKlass org/springframework/boot/context/properties/bind/UnboundConfigurationPropertiesException
instanceKlass org/springframework/boot/context/config/ConfigDataException
instanceKlass org/springframework/boot/context/properties/bind/BindException
instanceKlass org/springframework/cloud/commons/ConfigDataMissingEnvironmentPostProcessor$ImportException
instanceKlass java/util/ConcurrentModificationException
instanceKlass java/time/DateTimeException
instanceKlass java/util/MissingResourceException
instanceKlass java/util/concurrent/RejectedExecutionException
instanceKlass java/lang/TypeNotPresentException
instanceKlass org/springframework/boot/context/properties/source/InvalidConfigurationPropertyNameException
instanceKlass org/springframework/core/NestedRuntimeException
instanceKlass java/util/NoSuchElementException
instanceKlass java/lang/reflect/UndeclaredThrowableException
instanceKlass java/io/UncheckedIOException
instanceKlass ch/qos/logback/core/LogbackException
instanceKlass java/lang/UnsupportedOperationException
instanceKlass org/springframework/boot/SpringApplication$AbandonedRunException
instanceKlass java/lang/IndexOutOfBoundsException
instanceKlass java/lang/IllegalStateException
instanceKlass java/lang/SecurityException
instanceKlass java/lang/IllegalArgumentException
instanceKlass java/lang/ArithmeticException
instanceKlass java/lang/NullPointerException
instanceKlass java/lang/IllegalMonitorStateException
instanceKlass java/lang/ArrayStoreException
instanceKlass java/lang/ClassCastException
ciInstanceKlass java/lang/RuntimeException 1 1 40 10 7 12 1 1 1 10 12 1 10 12 1 10 12 1 10 12 1 100 1 1 1 1 5 0 1 1 1 1 1 1 1 1 1 1 1 1 1 1
instanceKlass java/io/IOError
instanceKlass io/netty/util/Signal
instanceKlass com/alibaba/nacos/shaded/com/google/common/util/concurrent/ExecutionError
instanceKlass java/lang/AssertionError
instanceKlass java/util/ServiceConfigurationError
instanceKlass java/lang/VirtualMachineError
instanceKlass java/lang/LinkageError
instanceKlass java/lang/ThreadDeath
ciInstanceKlass java/lang/Error 1 1 40 10 7 12 1 1 1 10 12 1 10 12 1 10 12 1 10 12 1 100 1 1 1 1 5 0 1 1 1 1 1 1 1 1 1 1 1 1 1 1
instanceKlass java/lang/StackOverflowError
instanceKlass java/lang/OutOfMemoryError
instanceKlass java/lang/InternalError
ciInstanceKlass java/lang/VirtualMachineError 1 1 34 10 7 12 1 1 1 10 12 1 10 12 1 10 12 1 100 1 1 1 1 5 0 1 1 1 1 1 1 1 1 1 1 1
ciInstanceKlass java/lang/StackOverflowError 1 1 26 10 100 12 1 1 1 10 12 1 100 1 1 1 1 5 0 1 1 1 1 1 1 1 1 1
instanceKlass java/lang/ExceptionInInitializerError
instanceKlass java/lang/UnsatisfiedLinkError
instanceKlass java/lang/ClassFormatError
instanceKlass java/lang/IncompatibleClassChangeError
instanceKlass java/lang/BootstrapMethodError
instanceKlass java/lang/NoClassDefFoundError
ciInstanceKlass java/lang/LinkageError 1 1 31 10 7 12 1 1 1 10 12 1 10 12 1 100 1 1 1 1 5 0 1 1 1 1 1 1 1 1 1 1 1
ciInstanceKlass java/lang/ArrayStoreException 1 1 26 10 100 12 1 1 1 10 12 1 100 1 1 1 1 5 0 1 1 1 1 1 1 1 1 1
ciInstanceKlass java/lang/ThreadDeath 0 0 21 10 100 12 1 1 1 100 1 1 1 1 5 0 1 1 1 1 1 1 1
ciInstanceKlass java/lang/StackTraceElement 1 1 224 10 7 12 1 1 1 10 7 12 1 1 9 12 1 1 9 12 1 1 9 12 1 9 12 1 8 1 10 7 12 1 1 1 7 1 9 12 1 8 1 9 12 1 9 12 1 9 12 1 1 8 1 10 12 1 1 10 12 1 100 1 10 10 12 1 1 8 1 10 12 1 1 10 12 1 8 1 8 1 8 1 10 12 1 8 1 8 1 10 12 1 8 1 8 1 10 12 1 1 10 12 1 10 12 1 1 10 12 1 9 12 1 1 10 7 12 1 1 1 10 12 1 1 100 1 10 12 1 1 10 7 12 1 1 10 7 12 1 1 1 10 7 12 1 1 10 7 12 1 1 10 10 12 1 1 10 12 1 10 12 1 1 100 1 1 1 1 1 3 1 3 1 1 5 0 1 1 1 1 1 1 1 1 1 1 1 1 1 1 1 1 1 1 1 1 1 1 1 1 1 1 100 1 100 1 1 1 1 1 1 1 1 1 1 100 1 1 1 1 1 1 1 1
instanceKlass org/springframework/boot/web/servlet/ServletContextInitializerBeans
instanceKlass com/alibaba/nacos/shaded/com/google/common/collect/ImmutableCollection
instanceKlass com/fasterxml/jackson/databind/util/internal/LinkedDeque
instanceKlass java/util/concurrent/ConcurrentLinkedDeque
instanceKlass java/util/AbstractQueue
instanceKlass java/util/IdentityHashMap$Values
instanceKlass java/util/LinkedHashMap$LinkedValues
instanceKlass java/util/TreeMap$Values
instanceKlass java/util/HashMap$Values
instanceKlass java/util/ArrayDeque
instanceKlass java/util/AbstractSet
instanceKlass java/util/ImmutableCollections$AbstractImmutableCollection
instanceKlass java/util/AbstractList
ciInstanceKlass java/util/AbstractCollection 1 1 160 10 7 12 1 1 1 10 7 12 1 1 1 10 12 1 1 11 7 12 1 1 1 11 12 1 1 10 12 1 1 10 100 12 1 1 1 10 12 1 1 10 12 1 1 10 7 12 1 1 10 7 12 1 1 1 7 1 10 100 12 1 1 1 10 100 12 1 1 1 100 1 10 11 12 1 11 7 1 10 12 1 10 12 1 10 7 12 1 1 1 11 8 1 7 1 10 10 12 1 1 8 1 10 12 1 10 12 1 1 1 1 1 1 1 1 1 1 1 1 1 1 1 1 1 1 1 1 1 1 1 1 1 1 1 1 1 1 1 1 1 1 1 1 1 1 1 1 1 1 1 1 1 1 1 1 1 1 1 1
ciInstanceKlass java/lang/Boolean 1 1 151 10 7 12 1 1 1 9 7 12 1 1 1 10 12 1 1 10 12 1 8 1 10 7 12 1 1 9 12 1 1 9 12 1 8 1 10 12 1 1 10 12 1 1 10 7 12 1 1 1 100 1 100 1 10 12 1 1 9 100 12 1 1 9 12 10 100 12 1 1 1 10 12 1 1 8 1 10 7 12 1 1 1 9 12 1 1 100 1 100 1 100 1 1 1 1 1 1 5 0 1 1 1 1 1 1 1 1 1 1 3 1 1 1 1 1 1 1 1 1 1 1 1 1 1 1 1 1 1 1 1 100 1 1 1 1 1 1 1 1 1 1 100 1 1 1 1 1 1 1 1
staticfield java/lang/Boolean TRUE Ljava/lang/Boolean; java/lang/Boolean
staticfield java/lang/Boolean FALSE Ljava/lang/Boolean; java/lang/Boolean
staticfield java/lang/Boolean TYPE Ljava/lang/Class; java/lang/Class
instanceKlass java/util/concurrent/locks/AbstractQueuedSynchronizer
ciInstanceKlass java/util/concurrent/locks/AbstractOwnableSynchronizer 1 1 32 10 7 12 1 1 1 9 7 12 1 1 1 100 1 1 1 1 5 0 1 1 1 1 1 1 1 1 1 1 1 1
instanceKlass java/lang/LiveStackFrameInfo
ciInstanceKlass java/lang/StackFrameInfo 1 1 132 10 7 12 1 1 1 9 7 12 1 1 1 9 7 1 9 12 1 1 11 7 12 1 1 1 9 12 1 1 11 12 1 1 10 12 1 1 10 100 12 1 1 1 10 12 1 11 12 1 11 12 1 1 11 12 1 10 12 1 1 9 12 1 1 10 12 1 1 10 100 12 1 1 10 12 1 1 11 12 1 1 10 12 1 9 12 1 1 10 12 1 1 100 1 8 1 10 12 1 10 7 12 1 1 1 100 1 1 1 1 1 1 1 1 1 1 1 1 1 1 1 1 1 1 100 1 1 1 1 1 1
staticfield java/lang/StackFrameInfo JLIA Ljdk/internal/access/JavaLangInvokeAccess; java/lang/invoke/MethodHandleImpl$1
ciInstanceKlass java/lang/LiveStackFrameInfo 0 0 97 10 100 12 1 1 1 9 100 12 1 1 1 9 12 1 9 12 1 9 12 1 9 12 1 1 100 1 10 12 1 1 10 12 1 8 1 10 12 1 1 8 1 8 1 8 1 10 100 1 10 12 1 100 1 10 12 1 100 1 100 1 1 1 3 1 3 1 1 1 1 1 1 1 1 1 1 1 1 1 1 1 1 1 1 1 1 1 1 1 1 1 1 1 100 1 1
ciInstanceKlass java/lang/Character 1 1 576 7 1 100 1 100 1 9 12 1 1 8 1 9 12 1 1 100 1 9 12 1 1 10 100 12 1 1 1 10 100 12 1 1 1 10 100 12 1 1 1 10 7 12 1 1 1 9 7 12 1 1 1 10 12 1 10 12 1 1 10 12 1 1 10 7 12 1 1 10 12 1 1 3 3 3 3 3 10 12 1 1 10 12 1 3 11 7 12 1 1 1 11 12 1 1 10 12 1 1 10 12 1 1 100 1 10 10 12 1 3 10 12 1 1 10 12 1 10 12 1 1 100 1 8 1 10 12 1 1 10 12 1 10 12 1 10 12 1 10 12 1 10 12 1 1 10 12 1 10 7 12 1 1 10 10 12 1 10 10 12 1 10 12 1 1 10 12 1 10 10 12 1 10 12 1 10 12 1 10 12 1 10 12 1 10 12 1 10 12 1 10 12 10 10 12 10 10 12 1 10 10 12 1 10 10 12 1 10 10 12 1 10 10 12 1 10 10 12 1 10 10 12 1 1 10 10 12 1 10 5 0 10 12 1 10 12 1 10 10 12 1 10 10 12 1 1 10 10 12 1 10 10 12 1 9 12 1 1 100 1 10 10 12 1 10 12 1 1 3 10 100 12 1 1 1 10 12 1 10 100 12 1 1 100 1 10 10 12 1 1 10 12 1 1 10 12 1 1 8 1 10 12 1 9 100 12 1 1 1 10 12 1 10 10 12 1 10 12 1 1 10 12 1 10 10 12 1 1 10 10 12 1 1 100 1 8 1 10 12 1 1 10 7 12 1 1 1 8 1 10 12 1 1 9 12 1 1 100 1 100 1 100 1 1 1 1 3 1 3 1 3 1 3 1 1 1 1 1 3 1 1 3 1 3 1 3 1 3 1 3 1 3 1 3 1 3 1 3 1 3 1 3 1 3 1 3 1 3 1 3 1 3 1 3 1 3 1 3 1 3 1 3 1 3 1 3 1 3 1 3 1 3 1 3 1 3 1 1 1 1 1 1 1 1 1 1 1 1 1 1 1 1 1 1 1 3 1 1 1 1 1 1 1 3 1 1 3 1 1 1 1 1 3 1 1 5 0 1 1 1 1 1 1 1 1 1 1 1 1 1 1 1 1 1 1 1 1 1 1 1 1 1 1 1 1 1 1 1 1 1 1 1 1 1 1 1 1 1 1 1 1 1 1 1 1 1 1 1 1 1 1 1 1 1 1 1 1 1 1 1 1 1 1 1 1 1 1 1 1 1 1 1 1 1 1 1 1 1 1 1 1 1 1 1 1 1 100 1 100 1 1 1 1 1 1
staticfield java/lang/Character TYPE Ljava/lang/Class; java/lang/Class
staticfield java/lang/Character $assertionsDisabled Z 1
ciInstanceKlass java/lang/Float 1 1 223 7 1 100 1 10 100 12 1 1 1 10 100 12 1 1 1 4 100 1 10 12 1 1 10 12 1 1 8 1 8 1 10 100 12 1 1 1 10 12 1 1 10 12 1 1 10 4 4 4 10 7 12 1 1 9 12 1 1 10 12 1 1 10 12 1 10 12 1 10 12 1 1 10 12 1 10 12 1 3 10 12 1 1 10 12 1 1 10 12 1 10 100 12 1 1 1 10 12 1 1 10 12 1 1 8 1 10 7 12 1 1 1 9 12 1 1 100 1 100 1 100 1 1 1 1 1 4 1 1 1 4 1 1 3 1 3 1 3 1 3 1 1 1 1 5 0 1 1 1 1 1 1 1 1 1 1 100 1 1 1 1 1 1 1 1 1 1 1 1 1 3 1 1 1 1 1 1 1 1 1 1 1 1 1 1 1 1 1 1 1 1 1 1 1 1 1 1 1 1 1 1 1 1 1 1 1 1 1 1 100 1 1 1 1 1 1 1 100 1 100 1 1
staticfield java/lang/Float TYPE Ljava/lang/Class; java/lang/Class
instanceKlass io/prometheus/client/Striped64
instanceKlass org/bson/types/Decimal128
instanceKlass com/alibaba/nacos/shaded/com/google/gson/internal/LazilyParsedNumber
instanceKlass java/math/BigInteger
instanceKlass java/math/BigDecimal
instanceKlass java/util/concurrent/atomic/Striped64
instanceKlass java/util/concurrent/atomic/AtomicLong
instanceKlass java/util/concurrent/atomic/AtomicInteger
instanceKlass java/lang/Long
instanceKlass java/lang/Integer
instanceKlass java/lang/Short
instanceKlass java/lang/Byte
instanceKlass java/lang/Double
instanceKlass java/lang/Float
ciInstanceKlass java/lang/Number 1 1 37 10 7 12 1 1 1 10 100 12 1 1 1 100 1 1 1 1 5 0 1 1 1 1 1 1 1 1 1 1 1 1 1 1 1 1 1
ciMethod java/lang/Number <init> ()V 1128 0 1 0 -1
ciInstanceKlass java/lang/Double 1 1 285 7 1 100 1 10 7 12 1 1 1 10 12 1 1 10 12 1 100 1 10 12 1 1 10 7 12 1 1 1 6 0 8 1 10 12 1 1 8 1 10 12 1 1 8 1 6 0 10 12 1 1 100 1 5 0 5 0 8 1 8 1 10 100 12 1 1 1 10 100 12 1 1 1 8 1 10 12 1 1 8 1 8 1 8 1 10 12 1 1 10 12 1 10 12 1 1 10 12 1 10 12 1 10 12 1 1 10 12 1 10 6 0 6 0 6 0 10 7 12 1 1 9 12 1 1 10 12 1 10 12 1 10 12 1 10 12 1 5 0 10 12 1 1 10 12 1 10 12 1 10 100 12 1 1 1 10 12 1 1 10 12 1 1 8 1 10 7 12 1 1 1 9 12 1 1 100 1 100 1 100 1 1 1 1 1 6 0 1 1 1 6 0 1 1 3 1 3 1 3 1 3 1 1 1 1 5 0 1 1 1 1 1 1 1 1 1 1 1 1 1 1 1 1 100 1 1 1 1 1 1 1 1 1 1 1 1 3 1 1 1 1 1 1 1 1 1 1 1 1 1 1 1 1 1 1 1 1 1 1 1 1 1 1 1 1 1 1 1 1 1 1 100 1 1 1 1 1 1 1 100 1 100 1 1
staticfield java/lang/Double TYPE Ljava/lang/Class; java/lang/Class
ciMethod java/lang/Double <init> (D)V 18 0 1 0 -1
ciMethod java/lang/Double valueOf (Ljava/lang/String;)Ljava/lang/Double; 0 0 1 0 -1
ciMethod java/lang/Double valueOf (D)Ljava/lang/Double; 18 0 1 0 -1
ciMethod java/lang/Double parseDouble (Ljava/lang/String;)D 32 0 1 0 -1
ciInstanceKlass java/lang/Byte 1 1 215 7 1 100 1 10 100 12 1 1 1 9 12 1 1 8 1 9 12 1 1 100 1 10 12 1 1 10 12 1 1 10 100 12 1 1 1 10 100 12 1 1 1 9 7 12 1 1 1 10 12 1 1 100 1 100 1 10 12 1 1 8 1 10 12 1 1 8 1 10 12 1 10 12 1 10 12 1 10 12 1 1 10 12 1 10 12 1 10 12 1 1 10 8 1 8 1 10 7 1 9 12 1 1 10 12 1 10 12 1 1 10 12 1 1 10 12 1 1 10 12 1 5 0 10 12 1 1 8 1 10 7 12 1 1 1 9 12 1 1 100 1 100 1 1 1 3 1 3 1 1 1 1 3 1 3 1 1 5 0 1 1 1 1 1 1 1 1 1 1 1 1 1 1 1 1 1 1 1 1 1 1 1 1 1 1 1 1 1 1 1 1 1 1 1 1 1 1 1 1 1 1 1 1 1 1 1 1 1 1 1 1 1 1 1
staticfield java/lang/Byte TYPE Ljava/lang/Class; java/lang/Class
ciInstanceKlass java/lang/Short 1 1 224 7 1 100 1 100 1 10 100 12 1 1 1 10 12 1 1 100 1 100 1 10 12 1 1 8 1 10 12 1 1 8 1 10 12 1 10 12 1 10 12 1 10 12 1 1 10 12 1 1 10 12 1 9 12 1 1 8 1 9 12 1 1 100 1 10 12 1 1 10 12 1 10 100 12 1 1 1 10 100 12 1 1 1 9 7 12 1 1 1 10 12 1 10 12 1 1 10 8 1 8 1 10 7 1 9 12 1 1 10 12 1 10 12 1 1 10 12 1 1 10 12 1 1 10 12 1 3 3 5 0 10 12 1 1 8 1 10 7 12 1 1 1 9 12 1 1 100 1 100 1 1 1 3 1 3 1 1 1 1 3 1 3 1 1 5 0 1 1 1 1 1 1 1 1 1 1 1 1 1 1 1 1 1 1 1 1 1 1 1 1 1 1 1 3 1 1 1 1 1 1 1 1 1 1 1 1 1 1 1 1 1 1 1 1 1 1 1 1 1 1 1 1 1
staticfield java/lang/Short TYPE Ljava/lang/Class; java/lang/Class
ciInstanceKlass java/lang/Integer 1 1 445 7 1 100 1 7 1 7 1 10 12 1 1 9 12 1 1 9 12 1 1 10 7 12 1 1 1 10 12 1 1 10 100 12 1 1 1 10 10 12 1 1 10 100 12 1 1 1 10 12 1 10 12 1 1 10 7 12 1 1 1 10 12 1 1 10 12 1 1 10 12 1 10 12 1 10 12 1 1 10 10 12 1 9 12 1 1 9 12 1 100 1 8 1 10 12 1 100 1 10 12 1 8 1 10 12 1 1 10 12 1 8 1 10 12 1 8 1 10 12 1 1 3 10 12 1 1 3 10 12 1 1 10 12 1 1 10 7 12 1 1 1 11 7 1 100 1 10 11 10 12 1 1 8 1 10 12 1 1 8 1 100 1 10 12 1 1 10 12 1 1 5 0 8 1 10 12 1 10 12 1 10 12 1 10 12 1 1 7 1 9 12 1 1 9 12 1 1 10 12 1 10 7 1 9 12 1 10 12 1 10 12 1 10 12 1 1 10 7 12 1 1 1 100 1 100 1 10 12 1 1 10 12 1 1 8 1 8 1 10 12 1 1 8 1 8 1 8 1 8 1 8 1 8 1 10 12 1 10 12 1 10 12 1 5 0 3 3 3 3 10 12 1 3 10 12 1 10 100 12 1 1 1 10 12 1 1 10 12 1 1 8 1 10 7 12 1 1 1 9 12 1 1 3 3 3 3 3 3 9 12 1 1 100 1 100 1 100 1 1 1 1 1 1 1 3 1 3 1 1 5 0 1 1 1 1 1 1 1 1 1 100 1 1 1 1 1 1 1 1 1 1 1 1 1 1 1 1 1 1 1 1 1 1 1 1 1 1 1 1 1 1 1 1 1 1 1 1 1 1 1 3 1 1 1 1 1 1 1 1 1 1 1 1 1 1 1 1 100 1 1 1 1 1 1 1 1 1 1 1 1 1 1 1 1 1 1 1 1 1 1 1 1 1 1 1 1 1 1 1 100 1 1 1 1 1 1 1 1 1 100 1 100 1 1
staticfield java/lang/Integer TYPE Ljava/lang/Class; java/lang/Class
staticfield java/lang/Integer digits [C 36
staticfield java/lang/Integer DigitTens [B 100
staticfield java/lang/Integer DigitOnes [B 100
staticfield java/lang/Integer sizeTable [I 10
ciMethod java/lang/Integer intValue ()I 260 0 1 0 -1
ciMethod java/lang/Integer valueOf (Ljava/lang/String;)Ljava/lang/Integer; 190 0 1 0 -1
ciMethod java/lang/Integer valueOf (I)Ljava/lang/Integer; 1224 0 1 0 -1
ciMethod java/lang/Integer parseInt (Ljava/lang/String;I)I 2432 14564 1 0 -1
ciInstanceKlass java/lang/Long 1 1 506 7 1 100 1 7 1 7 1 10 12 1 1 9 12 1 1 9 7 12 1 1 1 10 7 12 1 1 1 10 12 1 1 10 100 12 1 1 1 10 10 12 10 12 1 10 12 1 10 12 1 5 0 5 0 7 1 10 12 1 1 10 12 1 1 10 12 1 10 12 1 10 12 1 10 12 1 1 10 100 12 1 1 10 12 1 10 12 1 1 10 12 1 1 10 12 1 1 10 12 1 1 10 7 12 1 1 1 10 12 1 1 10 12 1 10 12 1 10 12 1 10 12 1 1 10 10 12 1 5 0 5 0 9 12 1 1 9 12 1 5 0 7 1 8 1 10 12 1 8 1 10 12 1 8 1 8 1 10 12 1 1 5 0 10 12 1 1 5 0 10 12 1 1 10 12 1 1 10 100 12 1 1 1 11 100 1 100 1 10 11 10 12 1 1 8 1 10 12 1 1 8 1 100 1 10 12 1 1 10 12 1 8 1 8 1 11 12 1 1 10 12 1 10 12 1 10 12 1 5 0 5 0 9 7 12 1 1 1 10 12 1 10 12 1 1 8 1 8 1 10 12 1 1 8 1 8 1 8 1 8 1 8 1 8 1 10 12 1 10 12 1 10 12 1 1 10 7 1 9 12 1 1 10 12 1 10 12 1 1 10 7 12 1 1 1 100 1 100 1 10 12 1 1 10 12 1 1 5 0 10 12 1 10 12 1 5 0 5 0 5 0 10 12 1 1 5 0 5 0 10 12 1 10 12 1 10 100 12 1 1 1 10 12 1 1 10 12 1 1 8 1 10 7 12 1 1 1 9 12 1 1 100 1 100 1 100 1 1 1 1 5 0 1 1 1 1 3 1 3 1 5 0 1 1 1 1 1 1 1 1 1 100 1 1 1 1 1 1 1 1 1 1 1 1 1 1 1 1 1 1 1 1 1 1 1 1 1 1 1 1 1 1 1 1 1 1 1 1 1 1 1 1 1 1 1 1 1 1 1 1 1 1 1 1 1 1 3 1 1 1 1 1 1 1 1 1 1 1 1 1 1 1 100 1 1 1 1 1 1 1 1 1 1 1 1 1 1 1 1 1 1 1 1 1 1 1 1 1 1 1 7 1 1 1 1 1 1 1 1 1 100 1 100 1 1
staticfield java/lang/Long TYPE Ljava/lang/Class; java/lang/Class
instanceKlass java/lang/ref/PhantomReference
instanceKlass java/lang/ref/FinalReference
instanceKlass java/lang/ref/WeakReference
instanceKlass java/lang/ref/SoftReference
ciInstanceKlass java/lang/ref/Reference 1 1 195 9 7 12 1 1 1 9 7 12 1 1 10 12 1 1 10 12 1 1 9 12 1 1 10 12 1 1 9 12 1 1 9 12 1 1 7 1 10 12 1 10 7 12 1 1 10 12 1 10 12 1 1 10 12 1 9 12 1 10 12 1 1 10 12 1 10 12 1 9 12 1 100 1 100 1 10 12 1 9 12 1 9 12 1 100 1 10 10 12 1 10 10 7 12 1 1 10 7 12 1 1 1 10 12 1 1 10 7 12 1 1 7 1 8 1 10 12 1 10 12 1 1 10 12 1 1 10 12 1 7 1 10 10 7 12 1 1 1 1 1 1 1 1 1 1 1 1 1 1 1 1 1 1 1 100 1 1 1 100 1 1 1 1 1 1 1 1 1 1 1 1 1 1 1 1 1 1 1 1 1 1 1 1 1 1 1 1 1 1 1 1 1 1 1
staticfield java/lang/ref/Reference processPendingLock Ljava/lang/Object; java/lang/Object
staticfield java/lang/ref/Reference $assertionsDisabled Z 1
instanceKlass java/util/ResourceBundle$BundleReference
instanceKlass sun/util/locale/provider/LocaleResources$ResourceReference
instanceKlass sun/util/resources/Bundles$BundleReference
instanceKlass sun/util/locale/LocaleObjectCache$CacheEntry
instanceKlass org/springframework/util/ConcurrentReferenceHashMap$SoftEntryReference
instanceKlass java/io/ClassCache$CacheRef
instanceKlass java/lang/invoke/LambdaFormEditor$Transform
ciInstanceKlass java/lang/ref/SoftReference 1 1 47 10 7 12 1 1 1 9 7 12 1 1 1 9 12 1 10 12 1 10 12 1 1 1 1 1 1 1 1 1 1 1 1 1 1 1 1 1 1 1 1 100 1 1 1 1 1
ciMethod java/lang/Long valueOf (J)Ljava/lang/Long; 518 0 1 0 -1
instanceKlass org/LatencyUtils/LatencyStats$PauseTracker
instanceKlass org/LatencyUtils/TimeCappedMovingAverageIntervalEstimator$PauseTracker
instanceKlass com/alibaba/nacos/shaded/io/grpc/netty/shaded/io/netty/util/ResourceLeakDetector$DefaultResourceLeak
instanceKlass org/springframework/util/ConcurrentReferenceHashMap$WeakEntryReference
instanceKlass io/netty/util/ResourceLeakDetector$DefaultResourceLeak
instanceKlass org/apache/tomcat/util/collections/ManagedConcurrentWeakHashMap$Key
instanceKlass org/springframework/cglib/core/WeakCacheKey
instanceKlass com/alibaba/nacos/shaded/io/grpc/internal/ManagedChannelOrphanWrapper$ManagedChannelReference
instanceKlass java/util/ResourceBundle$KeyElementReference
instanceKlass sun/rmi/transport/WeakRef
instanceKlass java/util/logging/LogManager$LoggerWeakRef
instanceKlass java/util/logging/Level$KnownLevel
instanceKlass java/lang/WeakPairMap$WeakRefPeer
instanceKlass com/sun/jmx/mbeanserver/WeakIdentityHashMap$IdentityWeakReference
instanceKlass java/lang/ClassValue$Entry
instanceKlass java/lang/ThreadLocal$ThreadLocalMap$Entry
instanceKlass java/lang/invoke/MethodType$ConcurrentWeakInternSet$WeakEntry
instanceKlass java/util/WeakHashMap$Entry
ciInstanceKlass java/lang/ref/WeakReference 1 1 31 10 7 12 1 1 1 10 12 1 100 1 1 1 1 1 1 1 1 1 1 1 1 1 1 1 1 1 1 1 1
instanceKlass java/lang/ref/Finalizer
ciInstanceKlass java/lang/ref/FinalReference 1 1 47 10 7 12 1 1 1 10 7 12 1 1 1 10 12 1 1 100 1 8 1 10 12 1 1 1 1 1 1 1 1 1 1 1 1 1 1 1 1 1 1 1 1 1 1 1 1
ciInstanceKlass java/lang/ref/Finalizer 1 1 152 9 7 12 1 1 1 10 7 12 1 1 1 9 12 1 1 9 12 1 1 9 12 1 9 12 1 10 12 1 10 12 1 1 9 12 1 1 100 1 10 12 1 7 1 11 7 12 1 1 100 1 10 12 1 100 1 10 12 1 10 100 12 1 1 1 10 100 12 1 1 1 100 1 10 10 12 1 10 7 12 1 1 1 7 1 10 7 1 10 10 7 12 1 1 1 10 12 1 1 10 7 12 1 1 7 1 10 12 1 10 12 1 1 10 12 1 1 10 12 1 1 1 1 1 1 1 1 1 1 1 1 1 1 1 1 1 1 1 1 1 1 1 1 1 1 1 1 1 1 1 1
staticfield java/lang/ref/Finalizer lock Ljava/lang/Object; java/lang/Object
staticfield java/lang/ref/Finalizer $assertionsDisabled Z 1
instanceKlass jdk/internal/ref/PhantomCleanable
instanceKlass jdk/internal/ref/Cleaner
ciInstanceKlass java/lang/ref/PhantomReference 1 1 39 10 100 12 1 1 1 10 7 12 1 1 1 1 1 1 1 1 1 1 1 1 1 1 1 1 1 1 1 1 1 1 1 1 1 1 1 1 1
instanceKlass java/lang/reflect/Executable
instanceKlass java/lang/reflect/Field
ciInstanceKlass java/lang/reflect/AccessibleObject 1 1 398 10 7 12 1 1 1 9 100 12 1 1 1 10 100 12 1 1 1 10 7 12 1 1 10 7 12 1 1 1 10 7 12 1 1 1 10 12 1 1 10 12 1 1 9 12 1 1 7 1 10 7 12 1 1 1 11 12 1 7 1 10 12 1 7 1 100 1 10 12 1 10 12 1 1 7 1 10 7 12 1 1 1 10 12 1 1 7 1 10 12 1 1 100 1 10 10 10 7 12 1 1 1 10 12 1 1 10 12 1 10 12 1 10 12 1 1 10 12 1 8 1 100 1 10 10 12 1 1 8 1 10 12 1 10 12 1 8 1 8 1 8 1 8 1 8 1 8 1 100 1 10 12 1 10 12 1 9 12 1 1 10 12 1 1 10 12 1 10 11 7 1 100 1 8 1 10 10 12 1 10 12 1 1 8 1 10 12 1 8 1 10 12 1 1 10 100 1 8 1 10 11 7 12 1 1 10 12 1 1 10 12 1 1 10 12 1 1 9 12 1 1 100 1 10 12 1 7 1 10 12 1 10 12 1 1 10 7 1 10 12 1 10 12 10 12 1 10 12 1 1 10 12 1 10 12 1 1 10 12 1 9 12 1 10 7 12 1 1 8 1 10 7 12 1 1 1 8 1 10 100 12 1 1 1 9 12 1 100 1 10 7 1 10 10 7 12 1 1 1 7 1 10 10 7 12 1 1 1 7 1 9 12 1 1 1 1 1 1 1 1 1 1 1 1 1 1 1 1 1 1 1 1 1 1 1 1 1 1 1 1 1 1 1 1 1 1 1 1 1 1 1 1 1 1 1 1 1 1 1 1 1 1 1 1 1 1 1 1 1 1 1 1 1 1 1 1 1 1 1 1 1 1 1 1 1 1 1 1 1 1 1 1 1 1 1 1 1
staticfield java/lang/reflect/AccessibleObject reflectionFactory Ljdk/internal/reflect/ReflectionFactory; jdk/internal/reflect/ReflectionFactory
instanceKlass java/lang/reflect/Constructor
instanceKlass java/lang/reflect/Method
ciInstanceKlass java/lang/reflect/Executable 1 1 548 10 7 12 1 1 1 10 7 12 1 1 1 10 7 12 1 1 1 11 7 12 1 1 1 10 7 12 1 1 1 10 12 1 1 10 7 12 1 1 1 10 100 12 1 1 1 10 12 1 8 1 10 10 12 1 1 10 12 1 1 10 100 12 1 1 1 18 12 1 1 11 100 12 1 1 1 8 1 8 1 8 1 10 100 12 1 1 1 11 12 1 1 7 1 8 1 8 1 10 12 1 100 1 8 1 10 12 1 8 1 11 100 12 1 1 1 100 1 10 12 1 1 11 12 1 8 1 18 8 1 10 12 1 10 12 1 1 18 8 1 10 12 1 100 1 10 12 1 10 12 1 11 7 12 1 1 10 12 1 1 8 1 8 1 10 12 1 1 10 12 1 1 10 10 12 1 100 1 10 10 12 1 10 12 1 1 10 7 12 1 1 10 12 1 10 12 1 10 12 1 1 10 7 12 1 1 10 12 1 10 12 1 10 7 12 1 1 1 10 12 1 8 1 10 12 1 10 12 1 3 100 1 8 1 10 12 1 10 12 1 10 10 12 1 10 12 1 1 8 1 8 1 8 1 9 12 1 10 12 1 100 1 8 1 9 12 1 10 12 1 10 12 1 1 10 12 1 1 10 12 1 10 12 10 12 1 7 1 10 12 1 10 12 1 1 100 1 10 100 12 1 1 1 7 1 10 7 12 1 1 1 10 12 1 1 11 7 12 1 1 10 7 12 1 1 10 100 12 1 1 1 10 12 1 1 9 12 1 10 12 1 1 10 12 1 10 12 1 1 9 7 12 1 1 1 10 7 12 1 1 1 10 12 1 10 12 1 1 9 12 1 10 10 10 10 100 12 1 1 1 10 12 1 9 12 1 10 12 1 1 9 12 1 100 1 100 1 1 1 1 1 1 1 1 1 1 1 1 1 1 1 1 1 1 1 1 1 1 1 1 1 1 1 1 1 1 1 1 1 1 100 1 1 1 1 1 1 1 1 100 1 1 1 1 1 1 1 1 1 1 1 1 100 1 1 1 1 1 1 1 1 1 1 1 1 1 1 1 1 1 1 1 1 1 1 1 1 1 1 1 1 1 1 1 1 1 1 1 1 1 1 1 1 1 100 1 1 1 1 1 1 1 1 1 1 1 1 1 1 1 1 1 1 1 1 1 100 1 100 1 1 15 10 100 12 1 1 1 16 15 16 1 16 1 15 10 12 16 1 100 1 1 100 1 100 1 1
ciInstanceKlass java/lang/reflect/Constructor 1 1 429 10 7 12 1 1 1 10 7 12 1 1 9 7 12 1 1 1 10 12 1 1 10 12 1 1 10 7 12 1 1 9 12 1 1 10 7 12 1 1 1 9 12 1 1 9 12 1 1 9 12 1 9 12 1 1 9 12 1 9 12 1 1 9 12 1 1 9 12 1 100 1 8 1 10 12 1 10 12 1 9 12 1 1 10 7 12 1 1 10 7 12 1 1 1 10 12 1 1 10 12 1 1 10 12 1 7 1 100 1 8 1 10 10 12 1 10 12 1 10 12 1 1 10 12 1 1 100 1 10 7 12 1 1 10 12 1 1 10 12 1 10 12 1 1 10 7 12 1 1 1 10 100 12 1 1 10 12 1 1 10 12 1 10 100 12 1 1 1 8 1 10 10 12 1 100 1 8 1 10 12 1 10 12 1 1 10 12 1 1 10 12 1 10 12 1 10 12 1 1 10 12 1 1 9 12 1 1 10 12 1 1 10 12 1 1 10 12 1 8 1 10 12 1 1 11 7 12 1 1 1 10 12 1 1 10 12 1 10 12 1 9 12 1 1 10 7 12 1 1 1 10 12 1 1 10 12 1 1 10 12 1 1 10 12 1 1 10 12 1 9 100 12 1 1 10 12 1 10 12 1 10 12 1 100 1 8 1 10 10 12 1 1 10 12 1 10 10 12 1 1 10 12 1 1 10 100 12 1 1 1 11 100 12 1 1 1 10 12 1 1 9 100 12 1 1 1 10 100 12 1 1 1 10 12 1 1 1 1 1 1 1 1 1 1 1 1 1 1 1 1 1 1 1 1 1 1 1 1 1 1 1 1 1 1 1 1 1 1 1 1 1 1 1 1 1 1 1 1 1 1 1 1 1 1 1 100 1 100 1 100 1 100 1 1 1 1 1 1 1 1 1 1 1 1 1 1 1 1 1 1 1 1 1 1 1 1 1 1 1 1 1 1 1 1 1 100 1 1
ciInstanceKlass java/lang/reflect/Method 1 1 446 9 7 12 1 1 1 10 7 12 1 1 1 10 7 12 1 1 9 12 1 1 10 12 1 1 10 12 1 1 10 7 12 1 1 10 7 12 1 1 1 9 12 1 1 9 12 1 9 12 1 1 9 12 1 9 12 1 9 12 1 1 9 12 1 9 12 1 1 9 12 1 9 12 1 9 12 1 1 100 1 8 1 10 12 1 10 12 1 9 12 1 1 8 1 10 7 12 1 1 10 7 12 1 1 1 10 12 1 1 10 12 1 1 10 12 1 10 12 1 1 10 12 1 1 7 1 10 12 1 1 10 12 10 7 12 1 1 10 12 1 1 10 12 1 10 12 1 10 12 1 10 7 12 1 1 1 10 12 1 1 10 7 1 10 7 12 1 1 1 10 7 12 1 1 10 12 1 1 10 12 1 1 10 12 1 10 7 12 1 1 1 10 12 1 10 8 1 10 12 1 10 12 1 7 1 8 1 8 1 8 1 10 12 1 10 12 1 1 10 12 1 1 10 10 12 1 1 10 12 1 11 100 1 9 12 1 1 10 12 1 1 10 12 1 10 12 1 1 10 12 1 1 11 7 12 1 1 1 10 12 1 10 12 1 10 12 1 10 12 1 10 12 1 9 12 1 1 10 7 12 1 1 1 10 12 1 1 10 7 12 1 1 1 10 7 12 1 1 1 10 7 12 1 1 1 11 7 12 1 1 1 10 7 12 1 1 1 7 1 100 1 100 1 10 12 1 10 12 1 1 10 12 1 100 1 8 1 10 12 1 10 10 12 1 1 10 12 1 1 10 12 1 1 10 12 1 1 8 1 10 12 1 1 1 1 1 1 1 1 1 1 1 1 1 1 1 1 1 1 1 1 1 1 1 1 1 1 1 1 1 1 1 1 1 1 1 1 1 1 1 1 1 1 1 1 1 1 1 1 1 1 1 1 1 100 1 100 1 100 1 1 1 1 1 1 1 1 1 1 1 1 1 1 1 1 1 1 1 1 1 1 1 1 1 1
ciInstanceKlass java/lang/reflect/Field 1 1 437 9 7 12 1 1 1 10 12 1 1 10 7 12 1 1 1 10 7 12 1 1 9 12 1 1 10 12 1 1 10 12 1 1 10 7 12 1 1 10 7 12 1 1 1 9 12 1 1 9 12 1 9 12 1 9 12 1 1 9 12 1 1 9 12 1 9 12 1 1 9 12 1 1 100 1 8 1 10 12 1 10 12 1 9 12 1 1 9 12 1 10 12 1 10 7 12 1 1 10 12 1 1 10 12 1 1 10 12 1 10 12 1 1 7 1 10 12 1 1 10 12 1 1 10 12 1 1 10 12 1 10 12 1 10 7 1 10 7 12 1 1 100 1 10 8 1 10 12 1 1 10 12 1 1 8 1 10 12 10 12 1 8 1 8 1 10 11 100 1 9 12 1 10 12 1 1 10 12 1 1 11 7 12 1 1 1 11 12 1 1 11 12 1 1 11 12 1 1 11 12 1 1 11 12 1 1 11 12 1 1 11 12 1 1 11 12 1 1 11 12 1 1 11 12 1 1 11 12 1 1 11 12 1 1 11 12 1 1 11 12 1 1 11 12 1 1 11 12 1 1 11 12 1 1 10 12 1 10 7 12 1 1 10 12 1 10 12 1 1 10 12 9 12 1 1 10 7 12 1 1 1 10 12 1 1 10 7 12 1 1 10 12 1 1 11 7 1 10 12 1 100 1 10 100 12 1 1 1 10 7 12 1 1 1 9 12 1 10 7 12 1 1 1 11 7 12 1 1 1 10 12 1 1 10 12 1 1 9 100 12 1 1 1 10 100 12 1 1 1 10 12 1 1 100 1 1 1 1 1 1 1 1 1 1 1 1 1 1 1 1 1 1 1 1 1 1 1 1 1 1 1 1 1 1 1 1 1 1 1 100 1 1 1 1 1 1 1 1 1 1 1 1 1 1 1 1 1 1 1 1 1 1 1 1 1 1 1 1 1 1 1 1 1 1 100 1 1 1 1 1 1 1 1 100 1 1
ciInstanceKlass java/lang/reflect/Parameter 1 1 226 10 7 12 1 1 1 9 7 12 1 1 1 9 12 1 1 9 12 1 1 9 12 1 10 12 1 1 10 12 1 1 10 7 12 1 1 1 100 1 10 10 12 1 1 11 100 12 1 1 1 10 12 1 10 7 12 1 1 1 10 12 1 1 10 12 1 10 12 1 8 1 8 1 10 7 12 1 1 1 10 12 1 10 12 10 12 1 8 1 10 12 1 9 12 1 1 10 12 1 1 9 12 1 1 10 12 1 1 10 12 1 1 10 12 1 1 10 12 1 10 10 12 1 10 100 12 1 1 1 10 12 1 1 11 100 12 1 1 10 100 12 1 1 100 1 10 100 12 1 1 1 10 12 1 1 10 12 1 1 10 12 1 1 10 12 1 1 9 12 1 100 1 10 11 12 1 1 11 12 1 1 100 1 1 1 1 1 1 1 1 1 1 1 1 1 1 1 1 1 1 1 1 1 1 1 1 1 1 1 1 1 1 1 1 1 1 1 1 1 1 100 1 1 1 1
ciInstanceKlass java/lang/StringBuffer 1 1 470 10 7 12 1 1 1 10 12 1 10 12 1 10 12 1 1 9 7 12 1 1 1 10 12 1 1 10 12 1 10 12 1 1 9 12 1 1 10 12 1 10 12 1 1 10 12 1 1 10 12 1 10 12 1 1 10 12 1 10 12 1 1 10 12 1 1 10 7 12 1 1 1 10 12 1 1 10 12 1 10 12 1 10 12 1 10 12 1 10 12 1 10 12 1 10 12 1 10 12 1 10 12 1 10 12 1 10 12 1 10 12 1 10 12 1 10 12 1 1 10 12 1 10 12 1 1 10 12 1 1 10 10 12 1 1 10 12 1 10 12 1 10 12 1 10 12 1 10 12 1 10 12 1 10 12 10 12 1 10 12 1 10 12 1 10 12 1 1 10 12 1 10 12 1 10 10 12 1 1 10 12 1 1 9 12 1 1 10 7 12 1 1 1 10 7 1 10 10 100 12 1 1 1 10 10 12 1 10 8 10 100 12 1 1 1 8 10 12 1 8 1 10 12 1 10 12 1 10 100 12 1 1 1 10 100 12 1 1 1 7 1 10 12 100 1 8 1 10 10 12 1 1 10 12 1 1 10 12 1 1 10 12 1 10 12 1 10 12 1 10 12 1 10 12 1 10 12 1 10 12 1 10 12 1 10 12 1 10 12 1 10 12 1 10 12 1 10 12 1 10 12 1 10 12 1 10 12 1 10 12 10 12 10 12 1 10 12 1 10 12 1 10 12 10 12 1 10 12 1 10 12 1 10 12 1 10 12 1 10 12 1 10 12 1 10 12 1 10 12 1 10 12 1 10 12 1 7 1 10 12 1 9 7 12 1 1 1 9 7 1 9 12 1 1 100 1 100 1 100 1 1 1 1 5 0 1 1 1 1 1 1 1 1 1 1 1 1 1 1 1 1 1 1 1 1 1 1 1 1 1 1 1 1 1 1 1 1 1 1 1 1 1 1 1 1 1 1 1 1 1 1 1 1 1 1 1 1 1 1 1 1 1 1 1 1 100 1 1 1 1 1 100 1 1 1 1 1 1 1 1 1 1 1 1 1 1 1 1 1
staticfield java/lang/StringBuffer serialPersistentFields [Ljava/io/ObjectStreamField; 3 [Ljava/io/ObjectStreamField;
ciInstanceKlass java/lang/CharSequence 1 1 130 11 7 12 1 1 1 18 12 1 1 100 1 10 100 12 1 1 1 18 10 100 12 1 1 1 10 100 12 1 1 1 100 1 11 12 1 1 10 100 12 1 1 1 11 12 1 1 100 1 10 12 1 1 10 100 12 1 1 1 100 1 10 10 12 1 1 1 1 1 1 1 1 1 1 1 1 1 1 1 1 1 1 1 1 1 1 1 1 1 1 1 1 1 1 1 1 1 1 15 10 100 12 1 1 1 16 1 15 11 12 16 15 11 12 1 1 100 1 100 1 1 100 1 1 100 1 100 1 1
ciMethod java/lang/CharSequence toString ()Ljava/lang/String; 0 0 1 0 -1
instanceKlass java/lang/StringBuilder
instanceKlass java/lang/StringBuffer
ciInstanceKlass java/lang/AbstractStringBuilder 1 1 547 7 1 7 1 10 7 12 1 1 1 9 7 12 1 1 1 9 12 1 9 12 1 1 9 12 1 1 10 7 12 1 1 1 10 12 1 1 3 3 10 12 1 10 12 1 1 11 7 1 100 1 100 1 10 8 1 10 12 1 10 12 1 10 12 1 1 10 12 1 10 12 1 10 12 1 9 12 1 1 10 12 1 1 10 7 12 1 1 1 10 10 12 1 10 12 1 10 12 1 1 10 12 1 1 10 7 12 1 1 1 10 7 12 1 1 1 100 1 8 1 10 10 12 1 1 100 1 10 12 10 12 1 1 10 10 12 1 1 10 12 1 1 10 12 1 1 10 12 1 1 100 1 10 10 12 1 10 7 12 1 1 1 10 12 1 1 10 12 1 10 12 1 1 10 10 12 1 1 10 12 10 12 1 10 12 1 1 10 12 1 1 10 12 1 1 10 12 1 10 10 12 1 1 10 12 1 10 12 1 1 8 1 10 12 1 1 10 12 1 10 12 1 10 12 1 10 12 1 10 12 1 10 12 1 10 7 12 1 1 10 12 1 10 12 1 10 7 12 1 1 1 10 12 1 10 12 1 10 12 1 10 12 1 10 12 1 1 10 12 1 10 12 1 1 10 12 1 1 10 10 7 12 1 1 1 10 12 1 10 12 1 10 12 1 1 10 12 1 10 12 1 10 12 1 10 12 1 10 12 1 10 12 1 10 12 1 10 12 1 10 12 1 1 10 12 1 10 12 1 10 12 10 12 1 1 18 12 1 1 100 1 10 100 12 1 1 1 18 10 12 1 1 10 12 1 10 12 1 1 11 12 1 10 12 1 10 12 1 10 10 12 1 10 8 1 8 1 8 1 10 10 100 1 10 12 1 100 1 10 100 1 10 100 1 1 1 3 1 1 1 1 1 1 1 1 1 1 100 1 1 1 1 1 1 1 1 1 1 1 1 1 1 1 1 1 1 1 1 1 1 1 1 1 1 1 1 1 1 1 1 1 1 1 1 1 1 1 1 1 1 1 1 1 1 1 1 1 1 1 1 1 1 1 1 1 1 1 1 1 1 1 1 1 1 1 1 1 1 1 1 1 1 1 1 1 1 1 1 1 1 1 1 1 1 1 1 1 1 1 1 1 1 1 1 1 100 1 1 100 1 1 1 1 1 100 1 1 1 1 1 1 15 10 100 12 1 1 1 16 1 15 10 12 16 15 10 12 1 1 1 1 100 1 100 1 1
staticfield java/lang/AbstractStringBuilder EMPTYVALUE [B 0
ciMethod java/lang/AbstractStringBuilder append (Ljava/lang/String;)Ljava/lang/AbstractStringBuilder; 514 0 1 0 -1
ciMethod java/lang/AbstractStringBuilder <init> (I)V 514 0 1 0 -1
ciMethod java/lang/AbstractStringBuilder isLatin1 ()Z 528 0 1 0 -1
ciInstanceKlass java/lang/SecurityManager 0 0 576 10 100 12 1 1 1 9 100 12 1 1 1 10 100 12 1 1 1 100 1 8 1 10 12 1 10 12 1 1 10 100 12 1 1 1 10 100 1 10 100 1 10 9 100 12 1 1 1 10 100 12 1 1 1 10 12 1 1 10 100 12 1 1 100 1 8 1 10 9 12 1 1 9 12 1 8 1 9 12 1 100 1 10 8 1 10 12 1 1 10 12 1 10 12 1 1 100 1 10 10 12 1 1 100 1 8 1 10 12 1 8 1 8 1 8 1 8 1 8 1 8 1 10 12 1 8 1 8 1 8 1 8 1 8 1 10 100 12 1 1 1 10 12 1 1 8 1 100 1 8 1 10 8 1 8 1 8 1 8 1 8 1 10 100 12 1 1 8 1 100 1 8 1 8 1 10 8 1 10 12 1 100 1 8 1 10 10 12 1 1 10 12 1 10 12 1 10 12 1 10 100 12 1 1 1 10 12 1 10 100 12 1 1 11 100 12 1 1 1 18 12 1 1 11 100 12 1 1 1 18 12 1 1 11 12 1 1 18 18 11 12 1 18 12 1 11 12 1 1 9 12 1 1 9 12 1 9 12 1 9 12 1 100 1 10 100 12 1 1 10 12 1 10 12 1 18 12 1 18 10 100 12 1 1 1 18 12 1 10 12 1 18 18 8 1 10 12 1 9 12 1 1 11 100 12 1 1 1 8 1 100 1 10 12 1 10 12 1 1 10 12 1 1 9 12 1 1 10 12 1 10 12 1 1 8 1 100 1 10 9 12 1 8 1 10 12 1 8 1 100 1 10 10 100 12 1 1 10 100 1 9 100 12 1 1 1 11 12 1 1 10 12 1 11 12 1 10 12 1 100 1 10 10 12 1 1 10 12 1 1 1 1 1 1 1 1 1 1 1 100 1 1 1 1 1 1 1 1 1 1 1 1 1 1 1 1 1 1 1 1 1 1 1 1 1 1 1 1 1 1 1 1 1 1 1 1 1 1 1 1 1 1 1 1 1 1 1 1 1 1 1 1 1 1 1 1 3 1 1 1 1 1 1 1 1 1 1 100 1 1 1 1 1 1 1 1 1 1 1 1 1 1 1 1 1 1 1 1 1 1 1 1 1 1 1 1 1 1 1 1 1 1 1 1 1 1 15 10 100 12 1 1 1 16 15 10 100 12 1 1 1 16 1 16 15 10 12 16 1 15 10 12 16 15 11 100 1 16 1 16 1 15 10 12 16 15 10 12 16 15 10 12 1 16 1 15 11 12 1 15 10 12 16 15 10 16 1 1 1 1 100 1 100 1 1
ciInstanceKlass java/security/AccessControlContext 1 1 373 9 7 12 1 1 1 9 12 1 1 10 7 12 1 1 1 8 1 10 7 12 1 1 1 10 7 12 1 1 1 9 12 1 9 12 1 1 9 12 1 1 10 7 12 1 1 100 1 10 12 1 11 100 12 1 1 1 11 12 1 11 12 1 11 12 1 1 7 1 11 12 1 1 10 12 1 10 7 12 1 1 1 9 100 12 1 1 1 10 100 12 1 1 1 11 100 12 1 1 1 10 7 1 100 1 8 1 10 12 1 10 12 1 1 7 1 10 7 12 1 1 1 9 12 1 9 12 1 9 12 1 9 12 1 1 9 12 1 1 9 12 1 9 12 1 10 7 12 1 1 1 9 12 1 10 12 1 1 10 12 1 1 8 1 10 12 1 1 10 12 1 1 10 100 12 1 1 1 7 1 10 10 12 1 1 10 100 12 1 1 1 10 8 1 10 100 12 1 1 8 1 10 100 12 1 1 8 1 8 1 10 12 1 8 1 10 12 1 8 1 10 12 1 10 12 1 10 12 1 1 8 1 8 1 100 1 10 12 1 10 12 1 1 7 1 10 12 1 8 1 10 12 1 10 12 1 10 8 1 10 12 1 1 10 12 1 1 10 12 1 1 10 12 1 1 10 12 1 10 12 1 10 12 1 10 12 1 1 10 10 10 12 1 1 1 1 1 1 1 1 1 1 1 1 1 1 1 1 1 1 1 1 1 1 1 1 100 1 1 1 1 1 1 1 1 1 1 1 1 1 1 1 1 1 1 1 1 1 1 1 1 1 1 1 1 1 1 1 1 1 1 1 1 1 1 1 1 1 1 1 1 1 1 1 1 1 1 1 1 3 1 1
ciInstanceKlass java/net/URL 1 1 743 10 7 12 1 1 1 10 12 1 10 7 12 1 1 9 12 1 1 9 12 1 10 7 12 1 1 1 10 12 1 1 10 12 1 1 9 12 1 1 10 7 12 1 1 1 8 1 10 12 1 1 100 1 10 10 12 1 1 8 1 10 12 1 1 9 12 1 7 1 8 1 10 12 1 10 12 1 8 1 9 12 1 10 12 1 1 9 12 1 10 12 1 10 12 1 9 12 1 9 12 1 8 1 9 12 1 10 12 1 1 8 1 9 12 1 1 10 12 1 1 10 7 12 1 1 1 8 1 10 12 1 7 1 10 12 1 10 12 1 10 12 1 10 12 1 1 10 12 1 1 8 1 10 12 1 1 10 12 1 8 1 9 12 1 8 1 10 12 1 10 7 12 1 1 1 100 1 10 12 1 10 12 1 1 10 7 12 1 1 1 7 1 8 1 10 10 12 1 8 1 10 12 1 1 10 12 1 10 12 1 10 12 1 10 12 1 10 12 1 8 1 10 12 1 10 10 7 12 1 1 1 10 12 1 9 100 12 1 1 1 10 100 12 1 1 1 9 12 1 1 10 12 1 10 100 12 1 1 1 100 1 100 1 10 12 1 10 12 1 10 12 1 10 12 1 10 12 1 10 12 10 10 10 12 1 100 1 10 12 1 10 12 1 1 8 1 9 100 12 1 1 1 10 100 12 1 1 1 10 12 1 1 9 100 12 1 1 1 10 12 1 1 100 1 10 12 1 10 12 1 10 10 12 1 1 10 12 1 1 10 12 1 10 12 1 10 12 1 10 7 12 1 1 1 10 12 1 1 10 12 1 9 12 1 1 9 12 1 1 100 1 8 1 10 10 12 1 9 12 1 1 10 7 12 1 1 8 1 10 7 12 1 1 8 1 10 12 1 1 10 12 1 8 1 8 1 10 7 12 1 1 1 100 1 10 100 12 1 1 1 10 12 1 10 12 1 7 1 10 9 12 1 1 10 7 12 1 1 8 1 10 12 1 1 7 1 10 10 7 12 1 1 1 8 9 100 12 1 1 1 10 12 1 10 12 1 10 12 1 10 12 1 10 100 12 1 1 11 7 12 1 1 10 12 1 10 12 1 9 12 1 10 12 1 1 10 100 12 1 1 10 100 12 1 1 1 8 10 100 12 1 1 100 1 10 8 8 10 12 1 8 8 8 100 1 10 12 1 9 12 1 1 10 12 1 10 12 1 1 10 12 1 10 12 10 12 1 1 10 12 1 1 10 10 10 12 1 10 12 1 10 12 1 10 12 1 10 12 1 10 10 12 1 100 1 8 1 10 10 10 12 1 1 10 12 1 10 12 1 1 8 1 7 1 10 10 10 7 1 10 12 1 9 7 12 1 1 1 9 12 1 1 7 1 10 10 7 12 1 1 1 100 1 1 1 1 1 5 0 1 1 1 1 1 1 1 1 1 1 1 1 1 1 1 1 1 1 1 1 1 1 1 1 1 1 1 1 1 1 1 1 1 1 1 1 1 1 1 100 1 1 1 1 1 1 1 1 1 1 1 1 1 1 1 1 1 1 1 1 1 1 1 1 1 1 1 1 1 1 1 1 1 1 1 1 1 100 1 1 1 1 1 1 1 1 1 1 1 1 1 1 1 1 100 1 1 1 1 1 1 1 1 1 1 1 1 1 1 1 1 1 1
staticfield java/net/URL defaultFactory Ljava/net/URLStreamHandlerFactory; java/net/URL$DefaultFactory
staticfield java/net/URL streamHandlerLock Ljava/lang/Object; java/lang/Object
staticfield java/net/URL serialPersistentFields [Ljava/io/ObjectStreamField; 7 [Ljava/io/ObjectStreamField;
ciInstanceKlass java/util/jar/Manifest 1 1 336 10 7 12 1 1 1 7 1 10 9 7 12 1 1 1 7 1 10 9 12 1 1 9 12 1 1 10 12 1 10 12 1 1 10 12 1 1 10 12 1 1 10 12 1 1 11 7 1 11 12 1 1 10 12 1 1 10 100 12 1 1 1 100 1 100 1 10 8 1 10 12 1 1 10 12 1 1 10 12 1 10 12 1 11 100 1 10 12 1 10 12 1 1 11 12 1 1 10 12 1 11 12 1 1 11 100 12 1 1 1 11 100 12 1 1 11 12 1 1 100 1 10 12 1 8 1 11 12 1 7 1 10 12 1 1 11 12 1 10 12 1 10 12 1 10 100 12 1 1 1 8 1 10 12 1 1 10 9 7 12 1 1 1 10 12 1 1 10 100 12 1 10 12 1 10 12 1 9 100 12 1 1 1 8 1 10 12 1 8 1 8 1 7 1 10 12 1 10 12 1 10 12 1 1 100 1 8 1 10 12 1 1 8 1 10 10 12 1 1 8 1 10 12 1 1 10 100 12 1 1 1 10 12 1 10 11 12 1 1 10 12 1 10 7 12 1 1 1 10 12 1 1 10 12 1 1 11 10 12 1 11 10 12 1 100 1 1 1 1 1 1 1 1 1 1 1 1 1 1 1 1 1 1 1 1 1 1 1 1 1 1 1 1 1 1 1 1 1 1 1 1 1 1 1 1 1 1 1 100 1 1 1 1 1 1 1 1 1 1 1 1 1 1 100 1 1 1 1 1 1 1 1 1 1 1
instanceKlass com/stoyanr/evictor/map/ConcurrentMapWithTimedEvictionDecorator
instanceKlass org/apache/tomcat/util/collections/ManagedConcurrentWeakHashMap
instanceKlass java/util/TreeMap$NavigableSubMap
instanceKlass com/alibaba/nacos/shaded/com/google/common/cache/LocalCache
instanceKlass com/alibaba/nacos/shaded/com/google/gson/internal/LinkedTreeMap
instanceKlass com/alibaba/nacos/shaded/com/google/protobuf/SmallSortedMap
instanceKlass com/fasterxml/jackson/databind/util/internal/PrivateMaxEntriesMap
instanceKlass org/springframework/util/ConcurrentReferenceHashMap
instanceKlass java/util/Collections$SingletonMap
instanceKlass java/util/concurrent/ConcurrentSkipListMap
instanceKlass java/util/TreeMap
instanceKlass java/util/IdentityHashMap
instanceKlass java/util/EnumMap
instanceKlass java/util/WeakHashMap
instanceKlass java/util/Collections$EmptyMap
instanceKlass sun/util/PreHashedMap
instanceKlass java/util/HashMap
instanceKlass java/util/ImmutableCollections$AbstractImmutableMap
instanceKlass java/util/concurrent/ConcurrentHashMap
ciInstanceKlass java/util/AbstractMap 1 1 192 10 7 12 1 1 1 10 7 12 1 1 1 11 7 12 1 1 1 10 11 12 1 1 11 7 12 1 1 1 11 12 1 1 7 1 11 12 1 10 12 1 1 11 12 1 100 1 10 11 12 1 11 7 1 10 12 1 1 11 12 1 9 12 1 1 7 1 10 12 1 9 12 1 1 100 1 10 11 11 12 1 1 11 12 1 100 1 100 1 11 12 1 8 1 7 1 10 10 12 1 1 8 1 10 12 1 10 12 1 1 10 12 1 1 1 1 1 1 1 1 1 1 1 1 1 1 1 1 1 1 1 1 1 1 1 1 1 1 1 1 1 1 1 1 1 1 1 1 1 1 1 1 100 1 1 1 1 1 1 1 1 1 1 1 1 1 1 1 1 100 1 1 1 1 1 1 1 1 1 100 1 100 1 100 1 100 1 1 1 1 1
ciInstanceKlass java/util/List 1 1 217 10 100 12 1 1 1 11 100 12 1 1 1 11 100 12 1 1 1 11 12 1 1 11 100 12 1 1 11 12 1 1 11 12 1 1 10 100 12 1 1 1 7 1 7 1 10 12 1 1 100 1 10 100 12 1 1 1 9 7 12 1 1 1 7 1 10 12 10 12 1 7 1 10 12 1 1 10 12 1 10 12 1 1 100 1 1 1 1 1 1 1 1 1 1 1 1 1 1 1 1 1 1 1 1 1 1 1 1 1 1 1 1 1 1 1 1 1 1 1 1 1 1 1 1 1 1 1 1 1 1 1 1 1 1 100 1 100 1 1 1 1 1 1 1 1 1 1 1 1 1 1 1 1 1 1 1 1 1 1 1 1 1 1 1 1 1 1 1 1 1 1 1 1 1 1 1 1 1 1 1 1 1 1 1 1 1 1 1 1 1 1 1 1 1 1 1 1 1 1 1 1 1 1 1 1 1 1 1 1 100 1 1 100 1 1 1
instanceKlass io/netty/handler/codec/CodecOutputList
instanceKlass java/util/AbstractList$SubList
instanceKlass com/alibaba/nacos/shaded/io/grpc/netty/shaded/io/netty/handler/codec/CodecOutputList
instanceKlass com/alibaba/nacos/shaded/com/google/protobuf/AbstractProtobufList
instanceKlass java/util/Collections$CopiesList
instanceKlass sun/security/jca/ProviderList$3
instanceKlass java/util/ArrayList$SubList
instanceKlass java/util/Collections$SingletonList
instanceKlass java/util/AbstractSequentialList
instanceKlass java/util/Vector
instanceKlass java/util/Arrays$ArrayList
instanceKlass java/util/Collections$EmptyList
instanceKlass java/util/ArrayList
ciInstanceKlass java/util/AbstractList 1 1 218 10 7 12 1 1 1 9 7 12 1 1 1 10 12 1 1 10 12 1 1 100 1 10 10 12 1 1 11 7 12 1 1 1 11 12 1 1 11 12 1 10 7 12 1 1 1 10 12 1 11 12 1 11 12 1 11 12 1 10 12 1 1 10 12 1 1 11 100 12 1 1 1 11 7 1 11 7 1 10 12 1 7 1 10 12 1 10 12 1 1 7 1 7 1 10 12 1 100 1 10 100 1 100 1 10 8 1 10 12 1 1 10 12 1 10 12 1 1 10 12 1 8 1 100 1 8 1 8 1 8 1 10 7 1 11 10 10 12 1 11 12 1 10 12 1 1 8 1 8 1 1 1 1 1 1 1 1 1 1 1 1 1 1 1 1 1 1 1 1 1 1 1 1 1 1 1 1 1 1 1 1 1 1 1 1 1 1 1 1 1 1 1 1 1 1 1 1 1 1 1 1 1 1 1 1 1 1 100 1 100 1 1 1 1 1 1 1
ciInstanceKlass java/lang/AssertionStatusDirectives 0 0 24 10 100 12 1 1 1 100 1 1 1 1 1 1 1 1 1 1 1 1 1 1 1 1
ciInstanceKlass java/lang/invoke/MethodHandleNatives$CallSiteContext 1 1 49 10 7 12 1 1 1 7 1 10 10 7 12 1 1 1 10 7 12 1 1 1 10 7 12 1 1 1 100 1 1 1 1 1 1 1 1 1 1 1 1 1 1 1 1 1 100 1 1
ciInstanceKlass jdk/internal/invoke/NativeEntryPoint 0 0 92 10 100 12 1 1 1 9 100 12 1 1 1 10 100 12 1 1 1 100 1 9 12 1 9 12 1 9 12 1 1 9 12 1 1 9 12 1 1 100 1 8 1 10 12 1 11 100 12 1 1 1 10 12 1 1 10 12 1 11 100 12 1 1 11 12 1 10 12 1 1 10 12 1 1 1 1 1 1 1 1 1 1 1 1 1 1 1 1 1 1 1
instanceKlass java/lang/invoke/VolatileCallSite
instanceKlass java/lang/invoke/MutableCallSite
instanceKlass java/lang/invoke/ConstantCallSite
ciInstanceKlass java/lang/invoke/CallSite 1 1 302 10 7 12 1 1 1 10 7 12 1 1 1 9 7 12 1 1 1 10 12 1 1 9 12 1 1 10 7 12 1 1 1 10 12 1 100 1 10 12 1 1 10 12 1 1 9 100 12 1 1 1 10 100 12 1 1 10 12 1 1 100 1 100 1 10 10 100 12 1 1 1 10 12 1 1 8 1 10 12 1 10 12 1 1 10 12 1 10 12 1 1 10 12 1 1 10 10 100 12 1 1 10 12 1 1 9 12 1 9 100 12 1 1 1 8 1 10 7 12 1 1 1 10 12 1 1 100 1 10 12 1 1 9 12 1 8 1 100 1 10 12 1 10 12 1 100 1 8 1 10 10 12 1 10 12 1 1 100 1 10 12 1 1 10 12 1 10 12 1 10 12 1 1 10 12 1 1 9 12 1 1 8 10 12 1 1 9 12 1 1 100 1 10 10 12 1 10 100 12 1 1 1 10 12 1 1 10 12 1 1 10 12 1 10 7 12 1 1 1 100 1 8 1 10 10 12 10 12 1 1 100 1 100 1 100 1 8 1 10 12 1 10 7 12 1 1 1 1 1 1 1 1 1 1 1 1 1 1 1 1 1 1 1 1 1 1 1 1 1 1 1 1 1 1 1 1 1 1 1 1 1 1 1 1 1 1 1 1 1 1 1 1 1 1 1 1 1 1 1 1 1
staticfield java/lang/invoke/CallSite $assertionsDisabled Z 1
ciInstanceKlass java/lang/invoke/VolatileCallSite 0 0 37 10 100 12 1 1 1 10 12 1 10 100 12 1 1 1 10 12 1 10 12 1 1 1 1 1 1 1 1 1 1 1 1 1 1 1 1
ciInstanceKlass java/lang/invoke/MethodType 1 1 771 7 1 10 7 12 1 1 1 9 12 1 1 9 12 1 1 9 12 1 1 10 7 12 1 1 1 9 7 12 1 1 8 1 10 100 12 1 1 1 9 7 1 9 7 1 10 12 1 1 100 1 10 8 1 10 12 1 1 10 12 1 10 12 1 1 100 1 8 1 10 12 1 100 1 10 10 12 1 10 12 1 1 10 12 1 1 11 7 12 1 1 1 9 12 1 11 12 1 1 7 7 1 10 7 12 1 1 1 10 12 1 9 12 1 1 10 7 12 1 1 10 12 1 1 10 7 12 1 1 1 10 7 12 1 1 1 10 12 1 9 12 1 1 10 12 1 1 7 1 10 12 1 1 10 12 1 1 10 12 1 1 10 12 1 1 10 12 1 1 10 12 1 10 12 1 10 12 1 1 10 12 1 8 1 8 1 10 12 1 1 9 12 1 1 100 1 10 10 12 1 1 10 12 1 10 12 1 1 10 12 1 1 10 12 1 10 12 1 1 10 12 1 8 1 10 12 1 1 10 7 12 1 1 1 10 12 1 10 12 1 1 10 12 1 10 12 1 10 12 1 1 10 12 1 10 12 1 9 12 1 10 12 1 10 10 12 1 1 10 12 1 9 12 1 1 10 12 1 1 10 12 1 1 10 12 1 1 10 12 1 1 7 1 10 12 10 12 1 10 12 1 100 1 8 1 8 1 8 1 10 12 1 10 12 1 10 12 1 10 11 12 1 1 11 12 1 10 100 12 1 1 1 9 12 1 10 12 1 10 12 1 1 10 12 1 1 10 12 1 10 12 1 10 100 12 1 1 1 10 12 1 1 10 12 1 10 12 1 10 12 1 10 9 12 1 1 7 1 10 12 1 10 12 1 1 9 100 12 1 1 1 10 100 12 1 1 1 10 100 12 1 1 1 10 12 1 1 10 7 12 1 1 1 10 12 1 1 8 1 10 7 12 1 1 1 11 12 1 1 9 12 1 1 10 12 1 1 10 12 1 10 12 1 1 10 12 1 1 10 100 12 1 1 100 1 10 12 1 1 11 100 12 1 1 1 18 12 1 1 11 12 1 1 18 12 1 11 12 1 100 1 11 100 12 1 1 10 12 1 100 1 10 12 1 10 100 12 1 1 10 12 1 1 9 12 1 1 9 100 12 1 1 1 10 100 12 1 1 1 9 12 1 10 100 12 1 1 10 12 1 100 10 12 1 1 10 12 1 10 7 1 7 1 9 12 1 1 100 1 100 1 100 1 1 1 5 0 1 1 1 1 1 1 1 3 1 3 1 3 1 1 1 1 1 1 1 1 1 1 1 1 1 1 1 1 1 1 1 1 1 1 1 1 1 1 1 1 1 1 1 1 1 1 1 1 1 1 1 1 1 1 1 1 1 1 1 1 1 1 1 1 1 1 1 1 1 1 1 1 1 1 1 1 1 1 1 1 1 1 1 1 1 1 1 1 1 1 1 1 1 1 1 1 1 1 1 1 1 1 1 1 1 1 1 1 1 1 1 1 1 1 1 1 1 1 1 1 1 1 1 1 1 1 1 1 1 1 1 1 1 1 1 1 1 1 1 100 1 100 1 1 1 1 1 1 1 1 1 1 1 1 1 100 1 1 1 100 1 1 1 1 1 1 1 1 1 1 1 1 1 1 1 1 1 1 1 1 1 15 10 100 12 1 1 1 16 15 10 12 16 16 15 10 12 16 1 1 1 1 100 1 1 100 1 1 100 1 100 1 1
staticfield java/lang/invoke/MethodType internTable Ljava/lang/invoke/MethodType$ConcurrentWeakInternSet; java/lang/invoke/MethodType$ConcurrentWeakInternSet
staticfield java/lang/invoke/MethodType NO_PTYPES [Ljava/lang/Class; 0 [Ljava/lang/Class;
staticfield java/lang/invoke/MethodType objectOnlyTypes [Ljava/lang/invoke/MethodType; 20 [Ljava/lang/invoke/MethodType;
staticfield java/lang/invoke/MethodType METHOD_HANDLE_ARRAY [Ljava/lang/Class; 1 [Ljava/lang/Class;
staticfield java/lang/invoke/MethodType serialPersistentFields [Ljava/io/ObjectStreamField; 0 [Ljava/io/ObjectStreamField;
staticfield java/lang/invoke/MethodType $assertionsDisabled Z 1
ciInstanceKlass java/lang/BootstrapMethodError 0 0 45 10 100 12 1 1 1 10 12 1 10 12 1 10 100 12 1 1 1 10 100 12 1 1 1 1 1 1 5 0 1 1 1 1 1 1 1 1 1 1 1 100 1 1 1
instanceKlass org/springframework/data/redis/listener/RedisMessageListenerContainer$InitialBackoffExecution
instanceKlass org/springframework/expression/spel/support/ReflectivePropertyAccessor$InvokerPair
instanceKlass org/springframework/expression/common/TemplateAwareExpressionParser$Bracket
instanceKlass org/springframework/data/mongodb/core/mapping/FieldName
instanceKlass org/springframework/data/convert/DefaultConverterBuilder
instanceKlass org/springframework/data/mapping/model/ClassGeneratingPropertyAccessorFactory$KotlinValueBoxingAdapter
instanceKlass org/springframework/beans/factory/support/MethodDescriptor
instanceKlass org/springframework/cglib/core/MethodWrapper$MethodWrapperKey
instanceKlass org/springframework/cglib/proxy/Enhancer$EnhancerKey
instanceKlass org/springframework/util/ConcurrentLruCache$CacheEntry
instanceKlass org/springframework/boot/autoconfigure/data/redis/RedisConnectionDetails$Node
instanceKlass org/springframework/context/support/DefaultLifecycleProcessor$LifecycleGroupMember
instanceKlass jdk/jfr/internal/dcmd/Argument
instanceKlass jdk/net/UnixDomainPrincipal
ciInstanceKlass java/lang/Record 1 1 22 10 7 12 1 1 1 100 1 1 1 1 1 1 1 1 1 1 1 1 1 1
ciInstanceKlass java/lang/ClassNotFoundException 1 1 96 7 1 10 7 12 1 1 1 10 12 1 10 12 1 1 10 100 12 1 1 1 8 1 10 100 12 1 1 1 10 7 12 1 1 10 100 12 1 1 1 10 100 12 1 1 1 10 12 1 1 7 1 10 12 1 9 12 1 1 1 1 1 5 0 1 1 1 1 1 1 1 1 1 1 1 1 1 1 1 1 1 1 100 1 1 1 1 1 1 1 1 1 1 1 1
staticfield java/lang/ClassNotFoundException serialPersistentFields [Ljava/io/ObjectStreamField; 1 [Ljava/io/ObjectStreamField;
ciInstanceKlass jdk/internal/loader/ClassLoaders$AppClassLoader 1 1 119 8 1 10 7 12 1 1 1 10 7 12 1 1 1 10 100 12 1 1 1 10 12 1 1 10 100 12 1 1 1 10 12 1 1 10 12 1 1 7 1 8 1 10 12 10 7 12 1 1 1 10 7 12 1 1 10 12 1 1 10 12 1 1 10 7 12 1 1 1 100 1 10 12 1 1 1 1 1 1 1 1 1 1 1 1 1 1 1 1 1 1 1 1 1 7 1 1 1 1 1 1 1 1 1 1 1 1 1 1 1 1 1 1 1 100 1 1 1
ciInstanceKlass jdk/internal/loader/ClassLoaders$PlatformClassLoader 1 1 42 8 1 10 7 12 1 1 1 10 7 12 1 1 1 100 1 10 12 1 100 1 1 1 1 1 1 1 1 1 1 1 1 1 1 100 1 1 1 100 1 1
ciInstanceKlass java/lang/ArithmeticException 1 1 26 10 100 12 1 1 1 10 12 1 100 1 1 1 1 5 0 1 1 1 1 1 1 1 1 1
ciInstanceKlass java/lang/NullPointerException 1 1 52 10 100 12 1 1 1 10 12 1 9 100 12 1 1 1 10 12 1 1 9 12 1 1 10 12 1 1 10 12 1 1 1 1 5 0 1 1 1 1 1 1 1 1 100 1 100 1 100 1 1 1
ciInstanceKlass java/lang/IllegalMonitorStateException 1 1 26 10 100 12 1 1 1 10 12 1 100 1 1 1 1 5 0 1 1 1 1 1 1 1 1 1
instanceKlass io/netty/util/internal/OutOfDirectMemoryError
instanceKlass com/alibaba/nacos/shaded/io/grpc/netty/shaded/io/netty/util/internal/OutOfDirectMemoryError
ciInstanceKlass java/lang/OutOfMemoryError 1 1 26 10 100 12 1 1 1 10 12 1 100 1 1 1 1 5 0 1 1 1 1 1 1 1 1 1
ciInstanceKlass java/lang/InternalError 1 1 34 10 7 12 1 1 1 10 12 1 10 12 1 10 12 1 100 1 1 1 1 5 0 1 1 1 1 1 1 1 1 1 1 1
ciInstanceKlass java/lang/ClassCastException 1 1 26 10 100 12 1 1 1 10 12 1 100 1 1 1 1 5 0 1 1 1 1 1 1 1 1 1
ciInstanceKlass java/lang/NoClassDefFoundError 1 1 26 10 7 12 1 1 1 10 12 1 100 1 1 1 1 5 0 1 1 1 1 1 1 1 1 1
instanceKlass java/nio/DoubleBuffer
instanceKlass java/nio/FloatBuffer
instanceKlass java/nio/ShortBuffer
instanceKlass java/nio/IntBuffer
instanceKlass java/nio/LongBuffer
instanceKlass java/nio/CharBuffer
instanceKlass java/nio/ByteBuffer
ciInstanceKlass java/nio/Buffer 1 1 224 100 1 10 7 12 1 1 1 9 7 12 1 1 1 9 12 1 9 12 1 1 9 12 1 9 12 1 1 10 12 1 1 10 12 1 1 10 12 100 1 100 1 10 8 1 10 12 1 1 10 12 1 8 1 8 1 10 12 1 1 10 12 1 8 1 9 12 1 1 100 1 8 1 10 12 1 8 1 8 1 9 12 10 12 1 8 1 8 1 8 1 10 12 1 8 1 8 1 8 1 100 1 10 100 1 10 100 1 10 100 1 10 10 100 12 1 1 1 10 11 100 12 1 1 10 7 12 1 1 1 10 7 12 1 1 1 9 12 1 1 10 7 12 1 1 1 9 12 1 1 7 1 10 10 7 12 1 1 1 1 1 3 1 1 1 1 1 1 1 1 1 1 1 1 1 1 1 1 1 1 100 1 1 1 1 1 1 1 1 1 1 1 1 1 1 1 1 1 1 1 1 1 1 1 1 1 1 1 1 1 1 1 1 1 1 1 1 1 1 1 1 1 1
staticfield java/nio/Buffer UNSAFE Ljdk/internal/misc/Unsafe; jdk/internal/misc/Unsafe
staticfield java/nio/Buffer SCOPED_MEMORY_ACCESS Ljdk/internal/misc/ScopedMemoryAccess; jdk/internal/misc/ScopedMemoryAccess
staticfield java/nio/Buffer $assertionsDisabled Z 1
instanceKlass org/apache/tomcat/util/buf/CharsetCache$DummyCharset
instanceKlass sun/util/PropertyResourceBundleCharset
instanceKlass sun/nio/cs/GBK
instanceKlass sun/nio/cs/US_ASCII
instanceKlass sun/nio/cs/ISO_8859_1
instanceKlass sun/nio/cs/Unicode
ciInstanceKlass java/nio/charset/Charset 1 1 356 10 7 12 1 1 1 100 1 10 12 1 1 10 12 1 1 9 7 12 1 1 1 9 12 1 7 1 100 1 10 12 1 10 100 12 1 1 1 9 12 1 1 10 7 12 1 1 1 10 12 1 1 100 1 10 10 100 12 1 1 1 9 100 12 1 1 1 10 7 12 1 1 1 100 1 8 1 10 10 12 1 1 10 12 1 9 12 1 1 10 12 1 10 12 1 10 12 1 1 10 12 1 10 12 1 100 1 10 11 100 12 1 1 11 12 1 10 12 1 1 11 100 12 1 1 11 12 1 1 100 1 10 100 1 9 12 1 1 8 1 10 7 12 1 1 1 9 100 12 1 1 1 10 9 12 1 1 9 12 1 1 10 7 12 1 1 7 8 1 8 1 8 1 9 12 1 9 12 1 7 1 10 12 1 10 12 1 10 7 12 1 1 1 8 1 10 12 1 1 8 1 10 7 12 1 1 1 9 7 12 1 1 1 10 7 12 1 1 1 10 12 1 10 12 1 1 100 1 100 1 10 12 1 10 12 1 1 10 7 12 1 1 10 12 10 12 1 1 10 7 12 1 1 1 10 10 12 1 1 10 12 1 10 12 1 1 7 1 10 10 100 1 1 1 1 1 1 1 1 1 1 1 1 1 1 1 1 1 1 1 100 1 1 1 100 1 100 1 1 1 1 1 1 1 1 1 1 1 1 1 1 1 1 1 1 1 1 1 1 1 1 1 1 1 1 1 1 1 1 1 1 1 1 1 1 1 1 1 1 1 1 1 1 1 1 1 1 1 1 1 1 100 1 1 1
staticfield java/nio/charset/Charset standardProvider Ljava/nio/charset/spi/CharsetProvider; sun/nio/cs/StandardCharsets
staticfield java/nio/charset/Charset zeroAliases [Ljava/lang/String; 0 [Ljava/lang/String;
ciInstanceKlass sun/nio/cs/UTF_8 1 1 83 8 1 10 7 12 1 1 1 10 7 12 1 1 1 8 1 7 1 10 12 1 7 1 10 10 7 12 1 1 1 10 12 1 1 10 12 1 1 7 1 10 12 1 9 12 1 1 10 7 12 1 1 1 9 12 1 1 1 1 1 1 1 1 1 1 1 1 1 1 1 1 1 1 1 1 1 1 1 1 1 1 1
staticfield sun/nio/cs/UTF_8 INSTANCE Lsun/nio/cs/UTF_8; sun/nio/cs/UTF_8
staticfield sun/nio/cs/UTF_8 JLA Ljdk/internal/access/JavaLangAccess; java/lang/System$2
ciInstanceKlass jdk/internal/misc/UnsafeConstants 1 1 34 10 100 12 1 1 1 9 7 12 1 1 1 9 12 1 9 12 1 1 9 12 1 9 12 1 1 1 1 1 1 1 1 1
staticfield jdk/internal/misc/UnsafeConstants ADDRESS_SIZE0 I 8
staticfield jdk/internal/misc/UnsafeConstants PAGE_SIZE I 4096
staticfield jdk/internal/misc/UnsafeConstants BIG_ENDIAN Z 0
staticfield jdk/internal/misc/UnsafeConstants UNALIGNED_ACCESS Z 1
staticfield jdk/internal/misc/UnsafeConstants DATA_CACHE_LINE_FLUSH_SIZE I 0
instanceKlass java/lang/invoke/DelegatingMethodHandle
instanceKlass java/lang/invoke/BoundMethodHandle
instanceKlass java/lang/invoke/DirectMethodHandle
ciInstanceKlass java/lang/invoke/MethodHandle 1 1 644 100 1 9 7 12 1 1 1 10 7 12 1 1 1 10 7 12 1 1 1 7 1 7 1 10 12 1 1 9 12 1 1 10 12 1 10 12 1 1 10 12 1 1 10 100 12 1 1 1 10 12 1 1 10 12 1 1 11 100 12 1 1 1 10 12 1 1 10 12 1 10 12 1 9 12 1 1 10 12 1 1 100 1 100 1 10 8 1 10 12 1 1 10 12 1 8 1 10 12 1 1 10 12 1 10 7 12 1 1 1 10 12 1 10 12 1 1 10 12 1 1 10 12 1 1 10 12 1 1 10 7 12 1 1 1 10 7 12 1 1 1 7 1 10 12 1 1 10 12 1 1 10 12 1 1 8 1 10 7 12 1 1 1 8 1 10 12 1 1 10 12 1 1 10 12 1 1 10 12 1 8 1 10 12 1 1 8 1 10 12 1 8 1 10 100 12 1 1 1 9 12 1 1 100 1 10 9 100 12 1 1 1 9 100 1 8 1 10 12 1 1 10 12 1 10 12 1 1 10 12 1 10 12 1 1 10 12 1 10 12 1 1 10 12 1 10 12 1 1 10 12 1 1 8 1 10 12 1 1 8 1 10 12 1 10 12 1 1 10 12 1 10 12 1 10 12 1 1 9 100 12 1 1 1 10 12 1 1 11 12 1 10 12 1 10 12 1 1 10 100 12 1 1 1 100 1 11 12 1 10 100 1 11 12 1 100 1 10 12 1 11 12 1 9 100 12 1 1 1 11 12 1 1 11 100 12 1 1 1 10 12 1 1 9 12 1 11 12 1 9 12 1 9 12 1 9 12 1 11 12 1 1 9 12 1 9 12 1 9 12 1 9 12 1 9 12 1 9 12 1 9 12 1 8 1 10 12 1 10 12 1 8 1 10 12 1 10 12 1 10 10 7 12 1 1 10 12 1 1 100 1 8 1 10 12 1 1 10 12 1 1 10 12 1 10 12 1 100 1 10 100 12 1 1 1 10 12 1 9 7 12 1 1 1 10 12 1 1 10 12 1 1 8 1 9 12 1 9 12 1 1 9 12 1 1 10 12 1 7 1 10 12 1 10 12 1 1 9 12 1 1 9 12 1 1 10 7 12 1 1 1 11 7 12 1 1 9 12 1 10 12 1 1 10 12 1 9 12 1 10 12 1 8 10 12 1 1 8 1 1 1 1 1 1 100 1 1 1 1 1 1 1 1 1 1 1 1 1 1 1 1 1 1 1 1 1 1 1 1 1 1 1 1 1 1 1 1 1 1 1 1 1 1 1 1 1 1 1 1 1 1 1 1 1 1 1 1 1 1 1 1 1 1 1 1 1 1 1 1 1 1 1 1 1 100 1 1 1 1 1 1 1 1 1 100 1 1 1 1 1 1 1 1 1 1 1 1 1 1 1 1 1 1 1 1 1 1 1 1 1 1 1 100 1 1 100 1 1 100 1 1 1 1
staticfield java/lang/invoke/MethodHandle FORM_OFFSET J 20
staticfield java/lang/invoke/MethodHandle UPDATE_OFFSET J 13
staticfield java/lang/invoke/MethodHandle $assertionsDisabled Z 1
ciInstanceKlass jdk/internal/reflect/CallerSensitive 1 1 17 100 1 100 1 100 1 1 1 1 1 1 1 1 1 1 1
ciInstanceKlass jdk/internal/reflect/NativeConstructorAccessorImpl 1 1 126 10 7 12 1 1 1 9 7 12 1 1 1 9 12 1 1 10 7 12 1 1 1 10 7 12 1 1 1 10 7 12 1 1 1 9 12 1 9 12 1 1 9 12 1 1 10 7 12 1 1 1 7 1 10 10 12 1 1 10 12 1 10 12 1 10 12 1 1 9 12 1 1 10 7 12 1 1 1 100 1 10 12 1 1 10 12 1 1 8 10 12 1 1 1 1 1 1 1 1 1 1 1 1 1 1 1 1 1 1 1 1 1 1 100 1 100 1 100 1 1 1 1 1 1 1
staticfield jdk/internal/reflect/NativeConstructorAccessorImpl U Ljdk/internal/misc/Unsafe; jdk/internal/misc/Unsafe
staticfield jdk/internal/reflect/NativeConstructorAccessorImpl GENERATED_OFFSET J 16
instanceKlass java/lang/invoke/DirectMethodHandle$Special
instanceKlass java/lang/invoke/DirectMethodHandle$Interface
instanceKlass java/lang/invoke/DirectMethodHandle$Constructor
instanceKlass java/lang/invoke/DirectMethodHandle$Accessor
ciInstanceKlass java/lang/invoke/DirectMethodHandle 1 1 940 7 1 7 1 100 1 7 1 7 1 10 7 12 1 1 1 10 7 12 1 1 1 100 1 10 12 1 10 12 1 1 10 7 12 1 1 10 12 1 1 10 12 1 10 12 1 7 1 10 12 1 1 10 12 1 1 10 12 1 10 12 1 1 10 7 12 1 1 1 10 12 1 9 12 1 1 100 1 10 9 12 1 1 9 12 1 10 12 1 10 12 1 10 12 1 1 10 12 1 10 12 1 10 12 1 10 7 12 1 1 1 10 12 1 10 12 1 1 8 1 10 12 1 1 7 1 10 12 1 7 1 10 10 12 1 10 12 1 10 12 1 10 7 12 1 1 1 10 12 1 1 100 1 10 12 1 10 12 1 7 1 10 12 1 10 12 1 1 10 12 1 1 10 12 1 8 10 100 12 1 1 1 10 12 1 10 12 1 10 12 1 1 10 12 1 9 7 12 1 1 1 7 1 10 12 1 10 7 12 1 1 1 10 12 1 10 12 1 1 9 12 1 1 100 1 10 8 1 10 12 1 1 10 12 1 10 12 1 10 10 12 1 10 12 1 10 12 1 10 12 1 10 12 1 1 10 12 1 10 12 1 1 10 12 1 10 12 1 1 10 10 7 12 1 1 1 10 12 1 10 12 1 1 10 12 1 10 12 1 1 8 1 9 7 12 1 1 1 8 1 9 12 1 9 12 1 8 1 9 12 1 9 12 1 8 1 9 12 1 9 12 1 8 1 10 12 1 10 12 1 1 9 12 1 1 7 1 10 12 1 1 100 1 10 7 12 1 1 1 10 12 1 1 10 12 1 10 12 1 1 7 1 10 12 1 1 10 12 1 10 12 1 1 7 1 10 12 1 1 10 7 12 1 1 1 10 12 1 10 12 1 10 12 1 9 12 1 1 10 7 1 9 12 9 12 1 10 7 12 1 1 1 10 12 1 7 1 7 1 7 1 9 12 1 1 10 7 12 1 10 12 1 1 10 12 1 7 1 10 12 1 10 12 1 1 9 7 12 1 1 1 10 12 1 1 100 1 10 100 12 1 1 1 10 12 1 10 12 1 8 1 9 12 1 9 12 1 10 12 1 9 12 1 1 10 7 12 1 1 1 9 12 1 1 9 12 1 1 10 12 1 10 12 1 10 12 1 10 12 1 10 12 1 1 10 12 1 10 7 12 1 1 9 12 1 10 12 1 10 12 1 10 12 1 10 12 1 1 10 12 1 1 9 12 1 1 10 12 1 1 9 7 12 1 1 1 9 12 1 9 12 1 9 12 1 9 12 1 9 12 1 9 12 1 9 12 1 9 12 1 9 12 1 9 12 1 9 12 1 9 12 1 9 12 1 9 12 1 9 12 1 9 12 1 9 12 1 9 12 1 9 12 1 9 12 1 9 12 1 9 12 1 9 12 1 9 12 1 9 12 1 9 12 1 9 12 1 9 12 1 9 12 1 9 12 1 9 12 1 9 12 1 9 12 1 9 12 1 9 12 1 9 12 1 8 1 9 12 1 1 9 12 1 1 10 12 1 10 12 1 1 9 7 1 10 12 1 9 12 1 1 10 12 10 12 1 10 12 1 10 12 1 10 8 1 8 1 8 1 8 1 10 12 1 1 9 12 1 1 10 12 1 10 100 12 1 1 1 8 9 12 1 1 10 12 1 1 8 1 8 8 9 12 1 8 1 8 8 8 8 8 1 8 10 12 1 10 12 1 8 1 8 1 10 12 1 10 12 1 10 12 1 10 12 1 1 7 1 1 1 1 3 1 3 1 3 1 3 1 3 1 3 1 3 1 3 1 3 1 3 1 1 1 1 1 1 1 1 1 1 3 1 3 1 1 1 1 3 1 1 1 1 1 1 1 1 1 1 1 1 1 1 1 1 1 1 1 1 1 1 1 1 1 1 1 1 1 1 1 1 1 1 1 1 1 1 1 1 1 1 1 1 1 1 1 1 1 1 1 1 1 1 1 1 100 1 1 1 1 1 1 1 1 1 1 1 1 100 1 1 1 1 1 1 1 1 1 1 1 1 1 1 1 1 1 1 1 1 1 1 1 1 1 1 1 1 1 1 1 1 1 1 1 1 1 1 1 1 1 1 1 1 1 1 1 1 1 1 1
staticfield java/lang/invoke/DirectMethodHandle IMPL_NAMES Ljava/lang/invoke/MemberName$Factory; java/lang/invoke/MemberName$Factory
staticfield java/lang/invoke/DirectMethodHandle FT_UNCHECKED_REF I 8
staticfield java/lang/invoke/DirectMethodHandle ACCESSOR_FORMS [Ljava/lang/invoke/LambdaForm; 132 [Ljava/lang/invoke/LambdaForm;
staticfield java/lang/invoke/DirectMethodHandle ALL_WRAPPERS [Lsun/invoke/util/Wrapper; 10 [Lsun/invoke/util/Wrapper;
staticfield java/lang/invoke/DirectMethodHandle NFS [Ljava/lang/invoke/LambdaForm$NamedFunction; 12 [Ljava/lang/invoke/LambdaForm$NamedFunction;
staticfield java/lang/invoke/DirectMethodHandle OBJ_OBJ_TYPE Ljava/lang/invoke/MethodType; java/lang/invoke/MethodType
staticfield java/lang/invoke/DirectMethodHandle LONG_OBJ_TYPE Ljava/lang/invoke/MethodType; java/lang/invoke/MethodType
staticfield java/lang/invoke/DirectMethodHandle $assertionsDisabled Z 1
ciInstanceKlass java/lang/invoke/LambdaForm 1 1 1052 100 1 9 7 12 1 1 1 10 7 12 1 1 1 10 7 12 1 1 9 12 1 1 9 12 1 1 10 12 1 1 100 1 10 9 12 1 10 12 1 1 9 12 1 10 7 12 1 1 1 9 12 1 9 12 1 9 12 1 1 9 12 1 10 12 1 1 7 1 10 12 1 10 100 12 1 1 1 10 100 12 1 1 1 10 12 1 10 12 1 1 9 100 12 1 1 1 10 12 1 1 9 12 1 10 12 1 1 10 12 1 10 12 1 1 10 12 1 1 10 100 12 1 1 1 7 1 10 10 12 1 1 8 1 10 12 1 10 12 1 10 12 1 1 7 1 10 7 12 1 1 1 10 12 1 1 10 12 1 10 12 1 1 9 12 1 1 9 12 1 9 12 1 1 10 12 1 9 12 1 10 100 12 1 1 1 10 12 1 1 10 12 1 9 12 1 1 10 100 12 1 1 1 10 12 1 10 12 1 10 12 1 10 12 1 10 12 1 10 12 1 1 10 12 1 10 12 1 1 8 1 10 12 1 10 12 1 8 1 8 1 9 12 1 9 12 1 9 12 1 1 10 12 1 1 10 12 1 9 12 1 10 12 1 1 10 7 12 1 1 1 10 12 1 1 10 12 1 10 12 1 10 12 1 1 9 12 1 10 12 1 8 1 8 1 8 1 8 1 8 1 8 1 8 1 8 1 10 12 1 9 12 1 7 1 10 12 1 1 9 12 1 10 12 1 10 12 1 1 10 12 10 12 1 10 12 1 1 10 12 1 1 10 10 12 1 1 10 12 1 1 7 1 8 1 10 12 1 1 10 12 1 10 12 1 1 10 8 1 10 12 1 1 8 1 8 1 8 1 10 12 1 9 12 1 1 10 12 1 1 10 12 1 1 100 1 10 12 1 1 10 12 1 10 7 12 1 1 1 10 12 1 1 9 12 1 1 8 1 10 100 12 1 1 1 10 7 12 1 1 10 12 10 10 12 1 1 9 12 1 8 10 12 1 1 100 1 10 12 1 1 10 12 1 9 7 12 1 1 9 12 1 1 8 1 10 100 12 1 1 10 12 1 1 100 1 100 1 10 10 12 1 1 10 12 1 1 8 1 8 1 100 1 8 1 10 12 10 12 1 10 12 1 10 12 1 1 8 1 8 1 9 100 12 1 1 1 10 12 1 10 12 1 1 8 1 8 1 8 1 100 1 8 1 100 1 8 1 100 1 8 1 10 12 1 8 1 9 10 7 12 1 1 1 10 12 1 9 12 1 1 10 12 1 10 10 12 1 10 12 1 10 12 1 10 12 1 1 10 12 1 10 12 1 1 10 12 1 1 10 12 1 1 8 1 100 10 12 1 10 12 1 9 12 1 1 10 7 12 1 1 8 1 8 1 100 1 8 1 8 1 8 1 8 1 8 1 8 1 8 1 8 1 10 12 1 1 10 12 1 1 10 12 1 10 12 1 8 1 8 1 8 1 10 12 1 8 1 10 12 1 8 1 8 1 8 1 8 1 8 1 10 12 1 10 12 1 10 12 1 1 10 7 12 1 1 1 10 12 1 10 12 1 10 12 1 10 12 1 10 12 1 10 12 1 10 12 1 9 12 1 1 8 1 10 12 1 1 9 12 1 1 10 12 1 1 9 12 1 9 12 1 1 9 12 1 9 12 1 1 7 1 10 7 12 1 1 1 9 12 1 10 12 1 10 12 1 8 1 10 12 1 9 12 1 1 7 1 10 7 12 1 1 1 8 1 100 1 10 12 1 9 12 1 9 12 1 10 12 1 10 12 1 10 7 12 1 1 1 10 12 1 9 7 12 1 1 10 12 1 1 10 12 1 10 12 1 9 12 10 12 1 10 10 12 1 9 9 12 1 7 9 12 1 1 10 12 1 1 9 12 1 10 12 1 10 7 1 9 1 1 1 1 3 1 3 1 3 1 1 1 1 1 1 1 1 1 1 1 1 1 1 1 1 1 1 1 1 1 1 1 1 1 1 1 1 1 1 1 1 1 1 1 1 1 1 1 1 1 1 1 1 1 1 1 1 1 1 1 1 1 1 1 1 100 1 1 1 1 1 1 1 1 1 1 1 1 1 1 1 1 1 1 1 1 1 1 1 1 1 1 1 1 1 1 1 1 1 1 1 1 1 1 1 1 1 1 1 1 1 1 1 1 1 1 1 1 1 1 1 1 1 1 1 100 1 1 1 1 1 1 1 1 1 1 1 1 1 1 1 1 1 1 1 1 1 1 1 1 1 1 1 1 1 1 1 1 1 1 100 1 1 1 1 1 1 1 1 1 1 1 1 1 1 1 1 1 1 1 1 1 1 100 1 1 1 100 1 1 100 1 1 1 1 1 1 1 1 1 1 1
staticfield java/lang/invoke/LambdaForm COMPILE_THRESHOLD I 0
staticfield java/lang/invoke/LambdaForm INTERNED_ARGUMENTS [[Ljava/lang/invoke/LambdaForm$Name; 5 [[Ljava/lang/invoke/LambdaForm$Name;
staticfield java/lang/invoke/LambdaForm IMPL_NAMES Ljava/lang/invoke/MemberName$Factory; java/lang/invoke/MemberName$Factory
staticfield java/lang/invoke/LambdaForm LF_identity [Ljava/lang/invoke/LambdaForm; 6 [Ljava/lang/invoke/LambdaForm;
staticfield java/lang/invoke/LambdaForm LF_zero [Ljava/lang/invoke/LambdaForm; 6 [Ljava/lang/invoke/LambdaForm;
staticfield java/lang/invoke/LambdaForm NF_identity [Ljava/lang/invoke/LambdaForm$NamedFunction; 6 [Ljava/lang/invoke/LambdaForm$NamedFunction;
staticfield java/lang/invoke/LambdaForm NF_zero [Ljava/lang/invoke/LambdaForm$NamedFunction; 6 [Ljava/lang/invoke/LambdaForm$NamedFunction;
staticfield java/lang/invoke/LambdaForm createFormsLock Ljava/lang/Object; java/lang/Object
staticfield java/lang/invoke/LambdaForm DEBUG_NAME_COUNTERS Ljava/util/HashMap; null
staticfield java/lang/invoke/LambdaForm DEBUG_NAMES Ljava/util/HashMap; null
staticfield java/lang/invoke/LambdaForm TRACE_INTERPRETER Z 0
staticfield java/lang/invoke/LambdaForm $assertionsDisabled Z 1
ciInstanceKlass java/lang/invoke/MethodHandleNatives 1 1 684 100 1 10 7 12 1 1 1 9 7 12 1 1 1 10 12 1 1 100 1 10 10 12 1 1 10 12 1 10 12 1 8 1 8 1 8 1 8 1 8 1 8 1 8 1 8 1 8 1 8 1 10 12 1 1 7 1 10 7 12 1 1 1 10 100 12 1 1 1 7 1 10 10 12 1 1 8 1 10 12 1 8 1 10 12 1 1 8 1 10 12 1 1 9 100 12 1 1 1 8 1 10 100 12 1 1 1 100 1 10 12 100 1 100 1 8 1 7 1 10 10 12 1 7 1 9 7 12 1 1 10 12 1 1 10 12 1 10 7 12 1 1 1 7 1 10 12 1 1 10 7 12 1 1 1 10 12 1 10 12 1 1 10 12 1 1 9 12 1 8 1 10 12 1 8 1 10 12 1 8 1 8 1 8 1 100 1 10 12 1 8 1 10 12 1 1 10 12 1 10 100 12 1 1 1 100 1 8 1 10 100 12 1 1 1 7 1 8 1 10 12 1 8 1 8 1 8 1 8 1 8 1 10 12 1 1 10 12 1 1 10 12 1 10 12 1 1 10 12 1 1 7 1 10 12 1 100 1 100 1 10 12 1 10 12 1 8 1 8 1 10 10 12 1 1 10 12 1 1 8 1 10 100 12 1 1 1 8 1 8 1 10 12 1 1 10 7 12 1 1 1 100 1 10 12 1 1 7 1 9 12 1 1 10 7 12 1 1 1 10 10 12 1 9 12 1 10 12 1 1 9 12 1 9 12 1 10 12 1 1 10 12 1 10 12 1 1 7 1 7 1 10 12 1 1 10 12 1 10 12 1 1 10 7 12 1 1 1 10 12 1 8 1 10 12 1 10 12 1 10 12 1 1 10 12 1 10 7 12 1 1 1 10 12 1 1 100 1 8 1 10 9 7 12 1 1 1 10 12 1 1 10 12 1 1 100 1 10 12 1 1 10 12 1 1 100 1 100 1 10 10 100 1 100 1 10 100 1 10 10 12 1 1 10 100 1 10 12 1 10 12 1 10 12 1 1 10 12 1 1 10 12 1 1 10 12 1 10 12 1 1 10 8 1 100 1 10 12 1 10 12 1 10 12 1 10 12 1 10 12 1 1 10 12 1 9 12 1 1 10 7 12 1 1 1 9 12 1 1 11 7 12 1 1 1 10 12 1 10 12 1 10 10 12 1 10 7 12 1 1 1 1 1 1 1 1 1 1 1 1 1 1 1 100 1 1 1 1 1 1 1 1 1 1 1 1 1 1 1 1 1 1 1 1 1 1 1 1 1 1 1 1 1 1 1 1 1 1 1 1 1 1 1 1 1 1 1 1 1 1 1 1 1 1 1 1 1 1 1 1 1 1 1 1 1 1 1 1 1 1 1 1 1 1 1 1 1 1 1 1 1 1 1 1 1 1 1 1 1 1 1 1 1 1 1 1 1 1 1 1 1 1 100 1 1 1 1 1 1 1 1 1 1 1 1 1 1 1 1 1 1 1 1 1 1 1 1 1 1 1 1 100 1 1 1 1 1 1 1 100 1 1 1
staticfield java/lang/invoke/MethodHandleNatives JLA Ljdk/internal/access/JavaLangAccess; java/lang/System$2
staticfield java/lang/invoke/MethodHandleNatives $assertionsDisabled Z 1
ciInstanceKlass jdk/internal/reflect/ConstantPool 1 1 142 10 100 12 1 1 1 9 7 12 1 1 1 10 12 1 1 10 12 1 1 10 12 1 10 12 1 1 10 12 1 1 10 12 1 10 12 1 1 10 12 1 10 12 1 1 10 12 1 10 12 1 10 12 1 10 12 1 1 10 12 1 1 10 12 1 1 10 12 1 1 10 12 1 10 12 1 1 10 100 12 1 1 1 8 11 7 12 1 1 1 10 7 12 1 1 1 1 1 1 1 1 1 1 1 1 1 1 1 1 1 1 1 1 1 1 1 1 1 1 1 1 1 1 1 1 1 1 1 1 1 1 1 1 1 1 1 1 1 1 1 1
instanceKlass jdk/internal/reflect/UnsafeStaticObjectFieldAccessorImpl
instanceKlass jdk/internal/reflect/UnsafeQualifiedStaticFieldAccessorImpl
ciInstanceKlass jdk/internal/reflect/UnsafeStaticFieldAccessorImpl 1 1 47 10 7 12 1 1 1 9 7 12 1 1 1 10 7 12 1 1 1 9 12 1 1 8 11 7 12 1 1 1 10 7 12 1 1 1 1 1 1 1 1 1 1 1 1 1 1
instanceKlass jdk/internal/reflect/UnsafeFieldAccessorImpl
ciInstanceKlass jdk/internal/reflect/FieldAccessorImpl 1 1 59 10 7 12 1 1 1 100 1 100 1 1 1 1 1 1 1 1 1 100 1 1 1 1 1 1 1 1 1 1 1 1 1 1 1 1 1 1 1 100 1 1 1 1 1 1 1 1 1 1 1 1 1 1 1 1 1 1 1
instanceKlass jdk/internal/reflect/UnsafeBooleanFieldAccessorImpl
instanceKlass jdk/internal/reflect/UnsafeIntegerFieldAccessorImpl
instanceKlass jdk/internal/reflect/UnsafeQualifiedFieldAccessorImpl
instanceKlass jdk/internal/reflect/UnsafeObjectFieldAccessorImpl
instanceKlass jdk/internal/reflect/UnsafeStaticFieldAccessorImpl
ciInstanceKlass jdk/internal/reflect/UnsafeFieldAccessorImpl 1 1 254 10 7 12 1 1 1 9 7 12 1 1 1 10 7 12 1 1 1 10 7 12 1 1 1 9 12 1 1 10 7 12 1 1 1 9 12 1 1 10 12 1 10 12 1 9 12 1 10 12 1 1 10 7 12 1 1 10 7 12 1 1 1 10 12 1 1 100 1 10 10 12 1 1 10 12 1 1 8 1 10 10 12 1 100 1 8 1 10 12 1 8 1 10 12 1 8 1 10 12 1 100 1 10 12 1 1 10 8 1 10 12 1 1 8 1 10 100 12 1 1 8 1 10 100 12 1 1 8 1 10 100 12 1 1 8 1 10 100 12 1 1 8 1 10 100 12 1 1 8 1 10 100 12 1 1 8 1 10 100 12 1 1 8 1 10 100 12 1 1 10 12 1 1 8 1 8 1 8 1 8 1 8 1 8 1 10 100 12 1 1 1 8 1 8 1 8 1 10 12 10 12 1 1 1 1 1 1 1 1 1 1 1 1 1 1 1 1 1 1 1 1 1 1 1 1 1 1 1 1 1 1 1 1 1 1 1 1 1 1 1 1 1 1 1 1 1 1 1 1 1 1 1 1
staticfield jdk/internal/reflect/UnsafeFieldAccessorImpl unsafe Ljdk/internal/misc/Unsafe; jdk/internal/misc/Unsafe
ciInstanceKlass java/lang/invoke/ConstantCallSite 1 1 65 10 7 12 1 1 1 9 7 12 1 1 1 9 12 1 1 10 7 12 1 1 1 10 12 1 100 1 10 12 9 12 1 1 100 1 10 10 12 1 1 10 12 1 1 1 1 1 1 1 1 1 1 1 1 1 100 1 1 1 1 1 1 1 1
staticfield java/lang/invoke/ConstantCallSite UNSAFE Ljdk/internal/misc/Unsafe; jdk/internal/misc/Unsafe
ciInstanceKlass java/lang/invoke/MutableCallSite 0 0 63 10 100 12 1 1 1 10 12 1 9 100 12 1 1 1 10 12 1 10 12 1 1 9 12 1 1 10 100 12 1 1 1 10 100 12 1 1 1 10 12 1 1 1 1 1 1 1 1 1 1 1 1 1 1 1 1 1 1 100 1 1 1
instanceKlass java/lang/invoke/VarHandleReferences$FieldStaticReadOnly
instanceKlass java/lang/invoke/VarHandleBooleans$FieldInstanceReadOnly
instanceKlass java/lang/invoke/VarHandleInts$FieldStaticReadOnly
instanceKlass java/lang/invoke/VarHandleReferences$Array
instanceKlass java/lang/invoke/VarHandleLongs$Array
instanceKlass java/lang/invoke/VarHandleByteArrayAsLongs$ByteArrayViewVarHandle
instanceKlass java/lang/invoke/VarHandleByteArrayAsInts$ByteArrayViewVarHandle
instanceKlass java/lang/invoke/VarHandleInts$FieldInstanceReadOnly
instanceKlass java/lang/invoke/VarHandleLongs$FieldInstanceReadOnly
instanceKlass java/lang/invoke/VarHandleReferences$FieldInstanceReadOnly
ciInstanceKlass java/lang/invoke/VarHandle 1 1 390 10 7 12 1 1 1 10 7 12 1 1 9 12 1 1 9 12 1 1 100 1 10 8 1 10 12 1 1 10 7 12 1 1 1 10 12 1 1 10 100 12 1 1 1 9 100 12 1 1 1 10 12 1 1 10 100 12 1 1 1 10 12 1 1 9 12 1 10 12 1 9 12 1 1 10 7 12 1 1 10 12 1 9 7 12 1 1 1 9 12 1 1 10 12 1 1 100 1 100 1 10 8 1 10 12 1 1 10 12 1 8 1 10 12 1 10 12 1 10 12 1 1 9 7 12 1 1 1 10 12 1 10 12 1 1 10 12 1 10 10 100 12 1 1 1 10 12 1 1 10 12 1 1 10 100 12 1 1 1 10 100 12 1 1 1 10 100 12 1 1 1 9 12 1 1 10 9 12 1 1 10 12 1 10 12 1 10 12 1 1 10 12 1 10 100 12 1 1 1 9 12 1 1 10 12 1 1 9 12 1 10 12 1 10 12 1 10 100 12 1 1 100 1 10 9 7 12 1 1 1 9 12 1 1 10 7 12 1 1 1 10 12 1 10 12 1 10 12 1 10 12 1 10 12 1 10 12 1 1 7 1 10 10 7 12 1 1 1 9 12 1 1 8 10 12 1 1 7 1 10 12 1 1 100 1 1 1 1 1 1 1 1 1 1 1 1 1 1 1 1 1 1 1 1 1 1 1 1 1 1 1 1 1 1 1 1 1 1 1 1 1 1 1 1 1 1 1 1 1 1 1 1 1 1 1 1 1 1 1 1 1 1 1 1 1 1 1 1 1 1 1 1 1 1 1 1 1 1 1 1 1 1 1 1 1 1 1 1 1 1 1 1 1 100 1 100 1 100 1 1 1 1 1 1 1 100 1 1 1
staticfield java/lang/invoke/VarHandle AIOOBE_SUPPLIER Ljava/util/function/BiFunction; jdk/internal/util/Preconditions$1
staticfield java/lang/invoke/VarHandle VFORM_OFFSET J 16
staticfield java/lang/invoke/VarHandle $assertionsDisabled Z 1
ciInstanceKlass java/lang/invoke/MemberName 1 1 757 7 1 7 1 100 1 9 12 1 1 10 7 12 1 1 1 9 12 1 1 10 12 1 1 10 12 1 1 10 12 1 1 10 12 1 10 12 1 1 10 7 12 1 1 1 10 12 1 9 100 12 1 1 10 12 1 100 1 100 1 10 12 1 8 1 10 12 1 1 10 12 1 10 12 1 1 10 12 1 9 12 1 1 8 1 10 100 12 1 1 1 7 1 10 10 12 1 1 100 1 100 1 10 12 1 1 9 12 1 1 100 1 8 1 10 12 1 10 12 1 10 12 1 10 12 1 10 12 1 1 10 12 1 10 12 1 10 12 1 1 10 12 1 1 10 12 1 8 1 8 1 8 1 10 100 12 1 1 1 10 12 1 9 12 1 1 3 10 12 1 10 12 1 10 12 1 10 10 7 12 1 1 1 10 12 1 10 12 1 10 12 1 10 12 1 7 1 8 10 12 1 1 10 12 1 1 8 1 9 100 1 8 9 100 1 10 12 1 1 10 12 1 10 12 1 8 1 10 12 1 1 10 12 1 10 12 1 10 12 1 10 12 1 1 100 1 10 12 1 1 10 12 1 8 1 10 12 1 10 12 1 8 1 10 12 1 1 10 12 1 1 7 1 10 12 1 1 10 12 8 1 8 1 100 1 10 12 1 10 100 12 1 1 1 100 1 10 12 10 12 1 10 12 1 10 12 1 10 12 1 10 10 12 1 10 12 1 10 12 1 3 10 12 1 3 10 12 1 3 3 3 3 3 3 3 100 1 10 12 1 10 7 12 1 1 1 10 12 1 3 9 12 1 10 12 1 1 3 10 12 1 10 10 7 12 1 1 1 10 12 1 1 10 7 1 10 10 12 1 10 12 1 10 12 1 10 10 12 1 1 10 12 1 10 12 1 10 12 1 100 1 10 10 10 12 100 1 10 10 10 12 1 1 10 12 1 1 10 10 12 1 8 10 100 1 10 12 1 10 100 1 10 12 1 10 12 1 10 12 1 10 10 12 1 10 12 1 1 10 12 1 1 10 12 1 10 12 1 10 12 1 100 1 10 12 1 1 100 1 8 1 10 7 1 10 12 1 10 12 10 12 1 1 10 12 1 10 12 1 8 1 8 1 8 1 8 1 10 12 1 10 12 1 10 12 1 1 8 1 8 1 10 12 1 8 1 10 10 12 1 10 12 1 8 1 8 1 10 10 12 1 8 1 10 100 12 1 1 1 8 1 10 12 1 10 12 1 1 10 12 1 8 1 8 1 8 1 8 1 100 1 10 8 1 8 1 8 1 8 1 10 12 1 100 1 100 1 100 1 10 100 1 10 100 1 10 100 12 1 1 1 9 7 12 1 1 1 100 1 100 1 1 1 1 1 1 1 3 1 3 1 3 1 3 1 3 1 3 1 1 1 1 1 1 1 1 3 1 3 1 1 1 1 3 1 1 1 1 1 1 1 1 1 1 1 1 1 1 1 1 1 1 1 1 1 1 1 1 1 1 1 1 1 1 1 1 1 1 1 1 1 1 1 1 1 1 1 1 1 1 1 1 1 1 1 1 1 1 1 1 1 1 1 1 1 1 1 1 1 1 1 1 1 1 1 1 1 1 1 1 1 1 1 1 1 1 1 1 1 1 1 1 1 1 1 1 1 1 1 1 1 1 1 1 1 1 1 1 1 1 100 1 1 1 1 1 1 1 1 1 1 1 1 1 1 1
staticfield java/lang/invoke/MemberName $assertionsDisabled Z 1
ciInstanceKlass java/lang/invoke/ResolvedMethodName 1 1 16 10 100 12 1 1 1 100 1 1 1 1 1 1 1 1
ciInstanceKlass java/lang/StackWalker 1 1 235 9 7 12 1 1 1 10 7 12 1 1 1 7 1 10 7 12 1 1 1 10 12 1 1 11 7 12 1 1 1 10 12 1 1 10 12 1 1 10 12 1 1 100 1 8 1 10 12 1 10 12 1 10 12 1 10 7 12 1 1 9 12 1 1 9 12 1 1 9 12 1 1 9 12 1 1 10 12 1 1 9 12 1 1 10 7 12 1 1 1 11 12 1 1 100 1 8 1 10 10 100 12 1 1 9 12 1 1 10 12 1 1 10 7 12 1 1 1 10 7 12 1 1 1 18 12 1 1 100 1 8 1 10 10 12 1 1 10 100 12 1 1 1 9 7 12 1 1 11 7 12 1 1 1 10 12 1 1 1 1 1 1 1 1 1 1 1 1 1 1 1 1 1 1 1 1 1 1 1 1 1 1 1 1 1 1 1 1 1 1 1 1 1 1 1 1 1 1 1 1 1 1 1 1 1 1 1 100 1 1 15 10 7 12 1 1 1 16 15 10 12 16 1 1 1 1 1 1 1 100 1 100 1 1
staticfield java/lang/StackWalker DEFAULT_EMPTY_OPTION Ljava/util/EnumSet; java/util/RegularEnumSet
staticfield java/lang/StackWalker DEFAULT_WALKER Ljava/lang/StackWalker; java/lang/StackWalker
instanceKlass java/lang/StackStreamFactory$StackFrameTraverser
ciInstanceKlass java/lang/StackStreamFactory$AbstractStackWalker 1 1 306 7 1 100 1 3 10 7 12 1 1 1 10 7 12 1 1 10 7 12 1 1 1 9 12 1 1 10 12 1 1 9 12 1 1 9 12 1 1 9 12 1 1 9 12 1 9 7 12 1 1 1 10 7 12 1 1 1 10 12 1 1 9 12 1 1 10 7 12 1 1 1 10 12 1 1 9 12 1 1 9 100 12 1 1 1 100 1 10 8 1 10 12 1 1 10 12 1 8 1 10 12 1 1 10 100 12 1 1 1 100 1 8 1 10 12 1 8 1 10 12 9 7 12 1 1 1 10 7 12 1 1 9 12 1 8 1 5 0 8 1 8 1 9 12 1 1 10 12 1 1 10 12 1 1 10 12 1 9 12 1 10 12 1 10 12 1 10 12 1 10 12 1 1 10 12 1 10 12 1 1 8 1 10 12 1 10 12 1 10 12 1 10 12 1 1 8 1 10 12 1 1 10 12 1 1 10 12 1 1 10 12 1 10 12 1 10 7 12 1 1 1 9 12 1 8 1 10 12 1 10 12 1 10 12 1 10 12 1 10 12 1 10 12 1 10 12 1 1 10 12 1 1 10 12 1 1 10 12 1 8 1 1 1 1 1 1 1 1 1 1 1 1 1 1 1 1 1 1 100 1 1 1 1 100 1 1 1 1 1 1 1 1 1 1 1 1 1 1 1 1 1 1 1 1 1
ciInstanceKlass jdk/internal/module/Modules 1 1 504 10 100 12 1 1 1 9 7 12 1 1 1 11 7 12 1 1 1 11 12 1 1 11 12 1 1 11 12 1 1 11 12 1 11 12 1 11 12 1 11 12 1 11 12 1 1 10 100 12 1 1 1 10 100 12 1 1 1 18 12 1 1 10 100 12 1 1 1 100 1 10 100 12 1 1 1 10 100 12 1 1 1 10 100 12 1 1 10 12 1 1 11 12 1 9 12 1 1 11 7 12 1 1 1 10 12 1 1 10 10 12 1 10 9 12 1 1 10 7 12 1 1 10 12 1 1 10 100 12 1 1 100 1 11 100 12 1 1 1 10 100 12 1 1 1 11 100 12 1 1 10 12 1 1 10 100 12 1 1 10 100 12 1 1 1 10 12 1 1 10 12 1 1 11 12 1 1 18 12 1 1 11 100 12 1 1 10 100 12 1 1 1 11 100 12 1 1 1 100 1 11 12 1 1 11 100 12 1 1 1 11 12 1 1 10 12 1 1 10 100 12 1 1 18 12 1 1 11 12 1 1 18 12 1 1 11 12 1 1 10 12 1 18 18 10 12 1 1 9 12 1 1 11 100 12 1 1 1 100 1 10 11 12 1 11 12 1 1 11 12 1 1 10 100 1 10 12 1 1 10 100 12 1 1 10 12 1 1 11 12 10 12 1 1 100 1 10 18 12 1 10 12 1 1 100 1 8 1 10 12 1 10 100 12 1 1 18 12 1 11 11 12 10 12 1 10 10 100 1 18 12 1 10 10 10 7 12 1 1 10 7 12 1 1 1 10 12 1 1 1 1 1 1 1 1 1 1 1 1 1 1 1 1 1 1 1 1 1 1 1 1 1 1 1 1 1 1 1 1 1 100 1 1 1 1 1 1 1 1 1 1 1 1 1 1 1 1 1 1 1 1 1 1 1 1 1 1 1 1 1 1 1 1 1 1 1 100 1 1 1 1 1 1 1 1 1 1 1 1 1 1 1 1 1 1 1 1 1 1 1 15 10 100 12 1 1 1 16 15 10 12 1 16 16 15 10 12 1 16 1 16 1 15 10 12 1 16 1 16 1 15 10 12 16 1 15 10 16 1 15 10 12 16 1 15 10 12 16 15 10 12 16 15 10 12 1 1 1 100 1 100 1 1
staticfield jdk/internal/module/Modules JLA Ljdk/internal/access/JavaLangAccess; java/lang/System$2
staticfield jdk/internal/module/Modules JLMA Ljdk/internal/access/JavaLangModuleAccess; java/lang/module/ModuleDescriptor$1
staticfield jdk/internal/module/Modules $assertionsDisabled Z 1
ciInstanceKlass jdk/internal/math/FloatingDecimal 1 1 491 100 1 7 1 100 1 10 100 12 1 1 1 10 12 1 1 11 7 12 1 1 1 10 12 1 11 12 1 1 10 12 1 1 11 7 12 1 1 1 11 12 1 1 9 12 1 1 10 7 12 1 1 1 7 1 10 12 1 10 7 12 1 1 1 5 0 5 0 5 0 9 12 1 1 9 12 1 9 12 1 9 12 1 9 12 1 10 100 12 1 1 1 5 0 10 12 1 1 10 12 1 1 10 12 1 1 10 100 12 1 1 1 3 3 3 10 100 12 1 1 3 10 7 12 1 1 10 12 1 1 100 1 8 1 10 12 1 10 12 1 1 9 12 1 1 8 1 10 12 1 1 9 12 1 1 9 12 1 8 1 9 12 1 9 12 1 10 12 1 8 1 3 9 12 1 9 12 1 7 1 10 12 1 100 1 100 1 10 8 1 10 12 1 1 8 1 10 12 1 9 100 12 1 1 1 10 100 12 1 1 1 10 100 12 1 1 1 10 12 1 1 8 1 10 12 1 1 10 12 1 1 8 1 8 1 10 12 1 1 5 0 10 12 1 5 0 5 0 5 0 5 0 100 1 8 1 10 12 1 5 0 5 0 5 0 5 0 8 1 5 0 5 0 5 0 5 0 9 12 1 1 10 10 12 1 1 5 0 5 0 5 0 10 12 1 1 7 1 10 12 1 10 12 1 10 12 1 10 100 12 1 1 1 8 1 10 12 1 10 7 12 1 1 7 1 10 12 1 8 1 10 12 1 7 1 10 6 0 4 6 0 4 6 0 4 6 0 4 1 1 3 1 1 1 5 0 1 3 1 3 1 3 1 3 1 3 1 3 1 3 1 3 1 1 3 1 3 1 3 1 3 1 3 1 1 1 1 1 1 1 1 1 1 1 1 1 1 1 1 1 1 1 1 1 1 1 1 1 1 1 1 1 1 1 1 1 1 1 1 1 1 1 1 1 1 1 1 1 1 1 1 1 1 1 1 1 1 1 1 1 1 1 100 1 1 1 1 1 1 1 1 1 1 1 1 1 1 1 1 1 1 1 1 1 1 1 1 1 1 1 1 1 1 1 1 1 1 1 1 1 1 1 1 1 1 1 1 1 1 1
staticfield jdk/internal/math/FloatingDecimal INFINITY_LENGTH I 8
staticfield jdk/internal/math/FloatingDecimal NAN_LENGTH I 3
staticfield jdk/internal/math/FloatingDecimal B2AC_POSITIVE_INFINITY Ljdk/internal/math/FloatingDecimal$BinaryToASCIIConverter; jdk/internal/math/FloatingDecimal$ExceptionalBinaryToASCIIBuffer
staticfield jdk/internal/math/FloatingDecimal B2AC_NEGATIVE_INFINITY Ljdk/internal/math/FloatingDecimal$BinaryToASCIIConverter; jdk/internal/math/FloatingDecimal$ExceptionalBinaryToASCIIBuffer
staticfield jdk/internal/math/FloatingDecimal B2AC_NOT_A_NUMBER Ljdk/internal/math/FloatingDecimal$BinaryToASCIIConverter; jdk/internal/math/FloatingDecimal$ExceptionalBinaryToASCIIBuffer
staticfield jdk/internal/math/FloatingDecimal B2AC_POSITIVE_ZERO Ljdk/internal/math/FloatingDecimal$BinaryToASCIIConverter; jdk/internal/math/FloatingDecimal$BinaryToASCIIBuffer
staticfield jdk/internal/math/FloatingDecimal B2AC_NEGATIVE_ZERO Ljdk/internal/math/FloatingDecimal$BinaryToASCIIConverter; jdk/internal/math/FloatingDecimal$BinaryToASCIIBuffer
staticfield jdk/internal/math/FloatingDecimal threadLocalBinaryToASCIIBuffer Ljava/lang/ThreadLocal; jdk/internal/math/FloatingDecimal$1
staticfield jdk/internal/math/FloatingDecimal A2BC_POSITIVE_INFINITY Ljdk/internal/math/FloatingDecimal$ASCIIToBinaryConverter; jdk/internal/math/FloatingDecimal$PreparedASCIIToBinaryBuffer
staticfield jdk/internal/math/FloatingDecimal A2BC_NEGATIVE_INFINITY Ljdk/internal/math/FloatingDecimal$ASCIIToBinaryConverter; jdk/internal/math/FloatingDecimal$PreparedASCIIToBinaryBuffer
staticfield jdk/internal/math/FloatingDecimal A2BC_NOT_A_NUMBER Ljdk/internal/math/FloatingDecimal$ASCIIToBinaryConverter; jdk/internal/math/FloatingDecimal$PreparedASCIIToBinaryBuffer
staticfield jdk/internal/math/FloatingDecimal A2BC_POSITIVE_ZERO Ljdk/internal/math/FloatingDecimal$ASCIIToBinaryConverter; jdk/internal/math/FloatingDecimal$PreparedASCIIToBinaryBuffer
staticfield jdk/internal/math/FloatingDecimal A2BC_NEGATIVE_ZERO Ljdk/internal/math/FloatingDecimal$ASCIIToBinaryConverter; jdk/internal/math/FloatingDecimal$PreparedASCIIToBinaryBuffer
staticfield jdk/internal/math/FloatingDecimal $assertionsDisabled Z 1
ciMethod jdk/internal/math/FloatingDecimal parseDouble (Ljava/lang/String;)D 32 0 1 0 -1
ciMethod jdk/internal/math/FloatingDecimal readJavaFormatString (Ljava/lang/String;)Ljdk/internal/math/FloatingDecimal$ASCIIToBinaryConverter; 32 72 1 0 -1
ciInstanceKlass jdk/internal/math/FloatingDecimal$ASCIIToBinaryConverter 1 0 16 100 1 100 1 1 1 1 1 1 1 1 100 1 1 1
ciMethod jdk/internal/math/FloatingDecimal$ASCIIToBinaryConverter doubleValue ()D 0 0 1 0 -1
ciMethod java/util/Arrays copyOfRange ([BII)[B 514 0 1 0 -1
ciMethod java/lang/Math max (II)I 522 0 1 0 -1
ciMethod java/lang/StringBuilder <init> ()V 524 0 1 0 -1
ciMethod java/lang/StringBuilder toString ()Ljava/lang/String; 530 0 1 0 -1
ciMethod java/lang/StringBuilder append (Ljava/lang/String;)Ljava/lang/StringBuilder; 514 0 1 0 -1
ciMethod java/lang/StringBuilder append (Ljava/lang/Object;)Ljava/lang/StringBuilder; 514 0 1 0 -1
ciMethod java/lang/String <init> ([BB)V 512 0 1 0 -1
ciMethod java/lang/String equals (Ljava/lang/Object;)Z 642 0 1 0 -1
ciMethod java/lang/String toString ()Ljava/lang/String; 530 0 1 0 -1
ciMethod java/lang/String indexOf (Ljava/lang/String;)I 514 0 1 0 -1
ciMethod java/lang/String valueOf (Ljava/lang/Object;)Ljava/lang/String; 512 0 1 0 -1
ciMethod java/lang/String startsWith (Ljava/lang/String;I)Z 518 3406 1 0 -1
ciMethod java/lang/String startsWith (Ljava/lang/String;)Z 512 0 1 0 -1
ciMethod java/lang/String split (Ljava/lang/String;)[Ljava/lang/String; 288 0 1 0 -1
ciMethod java/lang/String split (Ljava/lang/String;I)[Ljava/lang/String; 438 2048 1 0 -1
ciMethod java/lang/String contains (Ljava/lang/CharSequence;)Z 528 0 1 0 -1
ciMethod java/util/ArrayList <init> (I)V 792 0 1 0 -1
ciMethod java/lang/Object <init> ()V 2056 0 1 0 -1
instanceKlass org/apache/coyote/http11/HeadersTooLargeException
instanceKlass java/nio/channels/WritePendingException
instanceKlass java/nio/channels/ReadPendingException
instanceKlass io/netty/util/IllegalReferenceCountException
instanceKlass org/springframework/cloud/client/loadbalancer/reactive/RetryableStatusCodeException
instanceKlass reactor/core/publisher/Sinks$EmissionException
instanceKlass io/netty/util/concurrent/BlockingOperationException
instanceKlass org/apache/catalina/session/TooManyActiveSessionsException
instanceKlass java/nio/InvalidMarkException
instanceKlass java/nio/channels/ConnectionPendingException
instanceKlass java/nio/channels/NotYetConnectedException
instanceKlass com/alibaba/nacos/shaded/io/grpc/netty/shaded/io/netty/util/IllegalReferenceCountException
instanceKlass com/alibaba/nacos/shaded/io/grpc/netty/shaded/io/netty/util/concurrent/BlockingOperationException
instanceKlass java/util/concurrent/CancellationException
instanceKlass java/nio/channels/CancelledKeyException
instanceKlass org/springframework/context/annotation/ConflictingBeanDefinitionException
instanceKlass org/springframework/beans/factory/support/ImplicitlyAppearedSingletonException
instanceKlass org/springframework/core/env/MissingRequiredPropertiesException
ciInstanceKlass java/lang/IllegalStateException 1 1 35 10 7 12 1 1 1 10 12 1 10 12 1 10 12 1 100 1 1 1 1 5 0 1 1 1 1 1 1 1 1 1 1 1 1
instanceKlass io/lettuce/core/DefaultConnectionFuture
instanceKlass io/lettuce/core/protocol/AsyncCommand
instanceKlass org/springframework/util/concurrent/DelegatingCompletableFuture
instanceKlass org/springframework/core/ReactiveAdapterRegistry$EmptyCompletableFuture
ciInstanceKlass java/util/concurrent/CompletableFuture 1 1 1071 9 7 12 1 1 1 10 7 12 1 1 1 9 12 1 1 9 12 1 10 12 1 1 9 12 1 10 12 1 10 12 1 1 9 12 1 1 10 12 1 7 1 7 1 10 12 1 1 10 10 12 1 1 9 12 1 1 10 12 1 10 12 1 1 100 1 10 12 1 100 1 10 100 12 1 1 1 100 1 10 9 12 1 1 10 7 12 1 1 1 9 12 1 1 100 1 10 9 7 12 1 1 10 12 1 1 10 12 1 10 12 1 1 10 12 1 1 10 12 1 10 12 1 9 12 1 1 10 12 1 10 12 1 10 12 1 10 12 1 1 10 12 1 1 7 1 10 12 1 10 12 1 11 100 12 1 1 1 11 7 12 1 1 10 12 1 10 12 1 1 7 1 10 12 1 11 7 12 1 1 1 10 12 1 1 7 1 10 12 1 11 100 12 1 1 10 7 12 1 1 11 7 12 1 1 10 12 1 1 10 12 1 10 12 1 1 10 12 1 10 12 1 1 10 7 1 11 7 12 1 1 10 12 1 10 12 1 10 12 1 10 12 1 1 10 100 1 10 10 12 1 1 100 1 10 7 1 11 12 1 7 1 10 12 1 100 1 10 12 10 7 1 10 7 1 10 12 1 10 100 1 10 12 1 1 10 100 1 10 12 1 10 12 1 1 10 12 1 1 10 100 1 10 12 1 10 12 1 10 12 1 1 10 100 1 10 12 1 10 12 1 1 10 10 12 1 1 7 1 10 12 1 10 12 1 100 1 10 12 1 10 12 1 100 1 10 12 1 100 1 10 100 1 10 12 1 100 1 10 12 1 10 7 12 1 1 7 1 10 12 1 10 12 1 1 7 1 10 12 1 1 10 12 1 1 9 12 9 12 1 1 10 12 1 1 10 12 1 10 7 12 1 1 1 9 12 1 1 100 1 10 10 7 1 10 12 1 1 10 12 1 1 10 12 1 1 10 12 1 1 10 10 12 1 1 10 12 1 10 7 12 1 1 1 10 12 1 1 10 12 1 10 12 1 1 10 12 1 1 10 12 1 10 12 1 1 10 12 1 1 10 12 1 1 10 12 1 1 10 12 1 1 10 12 1 10 12 1 10 12 1 1 10 12 1 1 10 12 1 10 12 1 10 12 1 1 10 100 12 1 1 1 100 1 10 12 1 10 10 12 1 100 1 10 10 12 1 1 10 12 1 1 8 1 8 1 10 12 1 8 1 10 8 1 10 12 1 8 1 8 1 10 12 1 1 10 12 1 1 100 1 100 1 10 12 1 10 100 12 1 1 1 10 12 1 10 12 1 1 100 1 10 12 100 1 10 12 1 10 12 1 1 10 12 1 10 12 1 10 12 1 10 12 10 12 1 10 12 1 1 10 12 10 12 1 1 10 12 1 10 12 1 10 12 1 10 12 10 12 1 10 12 1 1 10 12 1 10 12 1 10 12 1 1 10 12 1 10 12 1 10 12 1 1 10 12 1 10 12 1 10 12 1 10 12 10 12 1 10 12 1 1 10 12 1 10 12 1 10 12 1 1 10 12 1 10 12 1 10 12 1 1 10 12 1 10 12 1 10 12 1 1 10 12 1 10 12 1 10 12 1 10 12 10 12 1 10 12 1 1 100 1 10 10 7 12 1 1 1 8 10 7 12 1 1 1 8 8 100 1 100 1 10 7 1 100 1 1 1 1 3 1 3 1 3 1 1 1 1 1 1 1 1 1 1 1 1 1 1 1 1 1 1 1 1 1 1 1 1 1 1 1 1 1 1 1 1 1 1 1 1 1 1 1 1 1 1 1 1 1 1 1 1 1 1 1 1 1 1 1 1 1 1 1 1 1 1 1 1 1 1 1 1 1 1 1 1 1 1 1 1 1 1 1 1 1 1 1 1 1 1 1 1 1 1 1 1 1 1 1 1 1 1 1 1 1 1 1 1 1 1 1 1 1 1 1 1 1 1 1 1 1 1 1 1 1 1 1 1 1 1 1 1 1 1 1 1 1 1 1 1 1 1 1 1 1 1 1 1 1 1 1 1 1 1 1 1 1 1 1 1 1 1 1 1 1 1 1 1 1 1 1 1 1 1 1 1 1 1 1 1 1 1 1 1 1 1 1 1 1 1 1 1 1 1 1 1 1 1 1 1 1 1 1 1 1 1 1 1 1 1 1 1 1 1 1 100 1 1 1 1 1 1 1 1 1 1 1 1 1 1 1 1 1 1 1 1 1 1 1 1 1 1 1 1 1 1 1 1 1 1 1 1 1 1 1 1 1 1 1 1 1 1 1 1 1 1 1 1 1 1 1 100 1 100 1 100 1 100 1 1 1 1 1 1 1 1 1 1 1 1 1 1 1 1 1 1 1 1 1 1 1 1 1 1 100 1 1 1 1 1 1 1 1 1 1 1 1 1 1
staticfield java/util/concurrent/CompletableFuture NIL Ljava/util/concurrent/CompletableFuture$AltResult; java/util/concurrent/CompletableFuture$AltResult
staticfield java/util/concurrent/CompletableFuture USE_COMMON_POOL Z 1
staticfield java/util/concurrent/CompletableFuture ASYNC_POOL Ljava/util/concurrent/Executor; java/util/concurrent/ForkJoinPool
staticfield java/util/concurrent/CompletableFuture RESULT Ljava/lang/invoke/VarHandle; java/lang/invoke/VarHandleReferences$FieldInstanceReadWrite
staticfield java/util/concurrent/CompletableFuture STACK Ljava/lang/invoke/VarHandle; java/lang/invoke/VarHandleReferences$FieldInstanceReadWrite
staticfield java/util/concurrent/CompletableFuture NEXT Ljava/lang/invoke/VarHandle; java/lang/invoke/VarHandleReferences$FieldInstanceReadWrite
ciInstanceKlass io/netty/util/CharsetUtil 1 1 159 1 7 1 100 1 1 1 1 1 1 1 1 1 1 1 1 12 9 1 1 1 1 12 10 1 1 8 1 7 1 1 12 10 1 7 1 1 12 10 1 7 1 1 12 10 1 12 10 1 1 1 1 1 1 12 10 1 1 7 1 1 12 10 1 1 12 10 1 7 1 12 11 1 12 10 1 7 1 12 9 1 1 12 11 1 1 1 1 1 1 12 10 1 1 1 12 10 1 100 1 12 10 12 10 1 1 1 12 10 1 12 10 12 10 1 1 1 12 10 1 1 1 1 8 1 1 12 10 12 9 1 8 12 9 1 8 12 9 1 8 12 9 1 8 12 9 1 8 12 9 1 1 1 1 1 1 1 1
staticfield io/netty/util/CharsetUtil UTF_16 Ljava/nio/charset/Charset; sun/nio/cs/UTF_16
staticfield io/netty/util/CharsetUtil UTF_16BE Ljava/nio/charset/Charset; sun/nio/cs/UTF_16BE
staticfield io/netty/util/CharsetUtil UTF_16LE Ljava/nio/charset/Charset; sun/nio/cs/UTF_16LE
staticfield io/netty/util/CharsetUtil UTF_8 Ljava/nio/charset/Charset; sun/nio/cs/UTF_8
staticfield io/netty/util/CharsetUtil ISO_8859_1 Ljava/nio/charset/Charset; sun/nio/cs/ISO_8859_1
staticfield io/netty/util/CharsetUtil US_ASCII Ljava/nio/charset/Charset; sun/nio/cs/US_ASCII
staticfield io/netty/util/CharsetUtil CHARSETS [Ljava/nio/charset/Charset; 6 [Ljava/nio/charset/Charset;
ciInstanceKlass io/netty/channel/Channel 1 0 50 100 100 100 100 100 100 1 1 1 1 1 1 1 1 1 1 1 1 1 1 1 1 1 1 1 1 1 1 1 1 1 1 1 1 1 1 1 1 1 1 1 1 1 1 1 1 1 1 1
ciInstanceKlass org/redisson/client/protocol/Decoder 1 0 15 100 1 100 1 1 1 1 100 1 1 1 1 1 1
instanceKlass org/redisson/client/RedisReadonlyException
instanceKlass org/redisson/client/RedisWrongPasswordException
instanceKlass org/redisson/client/RedisAuthRequiredException
instanceKlass org/redisson/client/RedisOutOfMemoryException
instanceKlass org/redisson/client/RedisRetryException
instanceKlass org/redisson/client/RedisRedirectException
instanceKlass org/redisson/client/RedisTimeoutException
instanceKlass org/redisson/client/RedisNodeNotFoundException
instanceKlass org/redisson/client/RedisConnectionException
instanceKlass org/redisson/RedissonShutdownException
ciInstanceKlass org/redisson/client/RedisException 0 0 34 10 100 12 1 1 1 10 12 1 10 12 1 10 12 1 100 1 1 1 1 5 0 1 1 1 1 1 1 1 1 1 1 1
ciInstanceKlass org/redisson/misc/RedisURI 1 1 227 10 7 12 1 1 1 8 1 10 7 12 1 1 1 9 7 12 1 1 1 9 12 1 1 9 12 1 1 8 1 10 12 1 1 8 1 100 1 8 1 10 12 1 8 1 10 12 1 1 8 1 10 12 1 1 7 1 10 10 12 1 1 10 12 1 10 12 1 1 9 12 1 9 12 1 10 12 1 10 12 1 1 100 1 10 12 1 8 1 10 12 1 1 7 1 10 8 1 10 12 1 1 10 12 1 1 10 12 1 10 12 1 10 12 1 8 1 10 12 1 1 8 1 8 1 10 12 1 1 8 1 10 7 12 1 1 1 10 12 1 10 12 1 10 10 12 1 10 7 12 1 1 10 12 1 1 10 7 12 1 1 10 10 10 12 1 1 10 7 12 1 1 10 7 12 1 1 1 10 7 12 1 1 10 12 1 1 10 12 1 10 12 1 1 1 1 1 1 1 1 1 1 1 1 1 1 1 1 1 100 1 1 1 1 1 1 1 1 1 1 1 1 1 1 1 1
instanceKlass io/netty/buffer/SwappedByteBuf
instanceKlass io/netty/handler/codec/ReplayingDecoderByteBuf
instanceKlass io/netty/buffer/WrappedByteBuf
instanceKlass io/netty/buffer/EmptyByteBuf
instanceKlass io/netty/buffer/AbstractByteBuf
ciInstanceKlass io/netty/buffer/ByteBuf 1 1 302 10 10 10 10 10 10 10 10 10 10 10 10 10 10 10 10 10 10 10 100 10 7 100 100 100 1 1 1 1 1 1 1 1 1 1 1 1 1 1 1 1 1 1 1 1 1 1 1 1 1 1 1 1 1 1 1 1 1 1 1 1 1 1 1 1 1 1 1 1 1 1 1 1 1 1 1 1 1 1 1 1 1 1 1 1 1 1 1 1 1 1 1 1 1 1 1 1 1 1 1 1 1 1 1 1 1 1 1 1 1 100 1 1 1 1 1 1 1 1 1 1 1 1 1 1 1 1 1 1 1 1 1 1 1 1 1 1 1 1 1 1 1 1 1 1 1 1 1 1 1 1 1 1 1 1 1 1 1 1 1 1 1 1 1 1 1 1 1 1 1 1 1 1 1 1 1 1 1 1 1 1 1 1 1 1 1 1 1 1 1 1 1 1 1 1 1 1 1 1 1 1 1 1 1 1 1 1 1 1 1 1 1 1 1 1 1 1 1 1 1 1 1 1 1 1 1 1 1 1 1 1 1 1 1 1 1 1 1 1 1 1 1 1 1 1 1 1 1 1 1 1 1 1 1 1 1 1 1 1 1 1 1 1 12 12 12 100 12 12 100 12 12 12 12 12 12 12 12 12 12 12 12 12 12 1 12 1 1 1 1 1 1 1 1 1 1 1 1 1 1 1
ciInstanceKlass org/redisson/client/protocol/CommandData 1 1 161 10 7 12 1 1 1 10 7 12 1 1 9 12 1 1 9 12 1 1 9 12 1 1 9 12 1 1 9 12 1 1 10 7 12 1 1 1 100 1 10 12 1 1 100 1 10 12 1 1 10 12 1 10 12 1 1 100 1 10 8 1 10 12 1 1 10 12 1 8 1 8 1 10 100 12 1 1 1 8 1 8 1 10 12 1 9 7 12 1 1 1 10 12 1 1 10 7 12 1 1 11 7 12 1 1 1 10 7 12 1 1 1 10 12 1 1 10 12 1 100 1 1 1 1 1 1 1 1 1 1 1 1 1 1 1 1 1 1 1 1 1 1 1 1 1 1 1 1 1 1 1 1 1 1 1 1 1 1 1 1
instanceKlass org/redisson/client/handler/CommandDecoder
ciInstanceKlass io/netty/handler/codec/ReplayingDecoder 1 1 198 10 10 7 10 9 9 9 10 10 10 10 10 9 10 9 10 10 7 9 10 10 11 10 11 11 10 10 100 100 10 10 10 10 8 10 10 10 8 10 100 10 7 8 10 7 1 1 1 1 1 1 1 1 1 1 1 1 1 1 1 1 1 1 1 1 1 1 1 1 1 1 1 1 1 1 1 1 1 1 1 1 1 100 1 1 1 1 1 1 1 1 1 1 1 1 1 100 100 100 100 100 100 100 1 1 1 1 1 12 12 1 12 12 12 12 7 12 12 12 12 12 12 100 12 12 12 1 12 12 12 7 12 12 12 7 12 12 12 1 1 100 12 100 12 12 1 12 12 12 1 12 1 12 1 12 1 1 1 1 1 1 1 1 1 1 1 1 1 1 1 1 1 1 1 1 1 1 1 1 1 1 1 1 1 1 1 1 1 1 1 1 1 1 1 1 1 1
staticfield io/netty/handler/codec/ReplayingDecoder REPLAY Lio/netty/util/Signal; io/netty/util/Signal
instanceKlass org/redisson/client/handler/CommandPubSubDecoder
ciInstanceKlass org/redisson/client/handler/CommandDecoder 1 1 744 10 7 12 1 1 1 10 7 12 1 1 1 10 7 12 1 1 1 9 7 12 1 1 1 9 12 1 1 11 7 12 1 1 1 9 7 12 1 1 1 11 7 12 1 1 1 11 7 12 1 1 1 7 1 11 12 1 7 1 10 12 1 1 10 12 1 10 12 1 7 1 10 10 12 1 10 7 12 1 1 1 10 12 1 10 12 1 1 10 12 1 1 100 1 10 12 1 10 12 1 1 11 7 12 1 1 1 11 12 1 10 12 1 1 100 1 3 3 10 12 1 1 7 1 10 12 1 1 11 7 12 1 1 10 12 1 10 12 1 1 11 100 12 1 1 10 12 1 1 10 12 1 1 10 12 1 11 7 12 1 1 8 1 9 7 12 1 1 1 10 12 1 1 11 12 1 1 10 12 1 1 10 12 1 1 10 12 1 10 12 1 10 12 10 12 1 1 5 0 5 0 100 1 8 1 10 12 1 10 12 1 1 7 1 10 12 1 10 12 1 8 1 10 100 12 1 1 11 12 1 10 12 1 1 10 12 1 1 10 12 1 1 10 7 12 1 1 8 1 11 12 1 10 12 1 10 12 1 10 12 1 1 11 12 1 10 12 1 10 12 1 10 12 1 9 100 12 1 1 1 10 7 12 1 1 1 10 100 12 1 1 1 9 12 1 1 10 100 1 9 12 1 10 12 1 10 10 10 12 1 10 12 1 11 12 1 1 11 100 12 1 1 11 12 1 10 12 1 1 9 12 1 10 12 1 10 10 12 1 1 10 12 1 10 12 1 10 12 1 1 10 12 1 1 100 1 6 0 10 12 1 1 8 1 10 12 1 8 1 10 12 1 1 8 1 10 12 1 1 10 12 1 10 12 1 100 1 100 1 100 1 10 10 12 1 1 8 1 10 12 10 10 12 1 8 1 100 1 10 8 1 100 1 8 1 10 12 1 8 1 10 8 1 100 1 10 8 1 100 1 8 1 10 8 1 10 12 1 1 8 1 100 1 10 8 1 100 1 10 8 1 100 1 10 8 1 100 1 10 8 100 1 10 8 1 100 1 10 100 1 8 1 10 10 12 1 1 10 100 12 1 1 10 12 1 1 10 12 1 1 11 100 12 1 1 100 1 10 100 12 1 1 1 10 12 10 12 1 10 12 1 1 10 12 1 100 1 8 1 10 8 1 11 12 1 10 12 1 1 11 100 12 1 1 10 12 1 1 10 12 1 1 11 7 12 1 1 11 12 1 11 12 1 8 1 11 12 1 10 12 1 1 9 100 12 1 1 1 10 12 1 1 10 100 12 1 1 1 18 12 1 1 10 12 1 1 10 12 1 10 12 1 10 12 1 1 11 12 1 1 10 12 1 100 1 8 1 10 12 1 8 1 10 5 0 8 1 1 1 1 3 1 3 1 3 1 1 1 1 1 1 1 1 1 1 1 1 1 1 1 1 1 1 1 1 1 1 1 1 1 1 1 1 1 1 1 1 1 1 1 1 1 1 1 1 1 1 1 1 1 1 1 1 1 1 1 1 1 1 1 1 1 1 1 1 1 1 100 1 1 1 1 1 1 1 1 1 1 1 1 1 1 1 1 1 1 1 1 1 1 1 1 1 1 1 1 1 1 1 1 1 1 1 1 1 1 16 15 16 1 15 10 100 12 1 1 1 1 100 1 100 1 1
ciInstanceKlass org/redisson/client/RedisMovedException 0 0 25 10 100 12 1 1 1 100 1 1 1 1 5 0 1 1 1 1 1 1 1 1 1 1 1
ciInstanceKlass org/redisson/client/RedisAskException 0 0 25 10 100 12 1 1 1 100 1 1 1 1 5 0 1 1 1 1 1 1 1 1 1 1 1
ciInstanceKlass org/redisson/client/RedisTryAgainException 0 0 23 10 100 12 1 1 1 100 1 1 1 1 5 0 1 1 1 1 1 1 1 1 1
ciInstanceKlass org/redisson/client/RedisLoadingException 0 0 23 10 100 12 1 1 1 100 1 1 1 1 5 0 1 1 1 1 1 1 1 1 1
ciInstanceKlass org/redisson/client/RedisOutOfMemoryException 0 0 23 10 100 12 1 1 1 100 1 1 1 1 5 0 1 1 1 1 1 1 1 1 1
ciInstanceKlass org/redisson/client/RedisAuthRequiredException 0 0 23 10 100 12 1 1 1 100 1 1 1 1 5 0 1 1 1 1 1 1 1 1 1
ciInstanceKlass org/redisson/client/RedisWrongPasswordException 0 0 23 10 100 12 1 1 1 100 1 1 1 1 5 0 1 1 1 1 1 1 1 1 1
ciInstanceKlass org/redisson/client/RedisClusterDownException 0 0 23 10 100 12 1 1 1 100 1 1 1 1 5 0 1 1 1 1 1 1 1 1 1
ciInstanceKlass org/redisson/client/RedisBusyException 0 0 23 10 100 12 1 1 1 100 1 1 1 1 5 0 1 1 1 1 1 1 1 1 1
ciInstanceKlass org/redisson/client/RedisWaitException 0 0 23 10 100 12 1 1 1 100 1 1 1 1 5 0 1 1 1 1 1 1 1 1 1
ciInstanceKlass org/redisson/client/RedisReadonlyException 0 0 23 10 100 12 1 1 1 100 1 1 1 1 5 0 1 1 1 1 1 1 1 1 1
ciInstanceKlass org/redisson/client/handler/State 1 1 61 10 7 12 1 1 1 9 7 12 1 1 1 9 12 1 1 9 12 1 100 1 10 8 1 10 12 1 1 10 12 1 8 1 8 1 10 12 1 1 1 1 1 1 1 1 1 1 1 1 1 1 1 1 1 1 1 1 1 1 1
ciMethod java/lang/IllegalStateException <init> (Ljava/lang/String;)V 4 0 1 0 -1
ciMethod java/util/concurrent/CompletableFuture completeExceptionally (Ljava/lang/Throwable;)Z 2 0 1 0 -1
ciMethod org/redisson/client/protocol/Decoder decode (Lio/netty/buffer/ByteBuf;Lorg/redisson/client/handler/State;)Ljava/lang/Object; 0 0 1 0 -1
ciMethod org/redisson/client/RedisException <init> (Ljava/lang/String;)V 0 0 1 0 -1
ciMethod org/redisson/misc/RedisURI <init> (Ljava/lang/String;)V 166 0 1 0 -1
ciMethod io/netty/buffer/ByteBuf readerIndex ()I 0 0 1 0 -1
ciMethod io/netty/buffer/ByteBuf writerIndex ()I 0 0 1 0 -1
ciMethod io/netty/buffer/ByteBuf readByte ()B 0 0 1 0 -1
ciMethod io/netty/buffer/ByteBuf skipBytes (I)Lio/netty/buffer/ByteBuf; 0 0 1 0 -1
ciMethod io/netty/buffer/ByteBuf bytesBefore (B)I 0 0 1 0 -1
ciMethod io/netty/buffer/ByteBuf toString (IILjava/nio/charset/Charset;)Ljava/lang/String; 0 0 1 0 -1
ciMethod org/redisson/client/protocol/CommandData tryFailure (Ljava/lang/Throwable;)Z 0 0 1 0 -1
ciMethod org/redisson/client/protocol/CommandData toString ()Ljava/lang/String; 0 0 1 0 -1
ciMethod org/redisson/client/handler/CommandDecoder decode (Lio/netty/buffer/ByteBuf;Lorg/redisson/client/protocol/CommandData;Ljava/util/List;Lio/netty/channel/Channel;ZLjava/util/List;)V 778 0 1 0 -1
ciMethod org/redisson/client/handler/CommandDecoder onError (Lio/netty/channel/Channel;Ljava/lang/String;)V 0 0 1 0 -1
ciMethod org/redisson/client/handler/CommandDecoder readString (Lio/netty/buffer/ByteBuf;)Ljava/lang/String; 772 0 1 0 -1
ciMethod org/redisson/client/handler/CommandDecoder decodeList (Lio/netty/buffer/ByteBuf;Lorg/redisson/client/protocol/CommandData;Ljava/util/List;Lio/netty/channel/Channel;JLjava/util/List;ZLjava/util/List;)V 0 0 1 0 -1
ciMethod org/redisson/client/handler/CommandDecoder handleResult (Lorg/redisson/client/protocol/CommandData;Ljava/util/List;Ljava/lang/Object;Z)V 756 0 1 0 -1
ciMethod org/redisson/client/handler/CommandDecoder selectDecoder (Lorg/redisson/client/protocol/CommandData;Ljava/util/List;)Lorg/redisson/client/protocol/Decoder; 0 0 1 0 -1
ciMethod org/redisson/client/handler/CommandDecoder readBytes (Lio/netty/buffer/ByteBuf;)Lio/netty/buffer/ByteBuf; 0 0 1 0 -1
ciMethod org/redisson/client/handler/CommandDecoder readCRLF (Lio/netty/buffer/ByteBuf;)V 0 0 1 0 -1
ciMethod org/redisson/client/handler/CommandDecoder readLong (Lio/netty/buffer/ByteBuf;)J 0 0 1 0 -1
ciMethod io/netty/handler/codec/ReplayingDecoder state ()Ljava/lang/Object; 284 0 1 0 -1
ciMethod org/redisson/client/RedisMovedException <init> (ILorg/redisson/misc/RedisURI;)V 0 0 1 0 -1
ciMethod org/redisson/client/RedisAskException <init> (ILorg/redisson/misc/RedisURI;)V 0 0 1 0 -1
ciMethod org/redisson/client/RedisTryAgainException <init> (Ljava/lang/String;)V 0 0 1 0 -1
ciMethod org/redisson/client/RedisLoadingException <init> (Ljava/lang/String;)V 0 0 1 0 -1
ciMethod org/redisson/client/RedisOutOfMemoryException <init> (Ljava/lang/String;)V 0 0 1 0 -1
ciMethod org/redisson/client/RedisAuthRequiredException <init> (Ljava/lang/String;)V 0 0 1 0 -1
ciMethod org/redisson/client/RedisWrongPasswordException <init> (Ljava/lang/String;)V 0 0 1 0 -1
ciMethod org/redisson/client/RedisClusterDownException <init> (Ljava/lang/String;)V 0 0 1 0 -1
ciMethod org/redisson/client/RedisBusyException <init> (Ljava/lang/String;)V 0 0 1 0 -1
ciMethod org/redisson/client/RedisWaitException <init> (Ljava/lang/String;)V 0 0 1 0 -1
ciMethod org/redisson/client/RedisReadonlyException <init> (Ljava/lang/String;)V 0 0 1 0 -1
ciMethod org/redisson/client/handler/State incLevel ()V 0 0 1 0 -1
ciMethod org/redisson/client/handler/State decLevel ()V 0 0 1 0 -1
compile org/redisson/client/handler/CommandDecoder decode (Lio/netty/buffer/ByteBuf;Lorg/redisson/client/protocol/CommandData;Ljava/util/List;Lio/netty/channel/Channel;ZLjava/util/List;)V -1 1
